<?xml version="1.0" encoding="UTF-8"?>
<gpx xmlns="http://www.topografix.com/GPX/1/1" xmlns:xsi="http://www.w3.org/2001/XMLSchema-instance" xsi:schemaLocation="http://www.topografix.com/GPX/1/1 http://www.topografix.com/GPX/1/1/gpx.xsd" version="1.1" creator="gpx.py -- https://github.com/tkrajina/gpxpy">
  <wpt lat="43.164269998669624" lon="-71.79717997089028">
    <ele>172.8</ele>
    <name>START CLIMB 237W ~22m32s peak 340W</name>
    <desc>0.0 km</desc>
    <sym>Flag, Green</sym>
  </wpt>
  <wpt lat="43.146181935444474" lon="-71.80137645453215">
    <ele>370.87</ele>
    <name>SUMMIT | 150W</name>
    <desc>2.8 km</desc>
    <sym>Flag, White</sym>
  </wpt>
  <wpt lat="43.122888542711735" lon="-71.77740865387022">
    <ele>311.57</ele>
    <name>DESCEND coast ~3m00s</name>
    <desc>6.2 km</desc>
    <sym>Flag, Red</sym>
  </wpt>
  <wpt lat="43.10812281444669" lon="-71.77035511471331">
    <ele>191.98</ele>
    <name>CLIMB 227W ~6m39s peak 282W</name>
    <desc>8.3 km</desc>
    <sym>Flag, Blue</sym>
  </wpt>
  <wpt lat="43.101729936897755" lon="-71.76947996020317">
    <ele>255.5</ele>
    <name>SUMMIT | 150W</name>
    <desc>9.0 km</desc>
    <sym>Flag, White</sym>
  </wpt>
  <wpt lat="43.134282566607" lon="-71.80226560682058">
    <ele>309.77</ele>
    <name>CLIMB 220W ~8m07s peak 252W</name>
    <desc>22.5 km</desc>
    <sym>Flag, Blue</sym>
  </wpt>
  <wpt lat="43.13739292323589" lon="-71.80956431664526">
    <ele>398.83</ele>
    <name>SUMMIT | 150W</name>
    <desc>23.3 km</desc>
    <sym>Flag, White</sym>
  </wpt>
  <wpt lat="43.14592754468322" lon="-71.81715454906225">
    <ele>325.53</ele>
    <name>CLIMB 189W ~4m24s peak 283W</name>
    <desc>24.6 km</desc>
    <sym>Flag, Blue</sym>
  </wpt>
  <wpt lat="43.1434487644583" lon="-71.8274078797549">
    <ele>352.04</ele>
    <name>SUMMIT | 150W</name>
    <desc>25.5 km</desc>
    <sym>Flag, White</sym>
  </wpt>
  <wpt lat="43.11186877079308" lon="-71.83404156938195">
    <ele>261.34</ele>
    <name>CLIMB 199W ~13m00s peak 298W</name>
    <desc>29.5 km</desc>
    <sym>Flag, Blue</sym>
  </wpt>
  <wpt lat="43.10657987371087" lon="-71.8563759047538">
    <ele>346.69</ele>
    <name>SUMMIT | 150W</name>
    <desc>31.6 km</desc>
    <sym>Flag, White</sym>
  </wpt>
  <wpt lat="43.10543096624315" lon="-71.8648948520422">
    <ele>322.41</ele>
    <name>DESCEND coast ~3m01s</name>
    <desc>32.3 km</desc>
    <sym>Flag, Red</sym>
  </wpt>
  <wpt lat="43.115912117064" lon="-71.87661342322826">
    <ele>169.71</ele>
    <name>CLIMB 213W ~11m00s peak 270W</name>
    <desc>36.6 km</desc>
    <sym>Flag, Blue</sym>
  </wpt>
  <wpt lat="43.12477849423885" lon="-71.8691551219672">
    <ele>273.62</ele>
    <name>SUMMIT | 150W</name>
    <desc>37.9 km</desc>
    <sym>Flag, White</sym>
  </wpt>
  <wpt lat="43.13864668831229" lon="-71.86650115996599">
    <ele>236.07</ele>
    <name>CLIMB 222W ~1m42s peak 259W</name>
    <desc>39.5 km</desc>
    <sym>Flag, Blue</sym>
  </wpt>
  <wpt lat="43.13999868929386" lon="-71.8650880549103">
    <ele>255.92</ele>
    <name>SUMMIT | 150W</name>
    <desc>39.7 km</desc>
    <sym>Flag, White</sym>
  </wpt>
  <wpt lat="43.1594810821116" lon="-71.82433121837676">
    <ele>202.22</ele>
    <name>CLIMB 209W ~11m08s peak 270W</name>
    <desc>43.9 km</desc>
    <sym>Flag, Blue</sym>
  </wpt>
  <wpt lat="43.15323078073561" lon="-71.81503585539758">
    <ele>305.45</ele>
    <name>SUMMIT | 150W</name>
    <desc>45.2 km</desc>
    <sym>Flag, White</sym>
  </wpt>
  <wpt lat="43.16232992336154" lon="-71.79564993828535">
    <ele>190.35</ele>
    <name>FINISH</name>
    <desc>48.4 km</desc>
    <sym>Flag, Green</sym>
  </wpt>
  <trk>
    <name>2026 PEG- Light</name>
    <trkseg>
      <trkpt lat="43.164269998669624" lon="-71.79717997089028">
        <ele>172.8</ele>
      </trkpt>
      <trkpt lat="43.16423999145627" lon="-71.79727996699512">
        <ele>173.01</ele>
      </trkpt>
      <trkpt lat="43.164234375581145" lon="-71.79731274023652">
        <ele>173.08</ele>
      </trkpt>
      <trkpt lat="43.16421392373741" lon="-71.79743276908994">
        <ele>173.36</ele>
      </trkpt>
      <trkpt lat="43.16418341360986" lon="-71.79761172272265">
        <ele>173.85</ele>
      </trkpt>
      <trkpt lat="43.16416866146028" lon="-71.79769814014435">
        <ele>173.81</ele>
      </trkpt>
      <trkpt lat="43.16406765952706" lon="-71.79828998632729">
        <ele>174.76</ele>
      </trkpt>
      <trkpt lat="43.16402734257281" lon="-71.79852652363479">
        <ele>175.16</ele>
      </trkpt>
      <trkpt lat="43.16401996649802" lon="-71.79856994189322">
        <ele>175.25</ele>
      </trkpt>
      <trkpt lat="43.16401418298483" lon="-71.7986470554024">
        <ele>175.41</ele>
      </trkpt>
      <trkpt lat="43.16400974057615" lon="-71.79870715364814">
        <ele>175.55</ele>
      </trkpt>
      <trkpt lat="43.164000771939754" lon="-71.79882735013962">
        <ele>175.87</ele>
      </trkpt>
      <trkpt lat="43.16399624571204" lon="-71.7988886218518">
        <ele>176.05</ele>
      </trkpt>
      <trkpt lat="43.16399171948433" lon="-71.79894872009754">
        <ele>176.26</ele>
      </trkpt>
      <trkpt lat="43.163982667028904" lon="-71.7990701738745">
        <ele>176.74</ele>
      </trkpt>
      <trkpt lat="43.16397822462022" lon="-71.79913027212024">
        <ele>177.03</ele>
      </trkpt>
      <trkpt lat="43.1639691721648" lon="-71.7992517258972">
        <ele>177.66</ele>
      </trkpt>
      <trkpt lat="43.163960203528404" lon="-71.79937192238867">
        <ele>178.34</ele>
      </trkpt>
      <trkpt lat="43.16395123489201" lon="-71.79949337616563">
        <ele>179.1</ele>
      </trkpt>
      <trkpt lat="43.163949977606535" lon="-71.79950997233391">
        <ele>179.21</ele>
      </trkpt>
      <trkpt lat="43.16395073197782" lon="-71.79955364204943">
        <ele>179.52</ele>
      </trkpt>
      <trkpt lat="43.163954922929406" lon="-71.79979654960334">
        <ele>181.31</ele>
      </trkpt>
      <trkpt lat="43.1639570184052" lon="-71.79991850629449">
        <ele>182.15</ele>
      </trkpt>
      <trkpt lat="43.16395802423358" lon="-71.79997893981636">
        <ele>182.52</ele>
      </trkpt>
      <trkpt lat="43.16395911388099" lon="-71.80004054680467">
        <ele>182.86</ele>
      </trkpt>
      <trkpt lat="43.16395995207131" lon="-71.80008991621435">
        <ele>183.14</ele>
      </trkpt>
      <trkpt lat="43.16396154463291" lon="-71.80010072886944">
        <ele>183.14</ele>
      </trkpt>
      <trkpt lat="43.16397034563124" lon="-71.80015998892486">
        <ele>183.38</ele>
      </trkpt>
      <trkpt lat="43.163979314267635" lon="-71.8002203386277">
        <ele>183.56</ele>
      </trkpt>
      <trkpt lat="43.163988031446934" lon="-71.80027959868312">
        <ele>183.69</ele>
      </trkpt>
      <trkpt lat="43.163996832445264" lon="-71.80033877491951">
        <ele>183.77</ele>
      </trkpt>
      <trkpt lat="43.16400580108166" lon="-71.80039920844138">
        <ele>183.83</ele>
      </trkpt>
      <trkpt lat="43.164023319259286" lon="-71.80051764473319">
        <ele>183.86</ele>
      </trkpt>
      <trkpt lat="43.1640399992466" lon="-71.80062996223569">
        <ele>183.83</ele>
      </trkpt>
      <trkpt lat="43.16404066979885" lon="-71.80063733831048">
        <ele>183.83</ele>
      </trkpt>
      <trkpt lat="43.16405818797648" lon="-71.8008144479245">
        <ele>183.95</ele>
      </trkpt>
      <trkpt lat="43.164075622335076" lon="-71.80099164135754">
        <ele>184.12</ele>
      </trkpt>
      <trkpt lat="43.16409305669367" lon="-71.80116883479059">
        <ele>184.34</ele>
      </trkpt>
      <trkpt lat="43.16410998813808" lon="-71.80133999325335">
        <ele>184.62</ele>
      </trkpt>
      <trkpt lat="43.16411945968866" lon="-71.80146371014416">
        <ele>184.83</ele>
      </trkpt>
      <trkpt lat="43.16412406973541" lon="-71.8015238083899">
        <ele>184.96</ele>
      </trkpt>
      <trkpt lat="43.16413312219083" lon="-71.80164149031043">
        <ele>185.25</ele>
      </trkpt>
      <trkpt lat="43.16413781605661" lon="-71.80170158855617">
        <ele>185.42</ele>
      </trkpt>
      <trkpt lat="43.164146952331066" lon="-71.80182052776217">
        <ele>185.82</ele>
      </trkpt>
      <trkpt lat="43.16415147855878" lon="-71.80187936872244">
        <ele>186.05</ele>
      </trkpt>
      <trkpt lat="43.164174277335405" lon="-71.80217608809471">
        <ele>187.33</ele>
      </trkpt>
      <trkpt lat="43.16417880356312" lon="-71.80223501287401">
        <ele>187.54</ele>
      </trkpt>
      <trkpt lat="43.16417997702956" lon="-71.80224993266165">
        <ele>187.58</ele>
      </trkpt>
      <trkpt lat="43.16417997702956" lon="-71.80229527875781">
        <ele>187.73</ele>
      </trkpt>
      <trkpt lat="43.16417997702956" lon="-71.8023544549942">
        <ele>187.88</ele>
      </trkpt>
      <trkpt lat="43.16417997702956" lon="-71.80241488851607">
        <ele>187.99</ele>
      </trkpt>
      <trkpt lat="43.16417997702956" lon="-71.80247406475246">
        <ele>188.06</ele>
      </trkpt>
      <trkpt lat="43.16417997702956" lon="-71.80253324098885">
        <ele>188.09</ele>
      </trkpt>
      <trkpt lat="43.16417997702956" lon="-71.80259367451072">
        <ele>188.08</ele>
      </trkpt>
      <trkpt lat="43.16417997702956" lon="-71.8027099315077">
        <ele>187.96</ele>
      </trkpt>
      <trkpt lat="43.16417989321053" lon="-71.8027120269835">
        <ele>187.96</ele>
      </trkpt>
      <trkpt lat="43.164179138839245" lon="-71.80277246050537">
        <ele>187.71</ele>
      </trkpt>
      <trkpt lat="43.16417830064893" lon="-71.80283289402723">
        <ele>187.43</ele>
      </trkpt>
      <trkpt lat="43.16417746245861" lon="-71.80289450101554">
        <ele>187.11</ele>
      </trkpt>
      <trkpt lat="43.164176708087325" lon="-71.80295493453741">
        <ele>186.76</ele>
      </trkpt>
      <trkpt lat="43.16417503170669" lon="-71.80307697504759">
        <ele>185.98</ele>
      </trkpt>
      <trkpt lat="43.16417343914509" lon="-71.80319901555777">
        <ele>185.15</ele>
      </trkpt>
      <trkpt lat="43.164171846583486" lon="-71.80332105606794">
        <ele>184.29</ele>
      </trkpt>
      <trkpt lat="43.16417017020285" lon="-71.80344309657812">
        <ele>183.37</ele>
      </trkpt>
      <trkpt lat="43.164169918745756" lon="-71.8034599442035">
        <ele>183.23</ele>
      </trkpt>
      <trkpt lat="43.164160111919045" lon="-71.80362498387694">
        <ele>181.92</ele>
      </trkpt>
      <trkpt lat="43.16415650770068" lon="-71.80368524976075">
        <ele>181.47</ele>
      </trkpt>
      <trkpt lat="43.164152819663286" lon="-71.803746689111">
        <ele>181.06</ele>
      </trkpt>
      <trkpt lat="43.16414921544492" lon="-71.80380687117577">
        <ele>180.69</ele>
      </trkpt>
      <trkpt lat="43.16414561122656" lon="-71.80386831052601">
        <ele>180.36</ele>
      </trkpt>
      <trkpt lat="43.16414209082723" lon="-71.80392731912434">
        <ele>180.07</ele>
      </trkpt>
      <trkpt lat="43.16413840278983" lon="-71.80398875847459">
        <ele>179.82</ele>
      </trkpt>
      <trkpt lat="43.16413111053407" lon="-71.80411037988961">
        <ele>179.38</ele>
      </trkpt>
      <trkpt lat="43.16412993706763" lon="-71.80412999354303">
        <ele>179.32</ele>
      </trkpt>
      <trkpt lat="43.16411962732673" lon="-71.8042314145714">
        <ele>179.04</ele>
      </trkpt>
      <trkpt lat="43.16411334089935" lon="-71.8042924348265">
        <ele>178.92</ele>
      </trkpt>
      <trkpt lat="43.164107305929065" lon="-71.80435228161514">
        <ele>178.83</ele>
      </trkpt>
      <trkpt lat="43.16410127095878" lon="-71.80441087111831">
        <ele>178.78</ele>
      </trkpt>
      <trkpt lat="43.16409490071237" lon="-71.80447314865887">
        <ele>178.76</ele>
      </trkpt>
      <trkpt lat="43.16408257931471" lon="-71.80459409952164">
        <ele>178.78</ele>
      </trkpt>
      <trkpt lat="43.164079980924726" lon="-71.80461999960244">
        <ele>178.79</ele>
      </trkpt>
      <trkpt lat="43.164023822173476" lon="-71.80488754995167">
        <ele>178.99</ele>
      </trkpt>
      <trkpt lat="43.163949977606535" lon="-71.805239925161">
        <ele>179.08</ele>
      </trkpt>
      <trkpt lat="43.163949977606535" lon="-71.805239925161">
        <ele>179.08</ele>
      </trkpt>
      <trkpt lat="43.16386917605996" lon="-71.8051899690181">
        <ele>180.47</ele>
      </trkpt>
      <trkpt lat="43.16382902674377" lon="-71.80516507476568">
        <ele>181.2</ele>
      </trkpt>
      <trkpt lat="43.16378803923726" lon="-71.80513967759907">
        <ele>181.96</ele>
      </trkpt>
      <trkpt lat="43.163739927113056" lon="-71.80510992184281">
        <ele>182.88</ele>
      </trkpt>
      <trkpt lat="43.163615791127086" lon="-71.80507890880108">
        <ele>185.11</ele>
      </trkpt>
      <trkpt lat="43.16357991658151" lon="-71.80506994016469">
        <ele>185.72</ele>
      </trkpt>
      <trkpt lat="43.163437927141786" lon="-71.80505275726318">
        <ele>188.12</ele>
      </trkpt>
      <trkpt lat="43.16334832459688" lon="-71.80504186078906">
        <ele>189.58</ele>
      </trkpt>
      <trkpt lat="43.16324992105365" lon="-71.80502995848656">
        <ele>190.96</ele>
      </trkpt>
      <trkpt lat="43.16324992105365" lon="-71.80502995848656">
        <ele>190.96</ele>
      </trkpt>
      <trkpt lat="43.163215052336454" lon="-71.80503658019006">
        <ele>191.61</ele>
      </trkpt>
      <trkpt lat="43.16312603652477" lon="-71.8050535954535">
        <ele>192.85</ele>
      </trkpt>
      <trkpt lat="43.162829987704754" lon="-71.80510992184281">
        <ele>196.75</ele>
      </trkpt>
      <trkpt lat="43.16281607374549" lon="-71.80511285550892">
        <ele>196.94</ele>
      </trkpt>
      <trkpt lat="43.16232883371413" lon="-71.80521486327052">
        <ele>203.48</ele>
      </trkpt>
      <trkpt lat="43.16223998554051" lon="-71.80523347109556">
        <ele>204.72</ele>
      </trkpt>
      <trkpt lat="43.16210746765137" lon="-71.80526113137603">
        <ele>206.71</ele>
      </trkpt>
      <trkpt lat="43.16196992062032" lon="-71.80528996512294">
        <ele>208.82</ele>
      </trkpt>
      <trkpt lat="43.16196992062032" lon="-71.80528996512294">
        <ele>208.82</ele>
      </trkpt>
      <trkpt lat="43.16188585013151" lon="-71.80530471727252">
        <ele>210.28</ele>
      </trkpt>
      <trkpt lat="43.161530792713165" lon="-71.80536699481308">
        <ele>216.22</ele>
      </trkpt>
      <trkpt lat="43.16144160926342" lon="-71.80538266897202">
        <ele>217.67</ele>
      </trkpt>
      <trkpt lat="43.16139995120466" lon="-71.80538996122777">
        <ele>218.36</ele>
      </trkpt>
      <trkpt lat="43.16139701753855" lon="-71.80539038032293">
        <ele>218.36</ele>
      </trkpt>
      <trkpt lat="43.16135309636593" lon="-71.80539608001709">
        <ele>219.0</ele>
      </trkpt>
      <trkpt lat="43.16130833700299" lon="-71.80540194734931">
        <ele>219.59</ele>
      </trkpt>
      <trkpt lat="43.16126357764006" lon="-71.8054077308625">
        <ele>220.14</ele>
      </trkpt>
      <trkpt lat="43.16116995178163" lon="-71.80541996844113">
        <ele>221.14</ele>
      </trkpt>
      <trkpt lat="43.16116995178163" lon="-71.80541996844113">
        <ele>221.14</ele>
      </trkpt>
      <trkpt lat="43.16104103811085" lon="-71.8054233212024">
        <ele>222.36</ele>
      </trkpt>
      <trkpt lat="43.16095202229917" lon="-71.80542566813529">
        <ele>223.22</ele>
      </trkpt>
      <trkpt lat="43.16086300648749" lon="-71.80542801506817">
        <ele>224.17</ele>
      </trkpt>
      <trkpt lat="43.16077399067581" lon="-71.80543036200106">
        <ele>225.21</ele>
      </trkpt>
      <trkpt lat="43.160684974864125" lon="-71.80543270893395">
        <ele>226.34</ele>
      </trkpt>
      <trkpt lat="43.160639964044094" lon="-71.8054338824004">
        <ele>226.95</ele>
      </trkpt>
      <trkpt lat="43.16059595905244" lon="-71.80543505586684">
        <ele>227.6</ele>
      </trkpt>
      <trkpt lat="43.16050694324076" lon="-71.80543740279973">
        <ele>228.99</ele>
      </trkpt>
      <trkpt lat="43.16040996462107" lon="-71.80543991737068">
        <ele>230.46</ele>
      </trkpt>
      <trkpt lat="43.16040996462107" lon="-71.80543991737068">
        <ele>230.46</ele>
      </trkpt>
      <trkpt lat="43.160240733996034" lon="-71.80543664842844">
        <ele>233.62</ele>
      </trkpt>
      <trkpt lat="43.1601526401937" lon="-71.80543488822877">
        <ele>235.15</ele>
      </trkpt>
      <trkpt lat="43.16006362438202" lon="-71.80543312802911">
        <ele>236.58</ele>
      </trkpt>
      <trkpt lat="43.15997636877" lon="-71.80543145164847">
        <ele>237.92</ele>
      </trkpt>
      <trkpt lat="43.15989992581308" lon="-71.8054299429059">
        <ele>239.0</ele>
      </trkpt>
      <trkpt lat="43.159844102337956" lon="-71.80541686713696">
        <ele>239.81</ele>
      </trkpt>
      <trkpt lat="43.15975634381175" lon="-71.80539624765515">
        <ele>241.02</ele>
      </trkpt>
      <trkpt lat="43.15962600521743" lon="-71.80536565370858">
        <ele>242.73</ele>
      </trkpt>
      <trkpt lat="43.15945233218372" lon="-71.80532491765916">
        <ele>244.93</ele>
      </trkpt>
      <trkpt lat="43.15932291559875" lon="-71.80529449135065">
        <ele>246.66</ele>
      </trkpt>
      <trkpt lat="43.15923599526286" lon="-71.80527412332594">
        <ele>247.78</ele>
      </trkpt>
      <trkpt lat="43.15919257700443" lon="-71.80526389740407">
        <ele>248.31</ele>
      </trkpt>
      <trkpt lat="43.159105740487576" lon="-71.80524352937937">
        <ele>249.3</ele>
      </trkpt>
      <trkpt lat="43.15901882015169" lon="-71.80522316135466">
        <ele>250.19</ele>
      </trkpt>
      <trkpt lat="43.158976240083575" lon="-71.80521318688989">
        <ele>250.59</ele>
      </trkpt>
      <trkpt lat="43.158919997513294" lon="-71.80519994348288">
        <ele>251.07</ele>
      </trkpt>
      <trkpt lat="43.15888940356672" lon="-71.80518728680909">
        <ele>251.34</ele>
      </trkpt>
      <trkpt lat="43.15880591981113" lon="-71.80515275336802">
        <ele>252.0</ele>
      </trkpt>
      <trkpt lat="43.1585949473083" lon="-71.805065497756">
        <ele>253.55</ele>
      </trkpt>
      <trkpt lat="43.158510625362396" lon="-71.80503054521978">
        <ele>254.2</ele>
      </trkpt>
      <trkpt lat="43.15842621959746" lon="-71.80499567650259">
        <ele>254.91</ele>
      </trkpt>
      <trkpt lat="43.158339969813824" lon="-71.80495996959507">
        <ele>255.68</ele>
      </trkpt>
      <trkpt lat="43.158339969813824" lon="-71.80495996959507">
        <ele>255.68</ele>
      </trkpt>
      <trkpt lat="43.158178785815835" lon="-71.80486919358373">
        <ele>257.6</ele>
      </trkpt>
      <trkpt lat="43.15793336369097" lon="-71.80473097600043">
        <ele>260.58</ele>
      </trkpt>
      <trkpt lat="43.15764636732638" lon="-71.80456937290728">
        <ele>263.94</ele>
      </trkpt>
      <trkpt lat="43.15756481140852" lon="-71.8045234400779">
        <ele>264.93</ele>
      </trkpt>
      <trkpt lat="43.157400945201516" lon="-71.80443115532398">
        <ele>267.0</ele>
      </trkpt>
      <trkpt lat="43.15731938928366" lon="-71.80438530631363">
        <ele>267.99</ele>
      </trkpt>
      <trkpt lat="43.15730991773307" lon="-71.8043799418956">
        <ele>268.09</ele>
      </trkpt>
      <trkpt lat="43.157119480893016" lon="-71.8042472563684">
        <ele>270.33</ele>
      </trkpt>
      <trkpt lat="43.15704010426998" lon="-71.80419193580747">
        <ele>271.23</ele>
      </trkpt>
      <trkpt lat="43.15696072764695" lon="-71.80413661524653">
        <ele>272.08</ele>
      </trkpt>
      <trkpt lat="43.156657638028264" lon="-71.80392555892467">
        <ele>276.26</ele>
      </trkpt>
      <trkpt lat="43.15643073990941" lon="-71.80376747623086">
        <ele>279.48</ele>
      </trkpt>
      <trkpt lat="43.15641992725432" lon="-71.803759932518">
        <ele>279.64</ele>
      </trkpt>
      <trkpt lat="43.156166626140475" lon="-71.80356622673571">
        <ele>283.69</ele>
      </trkpt>
      <trkpt lat="43.15590997226536" lon="-71.80336992256343">
        <ele>288.08</ele>
      </trkpt>
      <trkpt lat="43.15590335056186" lon="-71.80336330085993">
        <ele>288.08</ele>
      </trkpt>
      <trkpt lat="43.15583378076553" lon="-71.80329314433038">
        <ele>289.31</ele>
      </trkpt>
      <trkpt lat="43.15572942607105" lon="-71.80318803526461">
        <ele>291.05</ele>
      </trkpt>
      <trkpt lat="43.1556576769799" lon="-71.80311569944024">
        <ele>292.0</ele>
      </trkpt>
      <trkpt lat="43.15562213771045" lon="-71.8030799087137">
        <ele>292.43</ele>
      </trkpt>
      <trkpt lat="43.15554971806705" lon="-71.80300690233707">
        <ele>293.17</ele>
      </trkpt>
      <trkpt lat="43.15537001006305" lon="-71.80282585322857">
        <ele>294.82</ele>
      </trkpt>
      <trkpt lat="43.155298260971904" lon="-71.8027535174042">
        <ele>295.45</ele>
      </trkpt>
      <trkpt lat="43.15515409223735" lon="-71.80260825902224">
        <ele>296.62</ele>
      </trkpt>
      <trkpt lat="43.154938174411654" lon="-71.8023906648159">
        <ele>298.42</ele>
      </trkpt>
      <trkpt lat="43.15472292713821" lon="-71.80217374116182">
        <ele>300.28</ele>
      </trkpt>
      <trkpt lat="43.15461999736726" lon="-71.80206997320056">
        <ele>301.28</ele>
      </trkpt>
      <trkpt lat="43.15460993908346" lon="-71.80205999873579">
        <ele>301.28</ele>
      </trkpt>
      <trkpt lat="43.15460993908346" lon="-71.80205999873579">
        <ele>301.28</ele>
      </trkpt>
      <trkpt lat="43.15443811006844" lon="-71.80187869817019">
        <ele>303.09</ele>
      </trkpt>
      <trkpt lat="43.15436686389148" lon="-71.80180351249874">
        <ele>303.85</ele>
      </trkpt>
      <trkpt lat="43.1542606651783" lon="-71.80169144645333">
        <ele>305.09</ele>
      </trkpt>
      <trkpt lat="43.154190173372626" lon="-71.80161701515317">
        <ele>305.96</ele>
      </trkpt>
      <trkpt lat="43.15411959774792" lon="-71.801542583853">
        <ele>306.86</ele>
      </trkpt>
      <trkpt lat="43.15401339903474" lon="-71.8014305178076">
        <ele>308.29</ele>
      </trkpt>
      <trkpt lat="43.15383662469685" lon="-71.80124410428107">
        <ele>310.75</ele>
      </trkpt>
      <trkpt lat="43.153624311089516" lon="-71.80102005600929">
        <ele>313.52</ele>
      </trkpt>
      <trkpt lat="43.153588604182005" lon="-71.80098242126405">
        <ele>314.01</ele>
      </trkpt>
      <trkpt lat="43.15351995639503" lon="-71.80090991780162">
        <ele>315.09</ele>
      </trkpt>
      <trkpt lat="43.15351794473827" lon="-71.80090815760195">
        <ele>315.09</ele>
      </trkpt>
      <trkpt lat="43.15348039381206" lon="-71.80087437853217">
        <ele>315.67</ele>
      </trkpt>
      <trkpt lat="43.1534059625119" lon="-71.80080740712583">
        <ele>316.96</ele>
      </trkpt>
      <trkpt lat="43.153369165956974" lon="-71.80077421478927">
        <ele>317.67</ele>
      </trkpt>
      <trkpt lat="43.15331996418536" lon="-71.80072995834053">
        <ele>318.66</ele>
      </trkpt>
      <trkpt lat="43.153291968628764" lon="-71.80071135051548">
        <ele>319.19</ele>
      </trkpt>
      <trkpt lat="43.15317152068019" lon="-71.80063096806407">
        <ele>321.65</ele>
      </trkpt>
      <trkpt lat="43.1530499830842" lon="-71.80054999887943">
        <ele>324.32</ele>
      </trkpt>
      <trkpt lat="43.15291997976601" lon="-71.80053994059563">
        <ele>326.93</ele>
      </trkpt>
      <trkpt lat="43.152918219566345" lon="-71.80054035969079">
        <ele>326.93</ele>
      </trkpt>
      <trkpt lat="43.152689980342984" lon="-71.80058998055756">
        <ele>331.31</ele>
      </trkpt>
      <trkpt lat="43.15261219628155" lon="-71.80062493309379">
        <ele>332.87</ele>
      </trkpt>
      <trkpt lat="43.15252762287855" lon="-71.80066298693419">
        <ele>334.52</ele>
      </trkpt>
      <trkpt lat="43.15248998813331" lon="-71.80067991837859">
        <ele>335.23</ele>
      </trkpt>
      <trkpt lat="43.152444222941995" lon="-71.80070565082133">
        <ele>336.13</ele>
      </trkpt>
      <trkpt lat="43.152402648702264" lon="-71.80072903633118">
        <ele>336.9</ele>
      </trkpt>
      <trkpt lat="43.15232025459409" lon="-71.80077538825572">
        <ele>338.36</ele>
      </trkpt>
      <trkpt lat="43.15215471200645" lon="-71.80086851119995">
        <ele>341.12</ele>
      </trkpt>
      <trkpt lat="43.15203074365854" lon="-71.80093824863434">
        <ele>343.03</ele>
      </trkpt>
      <trkpt lat="43.151948349550366" lon="-71.80098460055888">
        <ele>344.23</ele>
      </trkpt>
      <trkpt lat="43.15186603926122" lon="-71.80103095248342">
        <ele>345.31</ele>
      </trkpt>
      <trkpt lat="43.15184994600713" lon="-71.80103992111981">
        <ele>345.49</ele>
      </trkpt>
      <trkpt lat="43.151823123916984" lon="-71.80104905739427">
        <ele>345.79</ele>
      </trkpt>
      <trkpt lat="43.15177953802049" lon="-71.80106389336288">
        <ele>346.22</ele>
      </trkpt>
      <trkpt lat="43.151736706495285" lon="-71.80107839405537">
        <ele>346.61</ele>
      </trkpt>
      <trkpt lat="43.15165028907359" lon="-71.80110773071647">
        <ele>347.3</ele>
      </trkpt>
      <trkpt lat="43.15152288414538" lon="-71.80115106515586">
        <ele>347.96</ele>
      </trkpt>
      <trkpt lat="43.151226080954075" lon="-71.80125181563199">
        <ele>349.37</ele>
      </trkpt>
      <trkpt lat="43.15114050172269" lon="-71.80128090083599">
        <ele>349.82</ele>
      </trkpt>
      <trkpt lat="43.15105584450066" lon="-71.80130965076387">
        <ele>350.3</ele>
      </trkpt>
      <trkpt lat="43.15092843957245" lon="-71.80135290138423">
        <ele>351.1</ele>
      </trkpt>
      <trkpt lat="43.15078997053206" lon="-71.80139992386103">
        <ele>352.01</ele>
      </trkpt>
      <trkpt lat="43.15075770020485" lon="-71.80140746757388">
        <ele>352.22</ele>
      </trkpt>
      <trkpt lat="43.15067170187831" lon="-71.80142741650343">
        <ele>352.81</ele>
      </trkpt>
      <trkpt lat="43.15045620314777" lon="-71.80147745646536">
        <ele>354.34</ele>
      </trkpt>
      <trkpt lat="43.15032318234444" lon="-71.80150830186903">
        <ele>355.54</ele>
      </trkpt>
      <trkpt lat="43.15022997558117" lon="-71.80152992717922">
        <ele>356.4</ele>
      </trkpt>
      <trkpt lat="43.15022997558117" lon="-71.80152992717922">
        <ele>356.4</ele>
      </trkpt>
      <trkpt lat="43.150146156549454" lon="-71.80154384113848">
        <ele>357.3</ele>
      </trkpt>
      <trkpt lat="43.1499676220119" lon="-71.80157334543765">
        <ele>359.21</ele>
      </trkpt>
      <trkpt lat="43.149923868477345" lon="-71.80158055387437">
        <ele>359.66</ele>
      </trkpt>
      <trkpt lat="43.14987919293344" lon="-71.80158792994916">
        <ele>360.09</ele>
      </trkpt>
      <trkpt lat="43.14983460120857" lon="-71.80159530602396">
        <ele>360.47</ele>
      </trkpt>
      <trkpt lat="43.14978992566466" lon="-71.80160268209875">
        <ele>360.82</ele>
      </trkpt>
      <trkpt lat="43.14974525012076" lon="-71.80161005817354">
        <ele>361.14</ele>
      </trkpt>
      <trkpt lat="43.14961222931743" lon="-71.80163201875985">
        <ele>362.01</ele>
      </trkpt>
      <trkpt lat="43.14943369477987" lon="-71.80166152305901">
        <ele>363.11</ele>
      </trkpt>
      <trkpt lat="43.149079978466034" lon="-71.80171994492412">
        <ele>365.24</ele>
      </trkpt>
      <trkpt lat="43.1490783020854" lon="-71.80172036401927">
        <ele>365.24</ele>
      </trkpt>
      <trkpt lat="43.14891032874584" lon="-71.80176311172545">
        <ele>365.43</ele>
      </trkpt>
      <trkpt lat="43.14878032542765" lon="-71.80179622024298">
        <ele>365.24</ele>
      </trkpt>
      <trkpt lat="43.14860614947975" lon="-71.80184047669172">
        <ele>365.08</ele>
      </trkpt>
      <trkpt lat="43.14851948060095" lon="-71.80186252109706">
        <ele>365.06</ele>
      </trkpt>
      <trkpt lat="43.148476146161556" lon="-71.80187358520925">
        <ele>365.08</ele>
      </trkpt>
      <trkpt lat="43.14843281172216" lon="-71.8018845655024">
        <ele>365.13</ele>
      </trkpt>
      <trkpt lat="43.14830197021365" lon="-71.80191792547703">
        <ele>365.34</ele>
      </trkpt>
      <trkpt lat="43.14821530133486" lon="-71.80193996988237">
        <ele>365.54</ele>
      </trkpt>
      <trkpt lat="43.148128716275096" lon="-71.80196201428771">
        <ele>365.8</ele>
      </trkpt>
      <trkpt lat="43.14791112206876" lon="-71.80201733484864">
        <ele>366.51</ele>
      </trkpt>
      <trkpt lat="43.147824537009" lon="-71.80203937925398">
        <ele>366.76</ele>
      </trkpt>
      <trkpt lat="43.14773786813021" lon="-71.80206142365932">
        <ele>366.94</ele>
      </trkpt>
      <trkpt lat="43.14769361168146" lon="-71.80207265540957">
        <ele>367.0</ele>
      </trkpt>
      <trkpt lat="43.147650277242064" lon="-71.80208371952176">
        <ele>367.02</ele>
      </trkpt>
      <trkpt lat="43.1475636921823" lon="-71.8021057639271">
        <ele>366.98</ele>
      </trkpt>
      <trkpt lat="43.14743368886411" lon="-71.80213887244463">
        <ele>366.77</ele>
      </trkpt>
      <trkpt lat="43.14738993532956" lon="-71.80214993655682">
        <ele>366.67</ele>
      </trkpt>
      <trkpt lat="43.147301422432065" lon="-71.80215463042259">
        <ele>366.49</ele>
      </trkpt>
      <trkpt lat="43.14721332862973" lon="-71.80215924046934">
        <ele>366.36</ele>
      </trkpt>
      <trkpt lat="43.14719991758466" lon="-71.80215999484062">
        <ele>366.35</ele>
      </trkpt>
      <trkpt lat="43.147169910371304" lon="-71.80215136148036">
        <ele>366.33</ele>
      </trkpt>
      <trkpt lat="43.14712674356997" lon="-71.8021390400827">
        <ele>366.33</ele>
      </trkpt>
      <trkpt lat="43.14705993980169" lon="-71.80211992934346">
        <ele>366.39</ele>
      </trkpt>
      <trkpt lat="43.14704032614827" lon="-71.80211062543094">
        <ele>366.41</ele>
      </trkpt>
      <trkpt lat="43.14695709384978" lon="-71.80207097902894">
        <ele>366.56</ele>
      </trkpt>
      <trkpt lat="43.146873861551285" lon="-71.80203133262694">
        <ele>366.76</ele>
      </trkpt>
      <trkpt lat="43.146849973127246" lon="-71.80201993323863">
        <ele>366.83</ele>
      </trkpt>
      <trkpt lat="43.14679850824177" lon="-71.80197039619088">
        <ele>367.01</ele>
      </trkpt>
      <trkpt lat="43.14672566950321" lon="-71.80190023966134">
        <ele>367.36</ele>
      </trkpt>
      <trkpt lat="43.14665358513594" lon="-71.80183075368404">
        <ele>367.79</ele>
      </trkpt>
      <trkpt lat="43.14658150076866" lon="-71.80176126770675">
        <ele>368.3</ele>
      </trkpt>
      <trkpt lat="43.146509416401386" lon="-71.80169186554849">
        <ele>368.86</ele>
      </trkpt>
      <trkpt lat="43.146363738924265" lon="-71.80155146867037">
        <ele>369.84</ele>
      </trkpt>
      <trkpt lat="43.146290900185704" lon="-71.80148131214082">
        <ele>370.3</ele>
      </trkpt>
      <trkpt lat="43.146254774183035" lon="-71.80144661106169">
        <ele>370.51</ele>
      </trkpt>
      <trkpt lat="43.146181935444474" lon="-71.80137645453215">
        <ele>370.87</ele>
      </trkpt>
      <trkpt lat="43.14614522270858" lon="-71.80134099908173">
        <ele>371.03</ele>
      </trkpt>
      <trkpt lat="43.146073054522276" lon="-71.80127151310444">
        <ele>371.27</ele>
      </trkpt>
      <trkpt lat="43.146029971539974" lon="-71.80122993886471">
        <ele>371.35</ele>
      </trkpt>
      <trkpt lat="43.146002646535635" lon="-71.80119716562331">
        <ele>371.41</ele>
      </trkpt>
      <trkpt lat="43.145935675129294" lon="-71.80111678317189">
        <ele>371.46</ele>
      </trkpt>
      <trkpt lat="43.14590181224048" lon="-71.80107621476054">
        <ele>371.44</ele>
      </trkpt>
      <trkpt lat="43.1458299793303" lon="-71.8009899649769">
        <ele>371.35</ele>
      </trkpt>
      <trkpt lat="43.14575160853565" lon="-71.800871277228">
        <ele>371.24</ele>
      </trkpt>
      <trkpt lat="43.145640632137656" lon="-71.80070313625038">
        <ele>371.14</ele>
      </trkpt>
      <trkpt lat="43.14558455720544" lon="-71.80061814375222">
        <ele>371.11</ele>
      </trkpt>
      <trkpt lat="43.14549998380244" lon="-71.80048998445272">
        <ele>371.12</ele>
      </trkpt>
      <trkpt lat="43.14549998380244" lon="-71.80048998445272">
        <ele>371.12</ele>
      </trkpt>
      <trkpt lat="43.145260931923985" lon="-71.80034765973687">
        <ele>370.91</ele>
      </trkpt>
      <trkpt lat="43.14517920836806" lon="-71.80029904469848">
        <ele>370.82</ele>
      </trkpt>
      <trkpt lat="43.14505884423852" lon="-71.80022737942636">
        <ele>370.63</ele>
      </trkpt>
      <trkpt lat="43.14489715732634" lon="-71.80013107135892">
        <ele>370.32</ele>
      </trkpt>
      <trkpt lat="43.144776709377766" lon="-71.8000594060868">
        <ele>370.0</ele>
      </trkpt>
      <trkpt lat="43.14465542323887" lon="-71.7999872379005">
        <ele>369.62</ele>
      </trkpt>
      <trkpt lat="43.1445349752903" lon="-71.79991557262838">
        <ele>369.16</ele>
      </trkpt>
      <trkpt lat="43.144414611160755" lon="-71.79984382353723">
        <ele>368.64</ele>
      </trkpt>
      <trkpt lat="43.14433372579515" lon="-71.79979571141303">
        <ele>368.17</ele>
      </trkpt>
      <trkpt lat="43.14429332502186" lon="-71.79977165535092">
        <ele>367.91</ele>
      </trkpt>
      <trkpt lat="43.14417287707329" lon="-71.7996999900788">
        <ele>367.07</ele>
      </trkpt>
      <trkpt lat="43.144092075526714" lon="-71.7996518779546">
        <ele>366.45</ele>
      </trkpt>
      <trkpt lat="43.14401119016111" lon="-71.7996037658304">
        <ele>365.78</ele>
      </trkpt>
      <trkpt lat="43.143890826031566" lon="-71.79953201673925">
        <ele>364.71</ele>
      </trkpt>
      <trkpt lat="43.14380994066596" lon="-71.79948390461504">
        <ele>363.94</ele>
      </trkpt>
      <trkpt lat="43.14376953989267" lon="-71.79945984855294">
        <ele>363.52</ele>
      </trkpt>
      <trkpt lat="43.14368865452707" lon="-71.79941173642874">
        <ele>362.62</ele>
      </trkpt>
      <trkpt lat="43.14356745220721" lon="-71.79933956824243">
        <ele>361.21</ele>
      </trkpt>
      <trkpt lat="43.14336620271206" lon="-71.79921970702708">
        <ele>359.03</ele>
      </trkpt>
      <trkpt lat="43.143285317346454" lon="-71.79917159490287">
        <ele>358.22</ele>
      </trkpt>
      <trkpt lat="43.14320451579988" lon="-71.79912348277867">
        <ele>357.46</ele>
      </trkpt>
      <trkpt lat="43.14316486939788" lon="-71.79909992963076">
        <ele>357.12</ele>
      </trkpt>
      <trkpt lat="43.14312446862459" lon="-71.79907587356865">
        <ele>356.81</ele>
      </trkpt>
      <trkpt lat="43.143084067851305" lon="-71.79905181750655">
        <ele>356.53</ele>
      </trkpt>
      <trkpt lat="43.14284241758287" lon="-71.7989079002291">
        <ele>355.06</ele>
      </trkpt>
      <trkpt lat="43.14259573817253" lon="-71.79876113310456">
        <ele>353.97</ele>
      </trkpt>
      <trkpt lat="43.14251409843564" lon="-71.79871251806617">
        <ele>353.58</ele>
      </trkpt>
      <trkpt lat="43.142396081238985" lon="-71.79864227771759">
        <ele>353.48</ele>
      </trkpt>
      <trkpt lat="43.14227404072881" lon="-71.7985696066171">
        <ele>352.84</ele>
      </trkpt>
      <trkpt lat="43.142152754589915" lon="-71.79849743843079">
        <ele>352.11</ele>
      </trkpt>
      <trkpt lat="43.14203071407974" lon="-71.79842476733029">
        <ele>351.3</ele>
      </trkpt>
      <trkpt lat="43.14194982871413" lon="-71.79837665520608">
        <ele>350.7</ele>
      </trkpt>
      <trkpt lat="43.141909427940845" lon="-71.79835259914398">
        <ele>350.38</ele>
      </trkpt>
      <trkpt lat="43.141827788203955" lon="-71.79830398410559">
        <ele>349.67</ele>
      </trkpt>
      <trkpt lat="43.14174698665738" lon="-71.79825587198138">
        <ele>348.9</ele>
      </trkpt>
      <trkpt lat="43.14170650206506" lon="-71.79823181591928">
        <ele>348.49</ele>
      </trkpt>
      <trkpt lat="43.14162486232817" lon="-71.79818320088089">
        <ele>347.6</ele>
      </trkpt>
      <trkpt lat="43.14126519486308" lon="-71.79796904325485">
        <ele>343.46</ele>
      </trkpt>
      <trkpt lat="43.14118682406843" lon="-71.79792243987322">
        <ele>342.59</ele>
      </trkpt>
      <trkpt lat="43.141105184331536" lon="-71.79787382483482">
        <ele>341.82</ele>
      </trkpt>
      <trkpt lat="43.14102270640433" lon="-71.79782470688224">
        <ele>341.01</ele>
      </trkpt>
      <trkpt lat="43.14081810414791" lon="-71.79770291782916">
        <ele>338.9</ele>
      </trkpt>
      <trkpt lat="43.14065398648381" lon="-71.79760526865721">
        <ele>337.24</ele>
      </trkpt>
      <trkpt lat="43.14057234674692" lon="-71.79755665361881">
        <ele>336.45</ele>
      </trkpt>
      <trkpt lat="43.140489868819714" lon="-71.79750753566623">
        <ele>335.72</ele>
      </trkpt>
      <trkpt lat="43.14040998928249" lon="-71.79745992645621">
        <ele>335.07</ele>
      </trkpt>
      <trkpt lat="43.14040814526379" lon="-71.79745900444686">
        <ele>335.07</ele>
      </trkpt>
      <trkpt lat="43.14032558351755" lon="-71.79741349071264">
        <ele>334.49</ele>
      </trkpt>
      <trkpt lat="43.14007689245045" lon="-71.79727653041482">
        <ele>332.95</ele>
      </trkpt>
      <trkpt lat="43.139952505007386" lon="-71.79720813408494">
        <ele>332.16</ele>
      </trkpt>
      <trkpt lat="43.13991076312959" lon="-71.79718516767025">
        <ele>331.91</ele>
      </trkpt>
      <trkpt lat="43.13986910507083" lon="-71.79716220125556">
        <ele>331.69</ele>
      </trkpt>
      <trkpt lat="43.13978645950556" lon="-71.79711668752134">
        <ele>331.31</ele>
      </trkpt>
      <trkpt lat="43.13970381394029" lon="-71.79707117378712">
        <ele>330.99</ele>
      </trkpt>
      <trkpt lat="43.13962041400373" lon="-71.79702524095774">
        <ele>330.72</ele>
      </trkpt>
      <trkpt lat="43.13957951031625" lon="-71.79700277745724">
        <ele>330.61</ele>
      </trkpt>
      <trkpt lat="43.139519998803735" lon="-71.7969699203968">
        <ele>330.49</ele>
      </trkpt>
      <trkpt lat="43.13949669711292" lon="-71.7969548329711">
        <ele>330.45</ele>
      </trkpt>
      <trkpt lat="43.13933501020074" lon="-71.79684955626726">
        <ele>330.22</ele>
      </trkpt>
      <trkpt lat="43.13917416147888" lon="-71.79674486629665">
        <ele>329.94</ele>
      </trkpt>
      <trkpt lat="43.13905312679708" lon="-71.79666607640684">
        <ele>329.67</ele>
      </trkpt>
      <trkpt lat="43.13885087147355" lon="-71.79653439670801">
        <ele>329.18</ele>
      </trkpt>
      <trkpt lat="43.138811057433486" lon="-71.79650849662721">
        <ele>329.11</ele>
      </trkpt>
      <trkpt lat="43.138729836791754" lon="-71.7964556068182">
        <ele>329.03</ele>
      </trkpt>
      <trkpt lat="43.13852841965854" lon="-71.79632443003356">
        <ele>329.05</ele>
      </trkpt>
      <trkpt lat="43.13836757093668" lon="-71.79621974006295">
        <ele>329.0</ele>
      </trkpt>
      <trkpt lat="43.13828635029495" lon="-71.79616685025394">
        <ele>328.95</ele>
      </trkpt>
      <trkpt lat="43.1382058840245" lon="-71.79611446335912">
        <ele>328.85</ele>
      </trkpt>
      <trkpt lat="43.13816531561315" lon="-71.79608806036413">
        <ele>328.78</ele>
      </trkpt>
      <trkpt lat="43.13796306028962" lon="-71.7959563806653">
        <ele>328.28</ele>
      </trkpt>
      <trkpt lat="43.13772015273571" lon="-71.79579829797149">
        <ele>327.74</ele>
      </trkpt>
      <trkpt lat="43.13763968646526" lon="-71.79574591107666">
        <ele>327.5</ele>
      </trkpt>
      <trkpt lat="43.13743826933205" lon="-71.79561473429203">
        <ele>326.81</ele>
      </trkpt>
      <trkpt lat="43.13735704869032" lon="-71.79556184448302">
        <ele>326.55</ele>
      </trkpt>
      <trkpt lat="43.13727658241987" lon="-71.79550954140723">
        <ele>326.32</ele>
      </trkpt>
      <trkpt lat="43.13719536177814" lon="-71.79545665159822">
        <ele>326.12</ele>
      </trkpt>
      <trkpt lat="43.137114979326725" lon="-71.7954042647034">
        <ele>325.96</ele>
      </trkpt>
      <trkpt lat="43.136912724003196" lon="-71.79527258500457">
        <ele>325.61</ele>
      </trkpt>
      <trkpt lat="43.13675103709102" lon="-71.79516739211977">
        <ele>325.3</ele>
      </trkpt>
      <trkpt lat="43.1366706546396" lon="-71.79511500522494">
        <ele>325.17</ele>
      </trkpt>
      <trkpt lat="43.13654953613877" lon="-71.79503621533513">
        <ele>325.02</ele>
      </trkpt>
      <trkpt lat="43.13653998076916" lon="-71.79502992890775">
        <ele>325.03</ele>
      </trkpt>
      <trkpt lat="43.13642875291407" lon="-71.7949597723782">
        <ele>325.16</ele>
      </trkpt>
      <trkpt lat="43.136387933045626" lon="-71.79493395611644">
        <ele>325.16</ele>
      </trkpt>
      <trkpt lat="43.136186096817255" lon="-71.79480663500726">
        <ele>325.1</ele>
      </trkpt>
      <trkpt lat="43.13610604964197" lon="-71.79475617595017">
        <ele>325.0</ele>
      </trkpt>
      <trkpt lat="43.13606522977352" lon="-71.7947303596884">
        <ele>324.91</ele>
      </trkpt>
      <trkpt lat="43.13602516427636" lon="-71.79470513015985">
        <ele>324.8</ele>
      </trkpt>
      <trkpt lat="43.135984344407916" lon="-71.79467931389809">
        <ele>324.66</ele>
      </trkpt>
      <trkpt lat="43.1358643155545" lon="-71.79460354149342">
        <ele>324.17</ele>
      </trkpt>
      <trkpt lat="43.13578259199858" lon="-71.79455199278891">
        <ele>323.8</ele>
      </trkpt>
      <trkpt lat="43.13574252650142" lon="-71.79452676326036">
        <ele>323.57</ele>
      </trkpt>
      <trkpt lat="43.13570254482329" lon="-71.79450144991279">
        <ele>323.3</ele>
      </trkpt>
      <trkpt lat="43.13566172495484" lon="-71.79447571747005">
        <ele>322.98</ele>
      </trkpt>
      <trkpt lat="43.13558083958924" lon="-71.79442467167974">
        <ele>322.19</ele>
      </trkpt>
      <trkpt lat="43.13550992868841" lon="-71.79437999613583">
        <ele>321.35</ele>
      </trkpt>
      <trkpt lat="43.135500540956855" lon="-71.7943748831749">
        <ele>321.25</ele>
      </trkpt>
      <trkpt lat="43.13529459759593" lon="-71.794264158234">
        <ele>318.66</ele>
      </trkpt>
      <trkpt lat="43.135252771899104" lon="-71.79424161091447">
        <ele>318.17</ele>
      </trkpt>
      <trkpt lat="43.135210862383246" lon="-71.79421906359494">
        <ele>317.72</ele>
      </trkpt>
      <trkpt lat="43.13516987487674" lon="-71.7941970191896">
        <ele>317.33</ele>
      </trkpt>
      <trkpt lat="43.13512804917991" lon="-71.79417447187006">
        <ele>316.99</ele>
      </trkpt>
      <trkpt lat="43.13508697785437" lon="-71.79415242746472">
        <ele>316.7</ele>
      </trkpt>
      <trkpt lat="43.135045152157545" lon="-71.79412988014519">
        <ele>316.47</ele>
      </trkpt>
      <trkpt lat="43.135004164651036" lon="-71.79410783573985">
        <ele>316.27</ele>
      </trkpt>
      <trkpt lat="43.13492126762867" lon="-71.79406324401498">
        <ele>315.93</ele>
      </trkpt>
      <trkpt lat="43.1348383706063" lon="-71.7940186522901">
        <ele>315.63</ele>
      </trkpt>
      <trkpt lat="43.13475547358394" lon="-71.79397414438426">
        <ele>315.4</ele>
      </trkpt>
      <trkpt lat="43.13467349857092" lon="-71.79392997175455">
        <ele>315.24</ele>
      </trkpt>
      <trkpt lat="43.13463158905506" lon="-71.79390742443502">
        <ele>315.19</ele>
      </trkpt>
      <trkpt lat="43.13454953022301" lon="-71.79386333562434">
        <ele>315.16</ele>
      </trkpt>
      <trkpt lat="43.13446671701968" lon="-71.79381874389946">
        <ele>315.23</ele>
      </trkpt>
      <trkpt lat="43.13438381999731" lon="-71.79377415217459">
        <ele>315.38</ele>
      </trkpt>
      <trkpt lat="43.1343428324908" lon="-71.79375210776925">
        <ele>315.48</ele>
      </trkpt>
      <trkpt lat="43.134300922974944" lon="-71.79372956044972">
        <ele>315.61</ele>
      </trkpt>
      <trkpt lat="43.134259935468435" lon="-71.79370751604438">
        <ele>315.79</ele>
      </trkpt>
      <trkpt lat="43.134218864142895" lon="-71.79368547163904">
        <ele>316.02</ele>
      </trkpt>
      <trkpt lat="43.13417703844607" lon="-71.7936629243195">
        <ele>316.29</ele>
      </trkpt>
      <trkpt lat="43.13413605093956" lon="-71.79364087991416">
        <ele>316.6</ele>
      </trkpt>
      <trkpt lat="43.13405994325876" lon="-71.79359997622669">
        <ele>317.3</ele>
      </trkpt>
      <trkpt lat="43.1340529024601" lon="-71.79359712637961">
        <ele>317.3</ele>
      </trkpt>
      <trkpt lat="43.1340098194778" lon="-71.79357960820198">
        <ele>317.68</ele>
      </trkpt>
      <trkpt lat="43.13396757468581" lon="-71.79356242530048">
        <ele>318.09</ele>
      </trkpt>
      <trkpt lat="43.13392532989383" lon="-71.79354524239898">
        <ele>318.55</ele>
      </trkpt>
      <trkpt lat="43.133882246911526" lon="-71.79352772422135">
        <ele>319.05</ele>
      </trkpt>
      <trkpt lat="43.13384000211954" lon="-71.79351062513888">
        <ele>319.59</ele>
      </trkpt>
      <trkpt lat="43.13379683531821" lon="-71.79349310696125">
        <ele>320.18</ele>
      </trkpt>
      <trkpt lat="43.13373992219567" lon="-71.7934699729085">
        <ele>320.99</ele>
      </trkpt>
      <trkpt lat="43.133668256923556" lon="-71.79344608448446">
        <ele>322.01</ele>
      </trkpt>
      <trkpt lat="43.13361997716129" lon="-71.79342999123037">
        <ele>322.67</ele>
      </trkpt>
      <trkpt lat="43.13358200713992" lon="-71.79343753494322">
        <ele>323.18</ele>
      </trkpt>
      <trkpt lat="43.133569937199354" lon="-71.79343996569514">
        <ele>323.36</ele>
      </trkpt>
      <trkpt lat="43.13347010873258" lon="-71.79326931014657">
        <ele>325.83</ele>
      </trkpt>
      <trkpt lat="43.13341663219035" lon="-71.79317803122103">
        <ele>327.08</ele>
      </trkpt>
      <trkpt lat="43.1333361659199" lon="-71.79304056800902">
        <ele>328.83</ele>
      </trkpt>
      <trkpt lat="43.13332996331155" lon="-71.79302992299199">
        <ele>328.95</ele>
      </trkpt>
      <trkpt lat="43.133241282776" lon="-71.79292179644108">
        <ele>330.45</ele>
      </trkpt>
      <trkpt lat="43.13307465054095" lon="-71.7927186191082">
        <ele>332.5</ele>
      </trkpt>
      <trkpt lat="43.132973900064826" lon="-71.7925957404077">
        <ele>333.68</ele>
      </trkpt>
      <trkpt lat="43.1329199206084" lon="-71.79252994246781">
        <ele>334.26</ele>
      </trkpt>
      <trkpt lat="43.13290810212493" lon="-71.79251359775662">
        <ele>334.4</ele>
      </trkpt>
      <trkpt lat="43.13284473493695" lon="-71.79242617450655">
        <ele>335.04</ele>
      </trkpt>
      <trkpt lat="43.1327819544822" lon="-71.79233967326581">
        <ele>335.59</ele>
      </trkpt>
      <trkpt lat="43.13271858729422" lon="-71.79225225001574">
        <ele>336.05</ele>
      </trkpt>
      <trkpt lat="43.132655806839466" lon="-71.79216566495597">
        <ele>336.45</ele>
      </trkpt>
      <trkpt lat="43.1326299905777" lon="-71.79212995804846">
        <ele>336.61</ele>
      </trkpt>
      <trkpt lat="43.13262571580708" lon="-71.79212031885982">
        <ele>336.61</ele>
      </trkpt>
      <trkpt lat="43.13257969915867" lon="-71.79201579652727">
        <ele>336.87</ele>
      </trkpt>
      <trkpt lat="43.13255648128688" lon="-71.79196307435632">
        <ele>336.97</ele>
      </trkpt>
      <trkpt lat="43.1325332634151" lon="-71.79191026836634">
        <ele>337.05</ele>
      </trkpt>
      <trkpt lat="43.13248733058572" lon="-71.79180582985282">
        <ele>337.17</ele>
      </trkpt>
      <trkpt lat="43.13239496201277" lon="-71.79159577935934">
        <ele>336.93</ele>
      </trkpt>
      <trkpt lat="43.1323485262692" lon="-71.79149025119841">
        <ele>336.83</ele>
      </trkpt>
      <trkpt lat="43.132302509620786" lon="-71.7913858126849">
        <ele>336.8</ele>
      </trkpt>
      <trkpt lat="43.132279291749" lon="-71.79133300669491">
        <ele>336.81</ele>
      </trkpt>
      <trkpt lat="43.13223285600543" lon="-71.79122747853398">
        <ele>336.88</ele>
      </trkpt>
      <trkpt lat="43.13218692317605" lon="-71.79112295620143">
        <ele>337.03</ele>
      </trkpt>
      <trkpt lat="43.13214048743248" lon="-71.7910174280405">
        <ele>337.24</ele>
      </trkpt>
      <trkpt lat="43.13209447078407" lon="-71.79091298952699">
        <ele>337.49</ele>
      </trkpt>
      <trkpt lat="43.13207997009158" lon="-71.79087996482849">
        <ele>337.57</ele>
      </trkpt>
      <trkpt lat="43.13197444193065" lon="-71.79065390489995">
        <ele>338.18</ele>
      </trkpt>
      <trkpt lat="43.13187805004418" lon="-71.79044729098678">
        <ele>338.64</ele>
      </trkpt>
      <trkpt lat="43.1318699195981" lon="-71.79042994044721">
        <ele>338.66</ele>
      </trkpt>
      <trkpt lat="43.131747376173735" lon="-71.79012961685658">
        <ele>339.12</ele>
      </trkpt>
      <trkpt lat="43.131703874096274" lon="-71.79002308286726">
        <ele>339.24</ele>
      </trkpt>
      <trkpt lat="43.13166992738843" lon="-71.7899399343878">
        <ele>339.31</ele>
      </trkpt>
      <trkpt lat="43.131661377847195" lon="-71.78991596214473">
        <ele>339.33</ele>
      </trkpt>
      <trkpt lat="43.13158292323351" lon="-71.78969694301486">
        <ele>339.41</ele>
      </trkpt>
      <trkpt lat="43.131445879116654" lon="-71.78931414149702">
        <ele>339.39</ele>
      </trkpt>
      <trkpt lat="43.13140665180981" lon="-71.78920459002256">
        <ele>339.36</ele>
      </trkpt>
      <trkpt lat="43.131387289613485" lon="-71.78915035910904">
        <ele>339.32</ele>
      </trkpt>
      <trkpt lat="43.131379997357726" lon="-71.78912999108434">
        <ele>339.29</ele>
      </trkpt>
      <trkpt lat="43.131370609626174" lon="-71.78909327834845">
        <ele>339.25</ele>
      </trkpt>
      <trkpt lat="43.131341356784105" lon="-71.78897802717984">
        <ele>339.03</ele>
      </trkpt>
      <trkpt lat="43.13126835040748" lon="-71.78869052790105">
        <ele>338.24</ele>
      </trkpt>
      <trkpt lat="43.13123909756541" lon="-71.78857536055148">
        <ele>337.96</ele>
      </trkpt>
      <trkpt lat="43.13121998682618" lon="-71.78849992342293">
        <ele>337.82</ele>
      </trkpt>
      <trkpt lat="43.13121152110398" lon="-71.78845935501158">
        <ele>337.75</ele>
      </trkpt>
      <trkpt lat="43.13119945116341" lon="-71.7884012684226">
        <ele>337.67</ele>
      </trkpt>
      <trkpt lat="43.13118721358478" lon="-71.78834200836718">
        <ele>337.62</ele>
      </trkpt>
      <trkpt lat="43.131175143644214" lon="-71.78828400559723">
        <ele>337.59</ele>
      </trkpt>
      <trkpt lat="43.13116307370365" lon="-71.78822591900826">
        <ele>337.59</ele>
      </trkpt>
      <trkpt lat="43.131150752305984" lon="-71.78816665895283">
        <ele>337.61</ele>
      </trkpt>
      <trkpt lat="43.13112644478679" lon="-71.78804931230843">
        <ele>337.69</ele>
      </trkpt>
      <trkpt lat="43.13111437484622" lon="-71.78799122571945">
        <ele>337.76</ele>
      </trkpt>
      <trkpt lat="43.13108998350799" lon="-71.78787387907505">
        <ele>337.94</ele>
      </trkpt>
      <trkpt lat="43.131053606048226" lon="-71.78769844584167">
        <ele>338.26</ele>
      </trkpt>
      <trkpt lat="43.131005158647895" lon="-71.78746492601931">
        <ele>338.18</ele>
      </trkpt>
      <trkpt lat="43.13099996186793" lon="-71.78743994794786">
        <ele>338.15</ele>
      </trkpt>
      <trkpt lat="43.13099157996476" lon="-71.7873446457088">
        <ele>338.05</ele>
      </trkpt>
      <trkpt lat="43.13098621554673" lon="-71.78728463128209">
        <ele>337.95</ele>
      </trkpt>
      <trkpt lat="43.13098093494773" lon="-71.78722470067441">
        <ele>337.82</ele>
      </trkpt>
      <trkpt lat="43.1309755705297" lon="-71.78716351278126">
        <ele>337.64</ele>
      </trkpt>
      <trkpt lat="43.1309702899307" lon="-71.78710358217359">
        <ele>337.42</ele>
      </trkpt>
      <trkpt lat="43.1309650093317" lon="-71.78704365156591">
        <ele>337.15</ele>
      </trkpt>
      <trkpt lat="43.130954280495644" lon="-71.78692253306508">
        <ele>336.53</ele>
      </trkpt>
      <trkpt lat="43.13093994744122" lon="-71.78675992414355">
        <ele>335.61</ele>
      </trkpt>
      <trkpt lat="43.13090239651501" lon="-71.78670007735491">
        <ele>335.18</ele>
      </trkpt>
      <trkpt lat="43.130844393745065" lon="-71.7866075411439">
        <ele>334.47</ele>
      </trkpt>
      <trkpt lat="43.13078689388931" lon="-71.78651592694223">
        <ele>333.64</ele>
      </trkpt>
      <trkpt lat="43.13070014119148" lon="-71.7863776255399">
        <ele>332.34</ele>
      </trkpt>
      <trkpt lat="43.130670888349414" lon="-71.7863308545202">
        <ele>331.94</ele>
      </trkpt>
      <trkpt lat="43.130642138421535" lon="-71.78628508932889">
        <ele>331.58</ele>
      </trkpt>
      <trkpt lat="43.13061338849366" lon="-71.78623924031854">
        <ele>331.25</ele>
      </trkpt>
      <trkpt lat="43.13057944178581" lon="-71.78618509322405">
        <ele>330.89</ele>
      </trkpt>
      <trkpt lat="43.13057944178581" lon="-71.78618509322405">
        <ele>330.92</ele>
      </trkpt>
      <trkpt lat="43.13056997023523" lon="-71.78616992197931">
        <ele>330.83</ele>
      </trkpt>
      <trkpt lat="43.13055329024792" lon="-71.78614276461303">
        <ele>330.68</ele>
      </trkpt>
      <trkpt lat="43.13049662858248" lon="-71.78605022840202">
        <ele>330.23</ele>
      </trkpt>
      <trkpt lat="43.13043946400285" lon="-71.78595668636262">
        <ele>329.86</ele>
      </trkpt>
      <trkpt lat="43.13038229942322" lon="-71.78586322814226">
        <ele>329.57</ele>
      </trkpt>
      <trkpt lat="43.13032563775778" lon="-71.78577069193125">
        <ele>329.37</ele>
      </trkpt>
      <trkpt lat="43.13024014234543" lon="-71.78563096560538">
        <ele>329.16</ele>
      </trkpt>
      <trkpt lat="43.13015456311405" lon="-71.78549115546048">
        <ele>329.02</ele>
      </trkpt>
      <trkpt lat="43.13009739853442" lon="-71.78539769724011">
        <ele>329.01</ele>
      </trkpt>
      <trkpt lat="43.12995524145663" lon="-71.78516543470323">
        <ele>329.06</ele>
      </trkpt>
      <trkpt lat="43.129840828478336" lon="-71.78497843444347">
        <ele>329.18</ele>
      </trkpt>
      <trkpt lat="43.12974996864796" lon="-71.7848299909383">
        <ele>329.23</ele>
      </trkpt>
      <trkpt lat="43.12964846380055" lon="-71.7847284860909">
        <ele>329.29</ele>
      </trkpt>
      <trkpt lat="43.12962993979454" lon="-71.78470996208489">
        <ele>329.3</ele>
      </trkpt>
      <trkpt lat="43.129532374441624" lon="-71.7846370395273">
        <ele>329.4</ele>
      </trkpt>
      <trkpt lat="43.129492895677686" lon="-71.78460753522813">
        <ele>329.41</ele>
      </trkpt>
      <trkpt lat="43.12945341691375" lon="-71.78457803092897">
        <ele>329.38</ele>
      </trkpt>
      <trkpt lat="43.12941477634013" lon="-71.78454919718206">
        <ele>329.31</ele>
      </trkpt>
      <trkpt lat="43.12937529757619" lon="-71.7845196928829">
        <ele>329.21</ele>
      </trkpt>
      <trkpt lat="43.12921813689172" lon="-71.78440226241946">
        <ele>328.75</ele>
      </trkpt>
      <trkpt lat="43.12913917936385" lon="-71.78434325382113">
        <ele>328.55</ele>
      </trkpt>
      <trkpt lat="43.12909978441894" lon="-71.78431374952197">
        <ele>328.47</ele>
      </trkpt>
      <trkpt lat="43.12902158126235" lon="-71.78425532765687">
        <ele>328.36</ele>
      </trkpt>
      <trkpt lat="43.128824941813946" lon="-71.7841084767133">
        <ele>328.17</ele>
      </trkpt>
      <trkpt lat="43.12878546305001" lon="-71.78407897241414">
        <ele>328.15</ele>
      </trkpt>
      <trkpt lat="43.128719916567206" lon="-71.78402993828058">
        <ele>328.19</ele>
      </trkpt>
      <trkpt lat="43.128707595169544" lon="-71.78401979617774">
        <ele>328.2</ele>
      </trkpt>
      <trkpt lat="43.12859192490578" lon="-71.78392482921481">
        <ele>328.4</ele>
      </trkpt>
      <trkpt lat="43.12855412252247" lon="-71.78389373235404">
        <ele>328.45</ele>
      </trkpt>
      <trkpt lat="43.128515565767884" lon="-71.78386204876006">
        <ele>328.48</ele>
      </trkpt>
      <trkpt lat="43.12843996100128" lon="-71.78379993885756">
        <ele>328.47</ele>
      </trkpt>
      <trkpt lat="43.12828028574586" lon="-71.78368384949863">
        <ele>328.46</ele>
      </trkpt>
      <trkpt lat="43.12820166349411" lon="-71.783626684919">
        <ele>328.41</ele>
      </trkpt>
      <trkpt lat="43.12816193327308" lon="-71.78359776735306">
        <ele>328.36</ele>
      </trkpt>
      <trkpt lat="43.12808255665004" lon="-71.7835400160402">
        <ele>328.21</ele>
      </trkpt>
      <trkpt lat="43.128043580800295" lon="-71.78351168520749">
        <ele>328.11</ele>
      </trkpt>
      <trkpt lat="43.12792447395623" lon="-71.78342501632869">
        <ele>327.76</ele>
      </trkpt>
      <trkpt lat="43.12788994051516" lon="-71.78339995443821">
        <ele>327.64</ele>
      </trkpt>
      <trkpt lat="43.127849539741874" lon="-71.78335955366492">
        <ele>327.49</ele>
      </trkpt>
      <trkpt lat="43.12777695246041" lon="-71.78328696638346">
        <ele>327.16</ele>
      </trkpt>
      <trkpt lat="43.12775993719697" lon="-71.78326995112002">
        <ele>327.07</ele>
      </trkpt>
      <trkpt lat="43.12767578288913" lon="-71.78316668607295">
        <ele>326.6</ele>
      </trkpt>
      <trkpt lat="43.12753999605775" lon="-71.78299997001886">
        <ele>325.93</ele>
      </trkpt>
      <trkpt lat="43.12753999605775" lon="-71.78299997001886">
        <ele>325.93</ele>
      </trkpt>
      <trkpt lat="43.127460200339556" lon="-71.78285823203623">
        <ele>325.38</ele>
      </trkpt>
      <trkpt lat="43.12744997441769" lon="-71.78283995948732">
        <ele>325.31</ele>
      </trkpt>
      <trkpt lat="43.12737286090851" lon="-71.78272076882422">
        <ele>324.86</ele>
      </trkpt>
      <trkpt lat="43.12731376849115" lon="-71.78262948989868">
        <ele>324.47</ele>
      </trkpt>
      <trkpt lat="43.127229949459434" lon="-71.78249998949468">
        <ele>323.87</ele>
      </trkpt>
      <trkpt lat="43.127156775444746" lon="-71.78241533227265">
        <ele>323.43</ele>
      </trkpt>
      <trkpt lat="43.12705434858799" lon="-71.78229689598083">
        <ele>322.84</ele>
      </trkpt>
      <trkpt lat="43.12698628753424" lon="-71.78221818991005">
        <ele>322.5</ele>
      </trkpt>
      <trkpt lat="43.12691889703274" lon="-71.78214032202959">
        <ele>322.19</ele>
      </trkpt>
      <trkpt lat="43.126909928396344" lon="-71.78212992846966">
        <ele>322.15</ele>
      </trkpt>
      <trkpt lat="43.12679442577064" lon="-71.78196606226265">
        <ele>321.63</ele>
      </trkpt>
      <trkpt lat="43.12660885043442" lon="-71.78170278668404">
        <ele>320.66</ele>
      </trkpt>
      <trkpt lat="43.126479936763644" lon="-71.78151997737586">
        <ele>320.0</ele>
      </trkpt>
      <trkpt lat="43.12641615048051" lon="-71.78145032376051">
        <ele>319.72</ele>
      </trkpt>
      <trkpt lat="43.12634716741741" lon="-71.78137513808906">
        <ele>319.36</ele>
      </trkpt>
      <trkpt lat="43.12631204724312" lon="-71.78133674897254">
        <ele>319.13</ele>
      </trkpt>
      <trkpt lat="43.12627751380205" lon="-71.7812991142273">
        <ele>318.87</ele>
      </trkpt>
      <trkpt lat="43.12624239362776" lon="-71.7812608089298">
        <ele>318.58</ele>
      </trkpt>
      <trkpt lat="43.12617274001241" lon="-71.78118478506804">
        <ele>317.91</ele>
      </trkpt>
      <trkpt lat="43.12614994123578" lon="-71.78115997463465">
        <ele>317.67</ele>
      </trkpt>
      <trkpt lat="43.12608992680907" lon="-71.78103994578123">
        <ele>316.82</ele>
      </trkpt>
      <trkpt lat="43.1260730791837" lon="-71.78098605014384">
        <ele>316.48</ele>
      </trkpt>
      <trkpt lat="43.12605572864413" lon="-71.78093056194484">
        <ele>316.15</ele>
      </trkpt>
      <trkpt lat="43.12603837810457" lon="-71.78087498992682">
        <ele>315.86</ele>
      </trkpt>
      <trkpt lat="43.126020692288876" lon="-71.78081841208041">
        <ele>315.6</ele>
      </trkpt>
      <trkpt lat="43.12600334174931" lon="-71.78076292388141">
        <ele>315.38</ele>
      </trkpt>
      <trkpt lat="43.125989930704236" lon="-71.78071992471814">
        <ele>315.24</ele>
      </trkpt>
      <trkpt lat="43.1259745080024" lon="-71.78064775653183">
        <ele>315.02</ele>
      </trkpt>
      <trkpt lat="43.12596185132861" lon="-71.78058858029544">
        <ele>314.88</ele>
      </trkpt>
      <trkpt lat="43.1259367056191" lon="-71.78047156892717">
        <ele>314.66</ele>
      </trkpt>
      <trkpt lat="43.12592991627753" lon="-71.78043996915221">
        <ele>314.61</ele>
      </trkpt>
      <trkpt lat="43.12592991627753" lon="-71.78023017011583">
        <ele>314.31</ele>
      </trkpt>
      <trkpt lat="43.12592991627753" lon="-71.78010812960565">
        <ele>314.16</ele>
      </trkpt>
      <trkpt lat="43.12592991627753" lon="-71.78004652261734">
        <ele>314.11</ele>
      </trkpt>
      <trkpt lat="43.12592991627753" lon="-71.7799245659262">
        <ele>314.05</ele>
      </trkpt>
      <trkpt lat="43.12592991627753" lon="-71.77986421622336">
        <ele>314.05</ele>
      </trkpt>
      <trkpt lat="43.12592991627753" lon="-71.77982993423939">
        <ele>314.06</ele>
      </trkpt>
      <trkpt lat="43.12592078000307" lon="-71.77974309772253">
        <ele>314.09</ele>
      </trkpt>
      <trkpt lat="43.12591440975666" lon="-71.77968207746744">
        <ele>314.14</ele>
      </trkpt>
      <trkpt lat="43.12590996734798" lon="-71.77963991649449">
        <ele>314.2</ele>
      </trkpt>
      <trkpt lat="43.12588850967586" lon="-71.77956749685109">
        <ele>314.32</ele>
      </trkpt>
      <trkpt lat="43.125871662050486" lon="-71.77951041609049">
        <ele>314.45</ele>
      </trkpt>
      <trkpt lat="43.125855065882206" lon="-71.7794544249773">
        <ele>314.61</ele>
      </trkpt>
      <trkpt lat="43.12583821825683" lon="-71.7793973442167">
        <ele>314.79</ele>
      </trkpt>
      <trkpt lat="43.12577133066952" lon="-71.77917128428817">
        <ele>315.6</ele>
      </trkpt>
      <trkpt lat="43.12570477835834" lon="-71.77894631400704">
        <ele>316.37</ele>
      </trkpt>
      <trkpt lat="43.1256999168545" lon="-71.77892996929586">
        <ele>316.39</ele>
      </trkpt>
      <trkpt lat="43.12555314972997" lon="-71.77872561849654">
        <ele>316.77</ele>
      </trkpt>
      <trkpt lat="43.12552154995501" lon="-71.77868178114295">
        <ele>316.81</ele>
      </trkpt>
      <trkpt lat="43.125490033999085" lon="-71.77863785997033">
        <ele>316.82</ele>
      </trkpt>
      <trkpt lat="43.125469917431474" lon="-71.77860994823277">
        <ele>316.8</ele>
      </trkpt>
      <trkpt lat="43.12545608729124" lon="-71.77860056050122">
        <ele>316.8</ele>
      </trkpt>
      <trkpt lat="43.12537637539208" lon="-71.7785463295877">
        <ele>316.7</ele>
      </trkpt>
      <trkpt lat="43.12529574148357" lon="-71.77849151194096">
        <ele>316.54</ele>
      </trkpt>
      <trkpt lat="43.1252199690789" lon="-71.77843996323645">
        <ele>316.35</ele>
      </trkpt>
      <trkpt lat="43.12521577812731" lon="-71.77843803539872">
        <ele>316.35</ele>
      </trkpt>
      <trkpt lat="43.125131372362375" lon="-71.77839947864413">
        <ele>316.11</ele>
      </trkpt>
      <trkpt lat="43.12508954666555" lon="-71.7783803679049">
        <ele>315.97</ele>
      </trkpt>
      <trkpt lat="43.125046882778406" lon="-71.77836092188954">
        <ele>315.8</ele>
      </trkpt>
      <trkpt lat="43.12496239319444" lon="-71.77832228131592">
        <ele>315.4</ele>
      </trkpt>
      <trkpt lat="43.12475083395839" lon="-71.77822563797235">
        <ele>314.24</ele>
      </trkpt>
      <trkpt lat="43.12466634437442" lon="-71.77818708121777">
        <ele>313.84</ele>
      </trkpt>
      <trkpt lat="43.12458101660013" lon="-71.77814810536802">
        <ele>313.52</ele>
      </trkpt>
      <trkpt lat="43.12453927472234" lon="-71.77812899462879">
        <ele>313.39</ele>
      </trkpt>
      <trkpt lat="43.124496610835195" lon="-71.77810954861343">
        <ele>313.3</ele>
      </trkpt>
      <trkpt lat="43.12445478513837" lon="-71.7780904378742">
        <ele>313.22</ele>
      </trkpt>
      <trkpt lat="43.1244099419564" lon="-71.77806998603046">
        <ele>313.16</ele>
      </trkpt>
      <trkpt lat="43.124371552839875" lon="-71.77804727107286">
        <ele>313.11</ele>
      </trkpt>
      <trkpt lat="43.12412554398179" lon="-71.77790184505284">
        <ele>312.88</ele>
      </trkpt>
      <trkpt lat="43.12388020567596" lon="-71.777756921947">
        <ele>312.66</ele>
      </trkpt>
      <trkpt lat="43.123749950900674" lon="-71.77767997607589">
        <ele>312.58</ele>
      </trkpt>
      <trkpt lat="43.1236276589334" lon="-71.7776377312839">
        <ele>312.52</ele>
      </trkpt>
      <trkpt lat="43.123541325330734" lon="-71.77760789170861">
        <ele>312.43</ele>
      </trkpt>
      <trkpt lat="43.12328148633242" lon="-71.77751812152565">
        <ele>312.03</ele>
      </trkpt>
      <trkpt lat="43.12319993041456" lon="-71.77748995833099">
        <ele>311.92</ele>
      </trkpt>
      <trkpt lat="43.12310764566064" lon="-71.77746581844985">
        <ele>311.8</ele>
      </trkpt>
      <trkpt lat="43.122888542711735" lon="-71.77740865387022">
        <ele>311.57</ele>
      </trkpt>
      <trkpt lat="43.12275694683194" lon="-71.77737428806722">
        <ele>311.4</ele>
      </trkpt>
      <trkpt lat="43.12266943976283" lon="-71.7773514892906">
        <ele>311.27</ele>
      </trkpt>
      <trkpt lat="43.12258201651275" lon="-71.77732860669494">
        <ele>311.11</ele>
      </trkpt>
      <trkpt lat="43.12245033681393" lon="-71.77729424089193">
        <ele>310.81</ele>
      </trkpt>
      <trkpt lat="43.12223123386502" lon="-71.7772370763123">
        <ele>310.21</ele>
      </trkpt>
      <trkpt lat="43.122056387364864" lon="-71.77719139494002">
        <ele>309.68</ele>
      </trkpt>
      <trkpt lat="43.12201221473515" lon="-71.77717982791364">
        <ele>309.53</ele>
      </trkpt>
      <trkpt lat="43.12192470766604" lon="-71.77715702913702">
        <ele>309.2</ele>
      </trkpt>
      <trkpt lat="43.12174977734685" lon="-71.77711134776473">
        <ele>308.48</ele>
      </trkpt>
      <trkpt lat="43.12166235409677" lon="-71.7770885489881">
        <ele>308.07</ele>
      </trkpt>
      <trkpt lat="43.12157484702766" lon="-71.77706566639245">
        <ele>307.61</ele>
      </trkpt>
      <trkpt lat="43.12131165526807" lon="-71.77699693478644">
        <ele>306.13</ele>
      </trkpt>
      <trkpt lat="43.12117997556925" lon="-71.77696256898344">
        <ele>305.44</ele>
      </trkpt>
      <trkpt lat="43.12116991728544" lon="-71.77695997059345">
        <ele>305.39</ele>
      </trkpt>
      <trkpt lat="43.121049804612994" lon="-71.77692459896207">
        <ele>304.82</ele>
      </trkpt>
      <trkpt lat="43.12099993228912" lon="-71.77690993063152">
        <ele>304.6</ele>
      </trkpt>
      <trkpt lat="43.12088627368212" lon="-71.77682946436107">
        <ele>304.08</ele>
      </trkpt>
      <trkpt lat="43.12076800502837" lon="-71.77674564532936">
        <ele>303.42</ele>
      </trkpt>
      <trkpt lat="43.120609084144235" lon="-71.77663307636976">
        <ele>302.49</ele>
      </trkpt>
      <trkpt lat="43.120569102466106" lon="-71.77660474553704">
        <ele>302.23</ele>
      </trkpt>
      <trkpt lat="43.12051998451352" lon="-71.77656996063888">
        <ele>301.89</ele>
      </trkpt>
      <trkpt lat="43.12051998451352" lon="-71.77656996063888">
        <ele>301.89</ele>
      </trkpt>
      <trkpt lat="43.12051998451352" lon="-71.77656996063888">
        <ele>301.92</ele>
      </trkpt>
      <trkpt lat="43.12048536725342" lon="-71.77654783241451">
        <ele>301.67</ele>
      </trkpt>
      <trkpt lat="43.120403895154595" lon="-71.77649561315775">
        <ele>301.06</ele>
      </trkpt>
      <trkpt lat="43.12028252519667" lon="-71.77641774527729">
        <ele>300.05</ele>
      </trkpt>
      <trkpt lat="43.120201136916876" lon="-71.77636552602053">
        <ele>299.3</ele>
      </trkpt>
      <trkpt lat="43.12012997455895" lon="-71.77631992846727">
        <ele>298.6</ele>
      </trkpt>
      <trkpt lat="43.12007867731154" lon="-71.77629101090133">
        <ele>298.12</ele>
      </trkpt>
      <trkpt lat="43.11999552883208" lon="-71.7762441560626">
        <ele>297.26</ele>
      </trkpt>
      <trkpt lat="43.119912296533585" lon="-71.77619730122387">
        <ele>296.32</ele>
      </trkpt>
      <trkpt lat="43.119664527475834" lon="-71.776057574898">
        <ele>293.42</ele>
      </trkpt>
      <trkpt lat="43.11957995407283" lon="-71.77600996568799">
        <ele>292.48</ele>
      </trkpt>
      <trkpt lat="43.11946788802743" lon="-71.77591307088733">
        <ele>291.13</ele>
      </trkpt>
      <trkpt lat="43.119391864165664" lon="-71.77584727294743">
        <ele>290.29</ele>
      </trkpt>
      <trkpt lat="43.1193158403039" lon="-71.77578147500753">
        <ele>289.55</ele>
      </trkpt>
      <trkpt lat="43.119278540834785" lon="-71.77574928849936">
        <ele>289.21</ele>
      </trkpt>
      <trkpt lat="43.11920997686684" lon="-71.7756899446249">
        <ele>288.57</ele>
      </trkpt>
      <trkpt lat="43.11920444481075" lon="-71.77568047307432">
        <ele>288.57</ele>
      </trkpt>
      <trkpt lat="43.11903655529022" lon="-71.77539272233844">
        <ele>286.75</ele>
      </trkpt>
      <trkpt lat="43.11898039653897" lon="-71.77529649809003">
        <ele>286.2</ele>
      </trkpt>
      <trkpt lat="43.1188406702131" lon="-71.77505685947835">
        <ele>284.95</ele>
      </trkpt>
      <trkpt lat="43.11872893944383" lon="-71.77486533299088">
        <ele>283.8</ele>
      </trkpt>
      <trkpt lat="43.11861720867455" lon="-71.77467380650342">
        <ele>282.7</ele>
      </trkpt>
      <trkpt lat="43.1185610499233" lon="-71.77457749843597">
        <ele>282.11</ele>
      </trkpt>
      <trkpt lat="43.118505980819464" lon="-71.7744832020253">
        <ele>281.49</ele>
      </trkpt>
      <trkpt lat="43.11847739852965" lon="-71.77443408407271">
        <ele>281.14</ele>
      </trkpt>
      <trkpt lat="43.118449319154024" lon="-71.7743859719485">
        <ele>280.76</ele>
      </trkpt>
      <trkpt lat="43.118393747136" lon="-71.77429066970944">
        <ele>279.93</ele>
      </trkpt>
      <trkpt lat="43.11829995363951" lon="-71.77412998862565">
        <ele>278.39</ele>
      </trkpt>
      <trkpt lat="43.11827816069126" lon="-71.77410065196455">
        <ele>278.08</ele>
      </trkpt>
      <trkpt lat="43.118215296417475" lon="-71.77401599474251">
        <ele>277.08</ele>
      </trkpt>
      <trkpt lat="43.11815117485821" lon="-71.77392966113985">
        <ele>276.01</ele>
      </trkpt>
      <trkpt lat="43.118055537343025" lon="-71.77380099892616">
        <ele>274.28</ele>
      </trkpt>
      <trkpt lat="43.118039947003126" lon="-71.7737799603492">
        <ele>273.98</ele>
      </trkpt>
      <trkpt lat="43.11783995479345" lon="-71.77359991706908">
        <ele>270.63</ele>
      </trkpt>
      <trkpt lat="43.11783291399479" lon="-71.77359555847943">
        <ele>270.63</ele>
      </trkpt>
      <trkpt lat="43.1177510228008" lon="-71.77354476414621">
        <ele>269.35</ele>
      </trkpt>
      <trkpt lat="43.11754700727761" lon="-71.77341811358929">
        <ele>265.96</ele>
      </trkpt>
      <trkpt lat="43.11746595427394" lon="-71.77336782217026">
        <ele>264.55</ele>
      </trkpt>
      <trkpt lat="43.117343075573444" lon="-71.7732915468514">
        <ele>262.31</ele>
      </trkpt>
      <trkpt lat="43.11725992709398" lon="-71.77323999814689">
        <ele>260.88</ele>
      </trkpt>
      <trkpt lat="43.11725992709398" lon="-71.77323999814689">
        <ele>260.88</ele>
      </trkpt>
      <trkpt lat="43.11719052493572" lon="-71.77316648885608">
        <ele>259.51</ele>
      </trkpt>
      <trkpt lat="43.117154985666275" lon="-71.7731287702918">
        <ele>258.86</ele>
      </trkpt>
      <trkpt lat="43.117119362577796" lon="-71.77309113554657">
        <ele>258.26</ele>
      </trkpt>
      <trkpt lat="43.117089942097664" lon="-71.77305995486677">
        <ele>257.8</ele>
      </trkpt>
      <trkpt lat="43.11705951578915" lon="-71.77300245501101">
        <ele>257.18</ele>
      </trkpt>
      <trkpt lat="43.11703311279416" lon="-71.77295258268714">
        <ele>256.69</ele>
      </trkpt>
      <trkpt lat="43.11700670979917" lon="-71.77290271036327">
        <ele>256.24</ele>
      </trkpt>
      <trkpt lat="43.1169999204576" lon="-71.77288996987045">
        <ele>256.13</ele>
      </trkpt>
      <trkpt lat="43.116958597674966" lon="-71.77279869094491">
        <ele>255.4</ele>
      </trkpt>
      <trkpt lat="43.116911659017205" lon="-71.77269509062171">
        <ele>254.66</ele>
      </trkpt>
      <trkpt lat="43.116864217445254" lon="-71.7725904006511">
        <ele>254.0</ele>
      </trkpt>
      <trkpt lat="43.11684049665928" lon="-71.7725380975753">
        <ele>253.7</ele>
      </trkpt>
      <trkpt lat="43.11679355800152" lon="-71.77243441343307">
        <ele>253.17</ele>
      </trkpt>
      <trkpt lat="43.11674611642957" lon="-71.7723298072815">
        <ele>252.72</ele>
      </trkpt>
      <trkpt lat="43.11672239564359" lon="-71.77227742038667">
        <ele>252.51</ele>
      </trkpt>
      <trkpt lat="43.1167099904269" lon="-71.77224992774427">
        <ele>252.41</ele>
      </trkpt>
      <trkpt lat="43.116678055375814" lon="-71.77217172458768">
        <ele>252.15</ele>
      </trkpt>
      <trkpt lat="43.11654645949602" lon="-71.7718491051346">
        <ele>251.17</ele>
      </trkpt>
      <trkpt lat="43.11648108065128" lon="-71.77168884314597">
        <ele>250.63</ele>
      </trkpt>
      <trkpt lat="43.11639994382858" lon="-71.7714899405837">
        <ele>249.9</ele>
      </trkpt>
      <trkpt lat="43.116391226649284" lon="-71.77147728390992">
        <ele>249.85</ele>
      </trkpt>
      <trkpt lat="43.116330206394196" lon="-71.77138851955533">
        <ele>249.41</ele>
      </trkpt>
      <trkpt lat="43.116299360990524" lon="-71.77134367637336">
        <ele>249.17</ele>
      </trkpt>
      <trkpt lat="43.116268599405885" lon="-71.7712988331914">
        <ele>248.9</ele>
      </trkpt>
      <trkpt lat="43.11623775400221" lon="-71.77125399000943">
        <ele>248.6</ele>
      </trkpt>
      <trkpt lat="43.11620690859854" lon="-71.77120914682746">
        <ele>248.27</ele>
      </trkpt>
      <trkpt lat="43.11617991887033" lon="-71.77116991952062">
        <ele>247.92</ele>
      </trkpt>
      <trkpt lat="43.11617564409971" lon="-71.77116706967354">
        <ele>247.92</ele>
      </trkpt>
      <trkpt lat="43.11605435796082" lon="-71.77108626812696">
        <ele>246.76</ele>
      </trkpt>
      <trkpt lat="43.115849923342466" lon="-71.7709499783814">
        <ele>244.75</ele>
      </trkpt>
      <trkpt lat="43.115849923342466" lon="-71.7709499783814">
        <ele>244.75</ele>
      </trkpt>
      <trkpt lat="43.11572151258588" lon="-71.77091787569225">
        <ele>243.68</ele>
      </trkpt>
      <trkpt lat="43.11564993113279" lon="-71.77089993841946">
        <ele>243.16</ele>
      </trkpt>
      <trkpt lat="43.11563274823129" lon="-71.77090086042881">
        <ele>243.04</ele>
      </trkpt>
      <trkpt lat="43.11554289422929" lon="-71.77090555429459">
        <ele>242.47</ele>
      </trkpt>
      <trkpt lat="43.11549888923764" lon="-71.77090790122747">
        <ele>242.2</ele>
      </trkpt>
      <trkpt lat="43.115459997206926" lon="-71.77090999670327">
        <ele>241.99</ele>
      </trkpt>
      <trkpt lat="43.11540987342596" lon="-71.77092290483415">
        <ele>241.72</ele>
      </trkpt>
      <trkpt lat="43.115278109908104" lon="-71.770956851542">
        <ele>241.08</ele>
      </trkpt>
      <trkpt lat="43.115189764648676" lon="-71.77097965031862">
        <ele>240.69</ele>
      </trkpt>
      <trkpt lat="43.11514995060861" lon="-71.77098996005952">
        <ele>240.53</ele>
      </trkpt>
      <trkpt lat="43.11505666002631" lon="-71.77099725231528">
        <ele>240.19</ele>
      </trkpt>
      <trkpt lat="43.114877035841346" lon="-71.77101125009358">
        <ele>239.57</ele>
      </trkpt>
      <trkpt lat="43.11474326066673" lon="-71.77102164365351">
        <ele>239.2</ele>
      </trkpt>
      <trkpt lat="43.11460948549211" lon="-71.77103203721344">
        <ele>238.88</ele>
      </trkpt>
      <trkpt lat="43.114474788308144" lon="-71.77104259841144">
        <ele>238.65</ele>
      </trkpt>
      <trkpt lat="43.11437998898327" lon="-71.77104997448623">
        <ele>238.55</ele>
      </trkpt>
      <trkpt lat="43.11437998898327" lon="-71.77104997448623">
        <ele>238.55</ele>
      </trkpt>
      <trkpt lat="43.114173123613" lon="-71.77108056843281">
        <ele>238.14</ele>
      </trkpt>
      <trkpt lat="43.11404613777995" lon="-71.77109942771494">
        <ele>237.82</ele>
      </trkpt>
      <trkpt lat="43.11396122910082" lon="-71.7711120005697">
        <ele>237.3</ele>
      </trkpt>
      <trkpt lat="43.113876236602664" lon="-71.77112457342446">
        <ele>236.74</ele>
      </trkpt>
      <trkpt lat="43.11383994296193" lon="-71.77112993784249">
        <ele>236.43</ele>
      </trkpt>
      <trkpt lat="43.113833321258426" lon="-71.77112993784249">
        <ele>236.43</ele>
      </trkpt>
      <trkpt lat="43.11374698765576" lon="-71.77112993784249">
        <ele>235.77</ele>
      </trkpt>
      <trkpt lat="43.113618325442076" lon="-71.77112993784249">
        <ele>234.69</ele>
      </trkpt>
      <trkpt lat="43.113404335454106" lon="-71.77112993784249">
        <ele>232.75</ele>
      </trkpt>
      <trkpt lat="43.11327567324042" lon="-71.77112993784249">
        <ele>231.69</ele>
      </trkpt>
      <trkpt lat="43.11321993358433" lon="-71.77112993784249">
        <ele>231.67</ele>
      </trkpt>
      <trkpt lat="43.11321993358433" lon="-71.77112993784249">
        <ele>231.67</ele>
      </trkpt>
      <trkpt lat="43.11296537518501" lon="-71.77121317014098">
        <ele>229.6</ele>
      </trkpt>
      <trkpt lat="43.112835036590695" lon="-71.7712557502091">
        <ele>228.54</ele>
      </trkpt>
      <trkpt lat="43.11269992031157" lon="-71.77129992283881">
        <ele>227.45</ele>
      </trkpt>
      <trkpt lat="43.11269992031157" lon="-71.77129992283881">
        <ele>227.45</ele>
      </trkpt>
      <trkpt lat="43.112542759627104" lon="-71.77138365805149">
        <ele>226.37</ele>
      </trkpt>
      <trkpt lat="43.11238098889589" lon="-71.77146974019706">
        <ele>225.4</ele>
      </trkpt>
      <trkpt lat="43.11234075576067" lon="-71.77149119786918">
        <ele>225.18</ele>
      </trkpt>
      <trkpt lat="43.112259367480874" lon="-71.77153444848955">
        <ele>224.77</ele>
      </trkpt>
      <trkpt lat="43.112079994753" lon="-71.77162991836667">
        <ele>223.94</ele>
      </trkpt>
      <trkpt lat="43.11205526813865" lon="-71.77163654007018">
        <ele>223.84</ele>
      </trkpt>
      <trkpt lat="43.11201293952763" lon="-71.77164785563946">
        <ele>223.64</ele>
      </trkpt>
      <trkpt lat="43.11192995868623" lon="-71.77166998386383">
        <ele>223.18</ele>
      </trkpt>
      <trkpt lat="43.11192736029625" lon="-71.77166881039739">
        <ele>223.18</ele>
      </trkpt>
      <trkpt lat="43.111845552921295" lon="-71.77163100801408">
        <ele>222.66</ele>
      </trkpt>
      <trkpt lat="43.11171940527856" lon="-71.77157283760607">
        <ele>221.82</ele>
      </trkpt>
      <trkpt lat="43.111635921522975" lon="-71.77153428085148">
        <ele>221.21</ele>
      </trkpt>
      <trkpt lat="43.11159334145486" lon="-71.77151458337903">
        <ele>220.86</ele>
      </trkpt>
      <trkpt lat="43.11155151575804" lon="-71.77149530500174">
        <ele>220.48</ele>
      </trkpt>
      <trkpt lat="43.11146719381213" lon="-71.77145632915199">
        <ele>219.63</ele>
      </trkpt>
      <trkpt lat="43.11142545193434" lon="-71.77143713459373">
        <ele>219.16</ele>
      </trkpt>
      <trkpt lat="43.111215736716986" lon="-71.7713403236121">
        <ele>216.57</ele>
      </trkpt>
      <trkpt lat="43.11114993877709" lon="-71.77130998112261">
        <ele>215.8</ele>
      </trkpt>
      <trkpt lat="43.11113082803786" lon="-71.77130444906652">
        <ele>215.59</ele>
      </trkpt>
      <trkpt lat="43.111087661236525" lon="-71.7712919600308">
        <ele>215.13</ele>
      </trkpt>
      <trkpt lat="43.11100057326257" lon="-71.77126673050225">
        <ele>214.3</ele>
      </trkpt>
      <trkpt lat="43.11091348528862" lon="-71.77124158479273">
        <ele>213.56</ele>
      </trkpt>
      <trkpt lat="43.110827235504985" lon="-71.77121660672128">
        <ele>212.89</ele>
      </trkpt>
      <trkpt lat="43.110740063712" lon="-71.77119146101177">
        <ele>212.3</ele>
      </trkpt>
      <trkpt lat="43.11060989275575" lon="-71.77115382626653">
        <ele>211.54</ele>
      </trkpt>
      <trkpt lat="43.11043655499816" lon="-71.77110370248556">
        <ele>210.66</ele>
      </trkpt>
      <trkpt lat="43.110332703217864" lon="-71.77107361145318">
        <ele>210.16</ele>
      </trkpt>
      <trkpt lat="43.110332703217864" lon="-71.77107361145318">
        <ele>210.13</ele>
      </trkpt>
      <trkpt lat="43.11031996272504" lon="-71.77106992341578">
        <ele>210.06</ele>
      </trkpt>
      <trkpt lat="43.11022751033306" lon="-71.77104058675468">
        <ele>209.63</ele>
      </trkpt>
      <trkpt lat="43.110140757635236" lon="-71.77101292647421">
        <ele>209.15</ele>
      </trkpt>
      <trkpt lat="43.11009993776679" lon="-71.7709999345243">
        <ele>208.88</ele>
      </trkpt>
      <trkpt lat="43.11005542986095" lon="-71.77097889594734">
        <ele>208.59</ele>
      </trkpt>
      <trkpt lat="43.10990992002189" lon="-71.77090999670327">
        <ele>207.5</ele>
      </trkpt>
      <trkpt lat="43.109874380752444" lon="-71.77083170972764">
        <ele>207.03</ele>
      </trkpt>
      <trkpt lat="43.10982719063759" lon="-71.77072827704251">
        <ele>206.5</ele>
      </trkpt>
      <trkpt lat="43.109779665246606" lon="-71.77062375470996">
        <ele>206.03</ele>
      </trkpt>
      <trkpt lat="43.109685368835926" lon="-71.77041680552065">
        <ele>205.21</ele>
      </trkpt>
      <trkpt lat="43.109543547034264" lon="-71.7701053339988">
        <ele>204.09</ele>
      </trkpt>
      <trkpt lat="43.10949593782425" lon="-71.77000081166625">
        <ele>203.73</ele>
      </trkpt>
      <trkpt lat="43.109448831528425" lon="-71.76989729516208">
        <ele>203.43</ele>
      </trkpt>
      <trkpt lat="43.109399965032935" lon="-71.76978992298245">
        <ele>203.13</ele>
      </trkpt>
      <trkpt lat="43.10927985236049" lon="-71.76961440593004">
        <ele>202.58</ele>
      </trkpt>
      <trkpt lat="43.109269961714745" lon="-71.76959998905659">
        <ele>202.53</ele>
      </trkpt>
      <trkpt lat="43.109159991145134" lon="-71.76947996020317">
        <ele>202.1</ele>
      </trkpt>
      <trkpt lat="43.10913979075849" lon="-71.76946244202554">
        <ele>202.03</ele>
      </trkpt>
      <trkpt lat="43.10902730561793" lon="-71.76936496049166">
        <ele>201.59</ele>
      </trkpt>
      <trkpt lat="43.10900995507836" lon="-71.76934995688498">
        <ele>201.6</ele>
      </trkpt>
      <trkpt lat="43.10897307470441" lon="-71.76962018944323">
        <ele>201.79</ele>
      </trkpt>
      <trkpt lat="43.108956729993224" lon="-71.76974005065858">
        <ele>201.81</ele>
      </trkpt>
      <trkpt lat="43.108948515728116" lon="-71.76980056799948">
        <ele>201.78</ele>
      </trkpt>
      <trkpt lat="43.10893250629306" lon="-71.76991808228195">
        <ele>201.66</ele>
      </trkpt>
      <trkpt lat="43.108924040570855" lon="-71.76997985690832">
        <ele>201.56</ele>
      </trkpt>
      <trkpt lat="43.1089199334383" lon="-71.77000994794071">
        <ele>201.49</ele>
      </trkpt>
      <trkpt lat="43.108911300078034" lon="-71.77003718912601">
        <ele>201.44</ele>
      </trkpt>
      <trkpt lat="43.10889344662428" lon="-71.77009368315339">
        <ele>201.29</ele>
      </trkpt>
      <trkpt lat="43.10887584462762" lon="-71.77014908753335">
        <ele>201.12</ele>
      </trkpt>
      <trkpt lat="43.10885832644999" lon="-71.77020440809429">
        <ele>200.92</ele>
      </trkpt>
      <trkpt lat="43.1088403891772" lon="-71.77026090212166">
        <ele>200.69</ele>
      </trkpt>
      <trkpt lat="43.10880493372679" lon="-71.770372800529">
        <ele>200.17</ele>
      </trkpt>
      <trkpt lat="43.10878993012011" lon="-71.77041999064386">
        <ele>199.92</ele>
      </trkpt>
      <trkpt lat="43.10876562260091" lon="-71.77048075944185">
        <ele>199.6</ele>
      </trkpt>
      <trkpt lat="43.10874408110976" lon="-71.77053473889828">
        <ele>199.29</ele>
      </trkpt>
      <trkpt lat="43.108701249584556" lon="-71.77064169198275">
        <ele>198.62</ele>
      </trkpt>
      <trkpt lat="43.10865892097354" lon="-71.7707475554198">
        <ele>197.92</ele>
      </trkpt>
      <trkpt lat="43.108649952337146" lon="-71.77076993510127">
        <ele>197.73</ele>
      </trkpt>
      <trkpt lat="43.10858708806336" lon="-71.77088124677539">
        <ele>196.74</ele>
      </trkpt>
      <trkpt lat="43.108537467196584" lon="-71.77096892148256">
        <ele>196.0</ele>
      </trkpt>
      <trkpt lat="43.108519949018955" lon="-71.7709999345243">
        <ele>195.75</ele>
      </trkpt>
      <trkpt lat="43.10847954824567" lon="-71.77104544825852">
        <ele>195.3</ele>
      </trkpt>
      <trkpt lat="43.1084399856627" lon="-71.77108995616436">
        <ele>194.87</ele>
      </trkpt>
      <trkpt lat="43.108371421694756" lon="-71.77111049182713">
        <ele>194.3</ele>
      </trkpt>
      <trkpt lat="43.10833998955786" lon="-71.77111996337771">
        <ele>194.2</ele>
      </trkpt>
      <trkpt lat="43.10823429375887" lon="-71.77074772305787">
        <ele>193.37</ele>
      </trkpt>
      <trkpt lat="43.1081706751138" lon="-71.77052392624319">
        <ele>192.59</ele>
      </trkpt>
      <trkpt lat="43.10812281444669" lon="-71.77035511471331">
        <ele>191.98</ele>
      </trkpt>
      <trkpt lat="43.108109990134835" lon="-71.77030993625522">
        <ele>192.14</ele>
      </trkpt>
      <trkpt lat="43.10802994295955" lon="-71.77036995068192">
        <ele>192.55</ele>
      </trkpt>
      <trkpt lat="43.10794645920396" lon="-71.77048419602215">
        <ele>193.1</ele>
      </trkpt>
      <trkpt lat="43.10791779309511" lon="-71.770523423329">
        <ele>193.31</ele>
      </trkpt>
      <trkpt lat="43.10786054469645" lon="-71.77060179412365">
        <ele>193.77</ele>
      </trkpt>
      <trkpt lat="43.10783992521465" lon="-71.7706299573183">
        <ele>194.2</ele>
      </trkpt>
      <trkpt lat="43.10778049752116" lon="-71.77072660066187">
        <ele>195.58</ele>
      </trkpt>
      <trkpt lat="43.10770221054554" lon="-71.77085375413299">
        <ele>197.44</ele>
      </trkpt>
      <trkpt lat="43.107679998502135" lon="-71.77088996395469">
        <ele>197.95</ele>
      </trkpt>
      <trkpt lat="43.10762551613152" lon="-71.7708923947066">
        <ele>198.77</ele>
      </trkpt>
      <trkpt lat="43.10753566212952" lon="-71.7708963342011">
        <ele>200.17</ele>
      </trkpt>
      <trkpt lat="43.10740171931684" lon="-71.77090228535235">
        <ele>202.35</ele>
      </trkpt>
      <trkpt lat="43.107229974120855" lon="-71.77090999670327">
        <ele>205.31</ele>
      </trkpt>
      <trkpt lat="43.10722377151251" lon="-71.77090974524617">
        <ele>205.31</ele>
      </trkpt>
      <trkpt lat="43.10713475570083" lon="-71.7709063924849">
        <ele>206.75</ele>
      </trkpt>
      <trkpt lat="43.106776932254434" lon="-71.77089314907789">
        <ele>212.27</ele>
      </trkpt>
      <trkpt lat="43.10655397363007" lon="-71.77088493481278">
        <ele>215.6</ele>
      </trkpt>
      <trkpt lat="43.10637602582574" lon="-71.77087831310928">
        <ele>218.32</ele>
      </trkpt>
      <trkpt lat="43.10628608800471" lon="-71.77087496034801">
        <ele>219.65</ele>
      </trkpt>
      <trkpt lat="43.10619707219303" lon="-71.77087169140577">
        <ele>220.92</ele>
      </trkpt>
      <trkpt lat="43.1061499658972" lon="-71.77086993120611">
        <ele>221.53</ele>
      </trkpt>
      <trkpt lat="43.1061499658972" lon="-71.77086993120611">
        <ele>221.53</ele>
      </trkpt>
      <trkpt lat="43.10606371611357" lon="-71.77085584960878">
        <ele>222.67</ele>
      </trkpt>
      <trkpt lat="43.10601996257901" lon="-71.77084872499108">
        <ele>223.19</ele>
      </trkpt>
      <trkpt lat="43.105930695310235" lon="-71.77083405666053">
        <ele>224.16</ele>
      </trkpt>
      <trkpt lat="43.105753837153316" lon="-71.77080513909459">
        <ele>225.99</ele>
      </trkpt>
      <trkpt lat="43.10562081634998" lon="-71.77078334614635">
        <ele>227.43</ele>
      </trkpt>
      <trkpt lat="43.105599945411086" lon="-71.77077999338508">
        <ele>227.66</ele>
      </trkpt>
      <trkpt lat="43.10553305782378" lon="-71.77075719460845">
        <ele>228.43</ele>
      </trkpt>
      <trkpt lat="43.10523021966219" lon="-71.77065401338041">
        <ele>232.06</ele>
      </trkpt>
      <trkpt lat="43.10514380224049" lon="-71.77062450908124">
        <ele>233.07</ele>
      </trkpt>
      <trkpt lat="43.105056546628475" lon="-71.77059483714402">
        <ele>234.04</ele>
      </trkpt>
      <trkpt lat="43.104926543310285" lon="-71.77055049687624">
        <ele>235.42</ele>
      </trkpt>
      <trkpt lat="43.10479737818241" lon="-71.77050649188459">
        <ele>236.72</ele>
      </trkpt>
      <trkpt lat="43.104363614693284" lon="-71.77035871893167">
        <ele>240.65</ele>
      </trkpt>
      <trkpt lat="43.104277197271585" lon="-71.77032921463251">
        <ele>241.39</ele>
      </trkpt>
      <trkpt lat="43.10424995608628" lon="-71.77031999453902">
        <ele>241.6</ele>
      </trkpt>
      <trkpt lat="43.1041934620589" lon="-71.77028856240213">
        <ele>242.08</ele>
      </trkpt>
      <trkpt lat="43.10406932607293" lon="-71.77021957933903">
        <ele>243.02</ele>
      </trkpt>
      <trkpt lat="43.10394510626793" lon="-71.77015059627593">
        <ele>243.88</ele>
      </trkpt>
      <trkpt lat="43.103861790150404" lon="-71.77010432817042">
        <ele>244.41</ele>
      </trkpt>
      <trkpt lat="43.10373849235475" lon="-71.77003576420248">
        <ele>245.14</ele>
      </trkpt>
      <trkpt lat="43.10370999388397" lon="-71.77001992240548">
        <ele>245.27</ele>
      </trkpt>
      <trkpt lat="43.103566160425544" lon="-71.76998212002218">
        <ele>245.94</ele>
      </trkpt>
      <trkpt lat="43.10351997613907" lon="-71.76996996626258">
        <ele>246.12</ele>
      </trkpt>
      <trkpt lat="43.103345884010196" lon="-71.7699444014579">
        <ele>246.81</ele>
      </trkpt>
      <trkpt lat="43.103214455768466" lon="-71.76992503926158">
        <ele>247.36</ele>
      </trkpt>
      <trkpt lat="43.1031799223274" lon="-71.76991992630064">
        <ele>247.54</ele>
      </trkpt>
      <trkpt lat="43.10312770307064" lon="-71.76991221494973">
        <ele>247.82</ele>
      </trkpt>
      <trkpt lat="43.103041872382164" lon="-71.76989955827594">
        <ele>248.32</ele>
      </trkpt>
      <trkpt lat="43.10291136614978" lon="-71.76988027989864">
        <ele>249.11</ele>
      </trkpt>
      <trkpt lat="43.10282553546131" lon="-71.76986762322485">
        <ele>249.68</ele>
      </trkpt>
      <trkpt lat="43.1027396209538" lon="-71.76985488273203">
        <ele>250.33</ele>
      </trkpt>
      <trkpt lat="43.10256527736783" lon="-71.7698291502893">
        <ele>251.73</ele>
      </trkpt>
      <trkpt lat="43.10247860848904" lon="-71.76981632597744">
        <ele>252.39</ele>
      </trkpt>
      <trkpt lat="43.10229999013245" lon="-71.76978992298245">
        <ele>253.62</ele>
      </trkpt>
      <trkpt lat="43.10229999013245" lon="-71.76978992298245">
        <ele>253.62</ele>
      </trkpt>
      <trkpt lat="43.102178536355495" lon="-71.7697532940656">
        <ele>254.51</ele>
      </trkpt>
      <trkpt lat="43.10209337621927" lon="-71.76972747780383">
        <ele>255.03</ele>
      </trkpt>
      <trkpt lat="43.102050377056" lon="-71.76971448585391">
        <ele>255.26</ele>
      </trkpt>
      <trkpt lat="43.1019660551101" lon="-71.76968900486827">
        <ele>255.67</ele>
      </trkpt>
      <trkpt lat="43.10186999849975" lon="-71.76965991966426">
        <ele>255.62</ele>
      </trkpt>
      <trkpt lat="43.10184007510543" lon="-71.76962153054774">
        <ele>255.61</ele>
      </trkpt>
      <trkpt lat="43.1017430126667" lon="-71.76949672400951">
        <ele>255.52</ele>
      </trkpt>
      <trkpt lat="43.101729936897755" lon="-71.76947996020317">
        <ele>255.5</ele>
      </trkpt>
      <trkpt lat="43.10162357054651" lon="-71.76917410455644">
        <ele>255.24</ele>
      </trkpt>
      <trkpt lat="43.10158568434417" lon="-71.76906513981521">
        <ele>255.19</ele>
      </trkpt>
      <trkpt lat="43.10156992636621" lon="-71.76901996135712">
        <ele>255.17</ele>
      </trkpt>
      <trkpt lat="43.10152458027005" lon="-71.76890739239752">
        <ele>255.12</ele>
      </trkpt>
      <trkpt lat="43.10146104544401" lon="-71.768750064075">
        <ele>255.08</ele>
      </trkpt>
      <trkpt lat="43.101356187835336" lon="-71.76849022507668">
        <ele>255.07</ele>
      </trkpt>
      <trkpt lat="43.10133992694318" lon="-71.76844999194145">
        <ele>255.04</ele>
      </trkpt>
      <trkpt lat="43.10122995637357" lon="-71.7682799231261">
        <ele>254.94</ele>
      </trkpt>
      <trkpt lat="43.10113985091448" lon="-71.768200378865">
        <ele>254.88</ele>
      </trkpt>
      <trkpt lat="43.10105997137725" lon="-71.76812997087836">
        <ele>254.8</ele>
      </trkpt>
      <trkpt lat="43.10102409683168" lon="-71.7681163083762">
        <ele>254.78</ele>
      </trkpt>
      <trkpt lat="43.100849920883775" lon="-71.76804992370307">
        <ele>254.59</ele>
      </trkpt>
      <trkpt lat="43.100726287811995" lon="-71.76801756955683">
        <ele>254.46</ele>
      </trkpt>
      <trkpt lat="43.10042998753488" lon="-71.76793995313346">
        <ele>254.1</ele>
      </trkpt>
      <trkpt lat="43.100387742742896" lon="-71.7679310683161">
        <ele>254.06</ele>
      </trkpt>
      <trkpt lat="43.10030149295926" lon="-71.76791296340525">
        <ele>253.8</ele>
      </trkpt>
      <trkpt lat="43.10008549131453" lon="-71.76786770112813">
        <ele>253.25</ele>
      </trkpt>
      <trkpt lat="43.099999241530895" lon="-71.76784959621727">
        <ele>253.01</ele>
      </trkpt>
      <trkpt lat="43.09991215355694" lon="-71.76783123984933">
        <ele>252.74</ele>
      </trkpt>
      <trkpt lat="43.099783239886165" lon="-71.76780425012112">
        <ele>252.29</ele>
      </trkpt>
      <trkpt lat="43.09961996041238" lon="-71.76776996813715">
        <ele>251.6</ele>
      </trkpt>
      <trkpt lat="43.09956816025078" lon="-71.76775270141661">
        <ele>251.39</ele>
      </trkpt>
      <trkpt lat="43.09948249720037" lon="-71.7677241191268">
        <ele>251.07</ele>
      </trkpt>
      <trkpt lat="43.09944050386548" lon="-71.7677101213485">
        <ele>250.95</ele>
      </trkpt>
      <trkpt lat="43.099397756159306" lon="-71.76769587211311">
        <ele>250.85</ele>
      </trkpt>
      <trkpt lat="43.099355762824416" lon="-71.76768187433481">
        <ele>250.79</ele>
      </trkpt>
      <trkpt lat="43.09922995045781" lon="-71.76763996481895">
        <ele>250.65</ele>
      </trkpt>
      <trkpt lat="43.09919717721641" lon="-71.76768732257187">
        <ele>250.6</ele>
      </trkpt>
      <trkpt lat="43.09916624799371" lon="-71.76773199811578">
        <ele>250.59</ele>
      </trkpt>
      <trkpt lat="43.099135318771005" lon="-71.76777667365968">
        <ele>250.61</ele>
      </trkpt>
      <trkpt lat="43.09907404705882" lon="-71.76786518655717">
        <ele>250.76</ele>
      </trkpt>
      <trkpt lat="43.09904999099672" lon="-71.76789997145534">
        <ele>251.22</ele>
      </trkpt>
      <trkpt lat="43.099095337092876" lon="-71.76801488734782">
        <ele>252.48</ele>
      </trkpt>
      <trkpt lat="43.099178317934275" lon="-71.76822510547936">
        <ele>254.69</ele>
      </trkpt>
      <trkpt lat="43.09919994324446" lon="-71.7682799231261">
        <ele>255.28</ele>
      </trkpt>
      <trkpt lat="43.09921368956566" lon="-71.76839467138052">
        <ele>256.4</ele>
      </trkpt>
      <trkpt lat="43.09922785498202" lon="-71.76851252093911">
        <ele>257.46</ele>
      </trkpt>
      <trkpt lat="43.09922995045781" lon="-71.76852995529771">
        <ele>257.6</ele>
      </trkpt>
      <trkpt lat="43.099220898002386" lon="-71.76862978376448">
        <ele>258.43</ele>
      </trkpt>
      <trkpt lat="43.09920991770923" lon="-71.76874998025596">
        <ele>259.34</ele>
      </trkpt>
      <trkpt lat="43.09912811033428" lon="-71.76895910874009">
        <ele>261.14</ele>
      </trkpt>
      <trkpt lat="43.09902995824814" lon="-71.76920997910202">
        <ele>263.35</ele>
      </trkpt>
      <trkpt lat="43.09896399267018" lon="-71.7693124897778">
        <ele>264.42</ele>
      </trkpt>
      <trkpt lat="43.098939936608076" lon="-71.76934995688498">
        <ele>264.73</ele>
      </trkpt>
      <trkpt lat="43.098847232759" lon="-71.769450455904">
        <ele>265.77</ele>
      </trkpt>
      <trkpt lat="43.09881999157369" lon="-71.76947996020317">
        <ele>266.05</ele>
      </trkpt>
      <trkpt lat="43.09874648228288" lon="-71.76952463574708">
        <ele>266.73</ele>
      </trkpt>
      <trkpt lat="43.09866601601243" lon="-71.76957366988063">
        <ele>267.86</ele>
      </trkpt>
      <trkpt lat="43.098589992150664" lon="-71.76961993798614">
        <ele>268.9</ele>
      </trkpt>
      <trkpt lat="43.098399974405766" lon="-71.76969998516142">
        <ele>271.39</ele>
      </trkpt>
      <trkpt lat="43.09833434410393" lon="-71.76973552443087">
        <ele>272.28</ele>
      </trkpt>
      <trkpt lat="43.09815991669893" lon="-71.76982998847961">
        <ele>274.73</ele>
      </trkpt>
      <trkpt lat="43.09799797832966" lon="-71.77000902593136">
        <ele>277.45</ele>
      </trkpt>
      <trkpt lat="43.0977922026068" lon="-71.7702364269644">
        <ele>280.74</ele>
      </trkpt>
      <trkpt lat="43.097723638638854" lon="-71.77031219936907">
        <ele>281.8</ele>
      </trkpt>
      <trkpt lat="43.09758994728327" lon="-71.77045997232199">
        <ele>283.75</ele>
      </trkpt>
      <trkpt lat="43.097512079402804" lon="-71.7705263569951">
        <ele>284.8</ele>
      </trkpt>
      <trkpt lat="43.097437312826514" lon="-71.77059022709727">
        <ele>285.83</ele>
      </trkpt>
      <trkpt lat="43.09736246243119" lon="-71.77065401338041">
        <ele>286.91</ele>
      </trkpt>
      <trkpt lat="43.09721284545958" lon="-71.77078158594668">
        <ele>289.13</ele>
      </trkpt>
      <trkpt lat="43.09713799506426" lon="-71.77084545604885">
        <ele>290.2</ele>
      </trkpt>
      <trkpt lat="43.09706322848797" lon="-71.77090924233198">
        <ele>291.19</ele>
      </trkpt>
      <trkpt lat="43.096989216282964" lon="-71.77097235806286">
        <ele>292.1</ele>
      </trkpt>
      <trkpt lat="43.09687622822821" lon="-71.77106874994934">
        <ele>293.1</ele>
      </trkpt>
      <trkpt lat="43.09676324017346" lon="-71.77116514183581">
        <ele>294.01</ele>
      </trkpt>
      <trkpt lat="43.09668763540685" lon="-71.7712295986712">
        <ele>294.55</ele>
      </trkpt>
      <trkpt lat="43.09665025211871" lon="-71.77126144990325">
        <ele>294.8</ele>
      </trkpt>
      <trkpt lat="43.0965746473521" lon="-71.77132590673864">
        <ele>295.24</ele>
      </trkpt>
      <trkpt lat="43.096537264063954" lon="-71.77135784178972">
        <ele>295.44</ele>
      </trkpt>
      <trkpt lat="43.09646165929735" lon="-71.77142229862511">
        <ele>295.77</ele>
      </trkpt>
      <trkpt lat="43.0964242760092" lon="-71.7714542336762">
        <ele>295.9</ele>
      </trkpt>
      <trkpt lat="43.096348671242595" lon="-71.77151869051158">
        <ele>296.1</ele>
      </trkpt>
      <trkpt lat="43.096273904666305" lon="-71.77158247679472">
        <ele>296.24</ele>
      </trkpt>
      <trkpt lat="43.096229983493686" lon="-71.7716199439019">
        <ele>296.3</ele>
      </trkpt>
      <trkpt lat="43.09599998407066" lon="-71.77175992168486">
        <ele>296.64</ele>
      </trkpt>
      <trkpt lat="43.09591750614345" lon="-71.7718268930912">
        <ele>296.77</ele>
      </trkpt>
      <trkpt lat="43.095839973539114" lon="-71.77188992500305">
        <ele>296.95</ele>
      </trkpt>
      <trkpt lat="43.095839973539114" lon="-71.77188992500305">
        <ele>296.95</ele>
      </trkpt>
      <trkpt lat="43.09580862522125" lon="-71.77193007431924">
        <ele>297.06</ele>
      </trkpt>
      <trkpt lat="43.09574349783361" lon="-71.7720132227987">
        <ele>297.32</ele>
      </trkpt>
      <trkpt lat="43.09567837044597" lon="-71.77209637127817">
        <ele>297.61</ele>
      </trkpt>
      <trkpt lat="43.09565993025899" lon="-71.77211992442608">
        <ele>297.71</ele>
      </trkpt>
      <trkpt lat="43.09561760164797" lon="-71.77218530327082">
        <ele>297.99</ele>
      </trkpt>
      <trkpt lat="43.095588348805904" lon="-71.77223048172891">
        <ele>298.22</ele>
      </trkpt>
      <trkpt lat="43.095529256388545" lon="-71.77232159301639">
        <ele>298.75</ele>
      </trkpt>
      <trkpt lat="43.095411071553826" lon="-71.7725039832294">
        <ele>300.0</ele>
      </trkpt>
      <trkpt lat="43.095351895317435" lon="-71.7725951783359">
        <ele>300.71</ele>
      </trkpt>
      <trkpt lat="43.095292802900076" lon="-71.77268637344241">
        <ele>301.53</ele>
      </trkpt>
      <trkpt lat="43.09523429721594" lon="-71.77277664653957">
        <ele>302.44</ele>
      </trkpt>
      <trkpt lat="43.09517520479858" lon="-71.77286784164608">
        <ele>303.4</ele>
      </trkpt>
      <trkpt lat="43.09502776712179" lon="-71.77309532649815">
        <ele>305.95</ele>
      </trkpt>
      <trkpt lat="43.09496867470443" lon="-71.77318652160466">
        <ele>306.93</ele>
      </trkpt>
      <trkpt lat="43.094959957525134" lon="-71.77319993264973">
        <ele>307.06</ele>
      </trkpt>
      <trkpt lat="43.09490413405001" lon="-71.77327050827444">
        <ele>307.83</ele>
      </trkpt>
      <trkpt lat="43.09487177990377" lon="-71.77331141196191">
        <ele>308.24</ele>
      </trkpt>
      <trkpt lat="43.09483942575753" lon="-71.77335231564939">
        <ele>308.63</ele>
      </trkpt>
      <trkpt lat="43.09480640105903" lon="-71.77339414134622">
        <ele>308.99</ele>
      </trkpt>
      <trkpt lat="43.09477396309376" lon="-71.7734350450337">
        <ele>309.31</ele>
      </trkpt>
      <trkpt lat="43.09470925480127" lon="-71.77351693622768">
        <ele>309.86</ele>
      </trkpt>
      <trkpt lat="43.09467623010278" lon="-71.77355867810547">
        <ele>310.09</ele>
      </trkpt>
      <trkpt lat="43.09464312158525" lon="-71.77360041998327">
        <ele>310.29</ele>
      </trkpt>
      <trkpt lat="43.09461076743901" lon="-71.77364140748978">
        <ele>310.46</ele>
      </trkpt>
      <trkpt lat="43.09451228007674" lon="-71.77376587875187">
        <ele>310.88</ele>
      </trkpt>
      <trkpt lat="43.0944299697876" lon="-71.77386998198926">
        <ele>311.19</ele>
      </trkpt>
      <trkpt lat="43.094327710568905" lon="-71.77402789704502">
        <ele>311.62</ele>
      </trkpt>
      <trkpt lat="43.09431999921799" lon="-71.77403996698558">
        <ele>311.64</ele>
      </trkpt>
      <trkpt lat="43.094279346987605" lon="-71.77412998862565">
        <ele>311.84</ele>
      </trkpt>
      <trkpt lat="43.09425663203001" lon="-71.77418028004467">
        <ele>311.93</ele>
      </trkpt>
      <trkpt lat="43.094232492148876" lon="-71.77423375658691">
        <ele>311.99</ele>
      </trkpt>
      <trkpt lat="43.09420935809612" lon="-71.77428505383432">
        <ele>312.01</ele>
      </trkpt>
      <trkpt lat="43.09418622404337" lon="-71.77433643490076">
        <ele>311.97</ele>
      </trkpt>
      <trkpt lat="43.094162587076426" lon="-71.77438873797655">
        <ele>311.88</ele>
      </trkpt>
      <trkpt lat="43.09413936920464" lon="-71.77444011904299">
        <ele>311.73</ele>
      </trkpt>
      <trkpt lat="43.0941157322377" lon="-71.77449250593781">
        <ele>311.52</ele>
      </trkpt>
      <trkpt lat="43.09409259818494" lon="-71.77454380318522">
        <ele>311.27</ele>
      </trkpt>
      <trkpt lat="43.093949938192964" lon="-71.77485996857285">
        <ele>309.47</ele>
      </trkpt>
      <trkpt lat="43.093949938192964" lon="-71.77485996857285">
        <ele>309.47</ele>
      </trkpt>
      <trkpt lat="43.09390031732619" lon="-71.7749525886029">
        <ele>308.95</ele>
      </trkpt>
      <trkpt lat="43.09382161125541" lon="-71.7750995233655">
        <ele>308.28</ele>
      </trkpt>
      <trkpt lat="43.093799985945225" lon="-71.77513992413878">
        <ele>308.15</ele>
      </trkpt>
      <trkpt lat="43.09376704506576" lon="-71.77526414394379">
        <ele>307.84</ele>
      </trkpt>
      <trkpt lat="43.09373703785241" lon="-71.77537763491273">
        <ele>307.61</ele>
      </trkpt>
      <trkpt lat="43.09372203424573" lon="-71.7754343803972">
        <ele>307.52</ele>
      </trkpt>
      <trkpt lat="43.09370996430516" lon="-71.77547997795045">
        <ele>307.45</ele>
      </trkpt>
      <trkpt lat="43.09368683025241" lon="-71.77567150443792">
        <ele>307.21</ele>
      </trkpt>
      <trkpt lat="43.09367962181568" lon="-71.77573101595044">
        <ele>307.1</ele>
      </trkpt>
      <trkpt lat="43.093672497197986" lon="-71.77579061128199">
        <ele>306.95</ele>
      </trkpt>
      <trkpt lat="43.093665121123195" lon="-71.77585129626095">
        <ele>306.74</ele>
      </trkpt>
      <trkpt lat="43.09365791268647" lon="-71.7759108915925">
        <ele>306.47</ele>
      </trkpt>
      <trkpt lat="43.09365078806877" lon="-71.77597040310502">
        <ele>306.11</ele>
      </trkpt>
      <trkpt lat="43.093643579632044" lon="-71.77602991461754">
        <ele>305.67</ele>
      </trkpt>
      <trkpt lat="43.09363997541368" lon="-71.77605992183089">
        <ele>305.39</ele>
      </trkpt>
      <trkpt lat="43.09363218024373" lon="-71.77608791738749">
        <ele>305.13</ele>
      </trkpt>
      <trkpt lat="43.09361617080867" lon="-71.77614550106227">
        <ele>304.51</ele>
      </trkpt>
      <trkpt lat="43.093589935451746" lon="-71.77623996511102">
        <ele>303.32</ele>
      </trkpt>
      <trkpt lat="43.093535201624036" lon="-71.7763585690409">
        <ele>301.69</ele>
      </trkpt>
      <trkpt lat="43.09352992102504" lon="-71.77636996842921">
        <ele>301.54</ele>
      </trkpt>
      <trkpt lat="43.093506870791316" lon="-71.7764045856893">
        <ele>301.06</ele>
      </trkpt>
      <trkpt lat="43.09347661212087" lon="-71.7764500156045">
        <ele>300.49</ele>
      </trkpt>
      <trkpt lat="43.09344685636461" lon="-71.77649460732937">
        <ele>300.0</ele>
      </trkpt>
      <trkpt lat="43.09341718442738" lon="-71.77653919905424">
        <ele>299.58</ele>
      </trkpt>
      <trkpt lat="43.09338742867112" lon="-71.77658370696008">
        <ele>299.21</ele>
      </trkpt>
      <trkpt lat="43.093357756733894" lon="-71.77662829868495">
        <ele>298.89</ele>
      </trkpt>
      <trkpt lat="43.093349961563945" lon="-71.77663994953036">
        <ele>298.81</ele>
      </trkpt>
      <trkpt lat="43.09331794269383" lon="-71.77664799615741">
        <ele>298.6</ele>
      </trkpt>
      <trkpt lat="43.0931899510324" lon="-71.77667993120849">
        <ele>297.9</ele>
      </trkpt>
      <trkpt lat="43.09309917502105" lon="-71.77666945382953">
        <ele>297.42</ele>
      </trkpt>
      <trkpt lat="43.093010410666466" lon="-71.77665922790766">
        <ele>297.01</ele>
      </trkpt>
      <trkpt lat="43.09292994439602" lon="-71.77664992399514">
        <ele>296.69</ele>
      </trkpt>
      <trkpt lat="43.09292265214026" lon="-71.77664866670966">
        <ele>296.69</ele>
      </trkpt>
      <trkpt lat="43.09287806041539" lon="-71.77664103917778">
        <ele>296.57</ele>
      </trkpt>
      <trkpt lat="43.092790553346276" lon="-71.77662595175207">
        <ele>296.39</ele>
      </trkpt>
      <trkpt lat="43.09274688363075" lon="-71.77661840803921">
        <ele>296.33</ele>
      </trkpt>
      <trkpt lat="43.092658538371325" lon="-71.77660315297544">
        <ele>296.27</ele>
      </trkpt>
      <trkpt lat="43.092639930546284" lon="-71.77659996785223">
        <ele>296.26</ele>
      </trkpt>
      <trkpt lat="43.09257069602609" lon="-71.77658328786492">
        <ele>296.25</ele>
      </trkpt>
      <trkpt lat="43.09248385950923" lon="-71.77656241692603">
        <ele>296.27</ele>
      </trkpt>
      <trkpt lat="43.092396184802055" lon="-71.77654129453003">
        <ele>296.33</ele>
      </trkpt>
      <trkpt lat="43.09230943210423" lon="-71.7765203397721">
        <ele>296.42</ele>
      </trkpt>
      <trkpt lat="43.092221757397056" lon="-71.77649930119514">
        <ele>296.55</ele>
      </trkpt>
      <trkpt lat="43.0921349208802" lon="-71.77647834643722">
        <ele>296.72</ele>
      </trkpt>
      <trkpt lat="43.09209996834397" lon="-71.77646996453404">
        <ele>296.81</ele>
      </trkpt>
      <trkpt lat="43.092046743258834" lon="-71.77646158263087">
        <ele>296.97</ele>
      </trkpt>
      <trkpt lat="43.091957392171025" lon="-71.77644750103354">
        <ele>297.28</ele>
      </trkpt>
      <trkpt lat="43.09182520955801" lon="-71.77642671391368">
        <ele>297.84</ele>
      </trkpt>
      <trkpt lat="43.0917358584702" lon="-71.77641271613538">
        <ele>298.25</ele>
      </trkpt>
      <trkpt lat="43.09164742939174" lon="-71.77639880217612">
        <ele>298.73</ele>
      </trkpt>
      <trkpt lat="43.09155891649425" lon="-71.77638488821685">
        <ele>299.24</ele>
      </trkpt>
      <trkpt lat="43.09146956540644" lon="-71.77637080661952">
        <ele>299.77</ele>
      </trkpt>
      <trkpt lat="43.09133738279343" lon="-71.77635001949966">
        <ele>300.61</ele>
      </trkpt>
      <trkpt lat="43.09124895371497" lon="-71.7763361055404">
        <ele>301.34</ele>
      </trkpt>
      <trkpt lat="43.09120997786522" lon="-71.77632998675108">
        <ele>301.74</ele>
      </trkpt>
      <trkpt lat="43.091204445809126" lon="-71.77632755599916">
        <ele>301.74</ele>
      </trkpt>
      <trkpt lat="43.09111962094903" lon="-71.77629059180617">
        <ele>302.6</ele>
      </trkpt>
      <trkpt lat="43.091034796088934" lon="-71.77625354379416">
        <ele>303.53</ele>
      </trkpt>
      <trkpt lat="43.09094913303852" lon="-71.77621616050601">
        <ele>304.55</ele>
      </trkpt>
      <trkpt lat="43.090481255203485" lon="-71.77601214498281">
        <ele>310.39</ele>
      </trkpt>
      <trkpt lat="43.09039643034339" lon="-71.7759750969708">
        <ele>311.37</ele>
      </trkpt>
      <trkpt lat="43.09031160548329" lon="-71.77593813277781">
        <ele>312.24</ele>
      </trkpt>
      <trkpt lat="43.09026994742453" lon="-71.77591994404793">
        <ele>312.63</ele>
      </trkpt>
      <trkpt lat="43.090268690139055" lon="-71.7759196087718">
        <ele>312.63</ele>
      </trkpt>
      <trkpt lat="43.090181685984135" lon="-71.77589379251003">
        <ele>313.32</ele>
      </trkpt>
      <trkpt lat="43.090050760656595" lon="-71.77585498429835">
        <ele>314.24</ele>
      </trkpt>
      <trkpt lat="43.089999966323376" lon="-71.77583998069167">
        <ele>314.54</ele>
      </trkpt>
      <trkpt lat="43.08996291831136" lon="-71.77583889104426">
        <ele>314.77</ele>
      </trkpt>
      <trkpt lat="43.089917907491326" lon="-71.77583763375878">
        <ele>315.0</ele>
      </trkpt>
      <trkpt lat="43.089828891679645" lon="-71.7758350353688">
        <ele>315.4</ele>
      </trkpt>
      <trkpt lat="43.089783964678645" lon="-71.77583377808332">
        <ele>315.58</ele>
      </trkpt>
      <trkpt lat="43.08969494886696" lon="-71.77583126351237">
        <ele>315.89</ele>
      </trkpt>
      <trkpt lat="43.08964993804693" lon="-71.77582992240787">
        <ele>316.02</ele>
      </trkpt>
      <trkpt lat="43.08956100605428" lon="-71.77583570592105">
        <ele>316.29</ele>
      </trkpt>
      <trkpt lat="43.08947207406163" lon="-71.77584140561521">
        <ele>316.5</ele>
      </trkpt>
      <trkpt lat="43.089427230879664" lon="-71.77584433928132">
        <ele>316.58</ele>
      </trkpt>
      <trkpt lat="43.089338298887014" lon="-71.77585003897548">
        <ele>316.66</ele>
      </trkpt>
      <trkpt lat="43.089249366894364" lon="-71.77585582248867">
        <ele>316.65</ele>
      </trkpt>
      <trkpt lat="43.08902992866933" lon="-71.77586998790503">
        <ele>316.42</ele>
      </trkpt>
      <trkpt lat="43.089025653898716" lon="-71.77586998790503">
        <ele>316.42</ele>
      </trkpt>
      <trkpt lat="43.088936638087034" lon="-71.77586998790503">
        <ele>316.37</ele>
      </trkpt>
      <trkpt lat="43.08889254927635" lon="-71.77586998790503">
        <ele>316.37</ele>
      </trkpt>
      <trkpt lat="43.088799929246306" lon="-71.77586998790503">
        <ele>316.42</ele>
      </trkpt>
      <trkpt lat="43.088799929246306" lon="-71.77586998790503">
        <ele>316.42</ele>
      </trkpt>
      <trkpt lat="43.088713930919766" lon="-71.77585883997381">
        <ele>316.55</ele>
      </trkpt>
      <trkpt lat="43.08866917155683" lon="-71.77585297264159">
        <ele>316.64</ele>
      </trkpt>
      <trkpt lat="43.08862533420324" lon="-71.77584735676646">
        <ele>316.76</ele>
      </trkpt>
      <trkpt lat="43.08853581547737" lon="-71.77583570592105">
        <ele>317.08</ele>
      </trkpt>
      <trkpt lat="43.088447134941816" lon="-71.77582422271371">
        <ele>317.5</ele>
      </trkpt>
      <trkpt lat="43.08831377886236" lon="-71.77580695599318">
        <ele>318.24</ele>
      </trkpt>
      <trkpt lat="43.088259967043996" lon="-71.77579999901354">
        <ele>318.55</ele>
      </trkpt>
      <trkpt lat="43.088092748075724" lon="-71.77576655521989">
        <ele>319.56</ele>
      </trkpt>
      <trkpt lat="43.08804824016988" lon="-71.7757575865835">
        <ele>319.8</ele>
      </trkpt>
      <trkpt lat="43.08795997872949" lon="-71.77573998458683">
        <ele>320.22</ele>
      </trkpt>
      <trkpt lat="43.08795997872949" lon="-71.77573998458683">
        <ele>320.22</ele>
      </trkpt>
      <trkpt lat="43.087871465831995" lon="-71.77572908811271">
        <ele>320.56</ele>
      </trkpt>
      <trkpt lat="43.08778278529644" lon="-71.77571819163859">
        <ele>320.82</ele>
      </trkpt>
      <trkpt lat="43.087693182751536" lon="-71.77570721134543">
        <ele>321.0</ele>
      </trkpt>
      <trkpt lat="43.08764934539795" lon="-71.7757018469274">
        <ele>321.06</ele>
      </trkpt>
      <trkpt lat="43.087560664862394" lon="-71.77569095045328">
        <ele>321.14</ele>
      </trkpt>
      <trkpt lat="43.08742898516357" lon="-71.77567485719919">
        <ele>320.95</ele>
      </trkpt>
      <trkpt lat="43.087253384292126" lon="-71.77565331570804">
        <ele>320.66</ele>
      </trkpt>
      <trkpt lat="43.0871217045933" lon="-71.77563713863492">
        <ele>320.5</ele>
      </trkpt>
      <trkpt lat="43.087033946067095" lon="-71.77562640979886">
        <ele>320.43</ele>
      </trkpt>
      <trkpt lat="43.08694618754089" lon="-71.77561559714377">
        <ele>320.41</ele>
      </trkpt>
      <trkpt lat="43.08689991943538" lon="-71.77560998126864">
        <ele>320.42</ele>
      </trkpt>
      <trkpt lat="43.08685935102403" lon="-71.77559682168067">
        <ele>320.44</ele>
      </trkpt>
      <trkpt lat="43.08677360415459" lon="-71.77556907758117">
        <ele>320.5</ele>
      </trkpt>
      <trkpt lat="43.08673068881035" lon="-71.7755551636219">
        <ele>320.55</ele>
      </trkpt>
      <trkpt lat="43.086644941940904" lon="-71.7755274195224">
        <ele>320.7</ele>
      </trkpt>
      <trkpt lat="43.08655911125243" lon="-71.7754996754229">
        <ele>320.93</ele>
      </trkpt>
      <trkpt lat="43.08638761751354" lon="-71.77544418722391">
        <ele>321.48</ele>
      </trkpt>
      <trkpt lat="43.0863447021693" lon="-71.77543035708368">
        <ele>321.6</ele>
      </trkpt>
      <trkpt lat="43.08625979349017" lon="-71.77540286444128">
        <ele>321.78</ele>
      </trkpt>
      <trkpt lat="43.08621997945011" lon="-71.77538995631039">
        <ele>321.67</ele>
      </trkpt>
      <trkpt lat="43.08612870052457" lon="-71.7753653973341">
        <ele>321.42</ele>
      </trkpt>
      <trkpt lat="43.08595393784344" lon="-71.7753183748573">
        <ele>320.86</ele>
      </trkpt>
      <trkpt lat="43.085866598412395" lon="-71.7752948217094">
        <ele>320.63</ele>
      </trkpt>
      <trkpt lat="43.08577925898135" lon="-71.77527126856148">
        <ele>320.44</ele>
      </trkpt>
      <trkpt lat="43.085699966177344" lon="-71.77524997852743">
        <ele>320.3</ele>
      </trkpt>
      <trkpt lat="43.08543342165649" lon="-71.77515073679388">
        <ele>319.84</ele>
      </trkpt>
      <trkpt lat="43.08534750714898" lon="-71.77511871792376">
        <ele>319.67</ele>
      </trkpt>
      <trkpt lat="43.08530408889055" lon="-71.77510254085064">
        <ele>319.56</ele>
      </trkpt>
      <trkpt lat="43.085218174383044" lon="-71.77507060579956">
        <ele>319.3</ele>
      </trkpt>
      <trkpt lat="43.085132259875536" lon="-71.77503858692944">
        <ele>318.94</ele>
      </trkpt>
      <trkpt lat="43.085089763626456" lon="-71.77502274513245">
        <ele>318.71</ele>
      </trkpt>
      <trkpt lat="43.08504634536803" lon="-71.77500656805933">
        <ele>318.44</ele>
      </trkpt>
      <trkpt lat="43.0850029271096" lon="-71.77499047480524">
        <ele>318.12</ele>
      </trkpt>
      <trkpt lat="43.08496043086052" lon="-71.77497463300824">
        <ele>317.76</ele>
      </trkpt>
      <trkpt lat="43.08491701260209" lon="-71.77495845593512">
        <ele>317.35</ele>
      </trkpt>
      <trkpt lat="43.08483109809458" lon="-71.774926437065">
        <ele>316.45</ele>
      </trkpt>
      <trkpt lat="43.084759935736656" lon="-71.77489995025098">
        <ele>315.64</ele>
      </trkpt>
      <trkpt lat="43.08470109477639" lon="-71.77488251589239">
        <ele>314.99</ele>
      </trkpt>
      <trkpt lat="43.08439607731998" lon="-71.7747921589762">
        <ele>311.35</ele>
      </trkpt>
      <trkpt lat="43.08426599018276" lon="-71.77475360222161">
        <ele>309.87</ele>
      </trkpt>
      <trkpt lat="43.084219973534346" lon="-71.77473993971944">
        <ele>309.36</ele>
      </trkpt>
      <trkpt lat="43.084008414298296" lon="-71.7746901512146">
        <ele>307.07</ele>
      </trkpt>
      <trkpt lat="43.08392249979079" lon="-71.77466995082796">
        <ele>306.19</ele>
      </trkpt>
      <trkpt lat="43.08387908153236" lon="-71.77465972490609">
        <ele>305.77</ele>
      </trkpt>
      <trkpt lat="43.08379308320582" lon="-71.77463952451944">
        <ele>304.98</ele>
      </trkpt>
      <trkpt lat="43.08370993472636" lon="-71.77461999468505">
        <ele>304.25</ele>
      </trkpt>
      <trkpt lat="43.08366500772536" lon="-71.77460147067904">
        <ele>303.85</ele>
      </trkpt>
      <trkpt lat="43.08358144015074" lon="-71.77456702105701">
        <ele>303.13</ele>
      </trkpt>
      <trkpt lat="43.08341438882053" lon="-71.77449820563197">
        <ele>301.73</ele>
      </trkpt>
      <trkpt lat="43.08336996473372" lon="-71.77447993308306">
        <ele>301.39</ele>
      </trkpt>
      <trkpt lat="43.08307492174208" lon="-71.77438245154917">
        <ele>299.22</ele>
      </trkpt>
      <trkpt lat="43.08299018070102" lon="-71.77435445599258">
        <ele>298.57</ele>
      </trkpt>
      <trkpt lat="43.082904517650604" lon="-71.77432612515986">
        <ele>297.87</ele>
      </trkpt>
      <trkpt lat="43.08277769945562" lon="-71.77428429946303">
        <ele>296.72</ele>
      </trkpt>
      <trkpt lat="43.08243764564395" lon="-71.7741718981415">
        <ele>293.44</ele>
      </trkpt>
      <trkpt lat="43.08235282078385" lon="-71.77414390258491">
        <ele>292.7</ele>
      </trkpt>
      <trkpt lat="43.08230998925865" lon="-71.77412973716855">
        <ele>292.36</ele>
      </trkpt>
      <trkpt lat="43.08226807974279" lon="-71.77411582320929">
        <ele>292.04</ele>
      </trkpt>
      <trkpt lat="43.082219967618585" lon="-71.77409998141229">
        <ele>291.76</ele>
      </trkpt>
      <trkpt lat="43.082219967618585" lon="-71.77409998141229">
        <ele>291.76</ele>
      </trkpt>
      <trkpt lat="43.08218149468303" lon="-71.77409486845136">
        <ele>291.5</ele>
      </trkpt>
      <trkpt lat="43.08213849551976" lon="-71.77408908493817">
        <ele>291.27</ele>
      </trkpt>
      <trkpt lat="43.08209465816617" lon="-71.77408321760595">
        <ele>291.07</ele>
      </trkpt>
      <trkpt lat="43.0820516590029" lon="-71.77407751791179">
        <ele>290.9</ele>
      </trkpt>
      <trkpt lat="43.081964906305075" lon="-71.77406595088542">
        <ele>290.61</ele>
      </trkpt>
      <trkpt lat="43.081919979304075" lon="-71.77405999973416">
        <ele>290.4</ele>
      </trkpt>
      <trkpt lat="43.082006396725774" lon="-71.77419503219426">
        <ele>289.79</ele>
      </trkpt>
      <trkpt lat="43.08207998983562" lon="-71.77430994808674">
        <ele>289.24</ele>
      </trkpt>
      <trkpt lat="43.082141848281026" lon="-71.77450390532613">
        <ele>288.49</ele>
      </trkpt>
      <trkpt lat="43.08221275918186" lon="-71.77472619339824">
        <ele>287.69</ele>
      </trkpt>
      <trkpt lat="43.08222994208336" lon="-71.77477992139757">
        <ele>287.54</ele>
      </trkpt>
      <trkpt lat="43.08225894346833" lon="-71.77489819005132">
        <ele>287.23</ele>
      </trkpt>
      <trkpt lat="43.08228727430105" lon="-71.77501377649605">
        <ele>286.89</ele>
      </trkpt>
      <trkpt lat="43.082315688952804" lon="-71.77512936294079">
        <ele>286.52</ele>
      </trkpt>
      <trkpt lat="43.08234427124262" lon="-71.77524603903294">
        <ele>286.1</ele>
      </trkpt>
      <trkpt lat="43.08235994540155" lon="-71.77530999295413">
        <ele>285.84</ele>
      </trkpt>
      <trkpt lat="43.082376876845956" lon="-71.77535927854478">
        <ele>285.64</ele>
      </trkpt>
      <trkpt lat="43.082395903766155" lon="-71.7754151020199">
        <ele>285.38</ele>
      </trkpt>
      <trkpt lat="43.08243370614946" lon="-71.77552549168468">
        <ele>284.82</ele>
      </trkpt>
      <trkpt lat="43.08247184380889" lon="-71.77563697099686">
        <ele>284.21</ele>
      </trkpt>
      <trkpt lat="43.08248994871974" lon="-71.7756899446249">
        <ele>283.78</ele>
      </trkpt>
      <trkpt lat="43.082512160763144" lon="-71.77574275061488">
        <ele>283.34</ele>
      </trkpt>
      <trkpt lat="43.08255557902157" lon="-71.77584635093808">
        <ele>282.42</ele>
      </trkpt>
      <trkpt lat="43.08257753960788" lon="-71.77589865401387">
        <ele>281.94</ele>
      </trkpt>
      <trkpt lat="43.0826214607805" lon="-71.77600326016545">
        <ele>280.91</ele>
      </trkpt>
      <trkpt lat="43.082905104383826" lon="-71.77667900919914">
        <ele>273.7</ele>
      </trkpt>
      <trkpt lat="43.08301532641053" lon="-71.77694169804454">
        <ele>271.13</ele>
      </trkpt>
      <trkpt lat="43.08305975049734" lon="-71.77704739384353">
        <ele>270.13</ele>
      </trkpt>
      <trkpt lat="43.08310367166996" lon="-71.77715199999511">
        <ele>269.18</ele>
      </trkpt>
      <trkpt lat="43.08314801193774" lon="-71.7772576957941">
        <ele>268.31</ele>
      </trkpt>
      <trkpt lat="43.08316997252405" lon="-71.7773099988699">
        <ele>267.92</ele>
      </trkpt>
      <trkpt lat="43.08316997252405" lon="-71.7773099988699">
        <ele>267.92</ele>
      </trkpt>
      <trkpt lat="43.08320785872638" lon="-71.77741896361113">
        <ele>267.18</ele>
      </trkpt>
      <trkpt lat="43.0832499358803" lon="-71.77753999829292">
        <ele>266.42</ele>
      </trkpt>
      <trkpt lat="43.083275416865945" lon="-71.77764401771128">
        <ele>265.8</ele>
      </trkpt>
      <trkpt lat="43.08331774547696" lon="-71.77781676873565">
        <ele>264.81</ele>
      </trkpt>
      <trkpt lat="43.08335579931736" lon="-71.77797208540142">
        <ele>263.98</ele>
      </trkpt>
      <trkpt lat="43.08336996473372" lon="-71.7780299205333">
        <ele>263.67</ele>
      </trkpt>
      <trkpt lat="43.08336996473372" lon="-71.77801994606853">
        <ele>263.62</ele>
      </trkpt>
      <trkpt lat="43.0833831243217" lon="-71.77808566018939">
        <ele>263.28</ele>
      </trkpt>
      <trkpt lat="43.08341824449599" lon="-71.7782614286989">
        <ele>262.54</ele>
      </trkpt>
      <trkpt lat="43.0834417976439" lon="-71.77837894298136">
        <ele>261.98</ele>
      </trkpt>
      <trkpt lat="43.083465015515685" lon="-71.77849536761642">
        <ele>261.32</ele>
      </trkpt>
      <trkpt lat="43.08347691781819" lon="-71.77855471149087">
        <ele>260.94</ele>
      </trkpt>
      <trkpt lat="43.0834885686636" lon="-71.77861296571791">
        <ele>260.52</ele>
      </trkpt>
      <trkpt lat="43.08351203799248" lon="-71.77873048000038">
        <ele>259.63</ele>
      </trkpt>
      <trkpt lat="43.0835472419858" lon="-71.77890624850988">
        <ele>258.14</ele>
      </trkpt>
      <trkpt lat="43.08354992419481" lon="-71.77891999483109">
        <ele>258.01</ele>
      </trkpt>
      <trkpt lat="43.083573980256915" lon="-71.77902250550687">
        <ele>257.08</ele>
      </trkpt>
      <trkpt lat="43.083641957491636" lon="-71.77931210026145">
        <ele>254.38</ele>
      </trkpt>
      <trkpt lat="43.083669198676944" lon="-71.77942810580134">
        <ele>253.24</ele>
      </trkpt>
      <trkpt lat="43.083696691319346" lon="-71.77954536862671">
        <ele>252.04</ele>
      </trkpt>
      <trkpt lat="43.08372384868562" lon="-71.77966145798564">
        <ele>250.76</ele>
      </trkpt>
      <trkpt lat="43.08373994193971" lon="-71.77972993813455">
        <ele>249.97</ele>
      </trkpt>
      <trkpt lat="43.083763578906655" lon="-71.7799000069499">
        <ele>248.09</ele>
      </trkpt>
      <trkpt lat="43.0837888084352" lon="-71.78008147515357">
        <ele>246.21</ele>
      </trkpt>
      <trkpt lat="43.08380540460348" lon="-71.78020116873085">
        <ele>245.02</ele>
      </trkpt>
      <trkpt lat="43.08383993804455" lon="-71.78044994361699">
        <ele>242.69</ele>
      </trkpt>
      <trkpt lat="43.08385913260281" lon="-71.78049646317959">
        <ele>242.21</ele>
      </trkpt>
      <trkpt lat="43.08390992693603" lon="-71.7806199286133">
        <ele>240.89</ele>
      </trkpt>
      <trkpt lat="43.08398704044521" lon="-71.78074657917023">
        <ele>239.36</ele>
      </trkpt>
      <trkpt lat="43.08404998853803" lon="-71.78084992803633">
        <ele>238.3</ele>
      </trkpt>
      <trkpt lat="43.08404998853803" lon="-71.78084992803633">
        <ele>238.3</ele>
      </trkpt>
      <trkpt lat="43.08407882228494" lon="-71.78087876178324">
        <ele>237.83</ele>
      </trkpt>
      <trkpt lat="43.08411511592567" lon="-71.780915139243">
        <ele>237.39</ele>
      </trkpt>
      <trkpt lat="43.0841514095664" lon="-71.78095143288374">
        <ele>237.01</ele>
      </trkpt>
      <trkpt lat="43.084187703207135" lon="-71.78098772652447">
        <ele>236.69</ele>
      </trkpt>
      <trkpt lat="43.0842240806669" lon="-71.7810240201652">
        <ele>236.4</ele>
      </trkpt>
      <trkpt lat="43.08425961993635" lon="-71.78105964325368">
        <ele>236.16</ele>
      </trkpt>
      <trkpt lat="43.08426992967725" lon="-71.78106995299459">
        <ele>236.09</ele>
      </trkpt>
      <trkpt lat="43.08429381810129" lon="-71.78109954111278">
        <ele>235.94</ele>
      </trkpt>
      <trkpt lat="43.08436053805053" lon="-71.78118210285902">
        <ele>235.58</ele>
      </trkpt>
      <trkpt lat="43.08447998017073" lon="-71.78132995963097">
        <ele>235.01</ele>
      </trkpt>
      <trkpt lat="43.084492636844516" lon="-71.78134731017053">
        <ele>234.95</ele>
      </trkpt>
      <trkpt lat="43.084555584937334" lon="-71.78143355995417">
        <ele>234.59</ele>
      </trkpt>
      <trkpt lat="43.084587436169386" lon="-71.78147706203163">
        <ele>234.39</ele>
      </trkpt>
      <trkpt lat="43.084650970995426" lon="-71.78156415000558">
        <ele>233.91</ele>
      </trkpt>
      <trkpt lat="43.084745686501265" lon="-71.78169390186667">
        <ele>233.06</ele>
      </trkpt>
      <trkpt lat="43.08480930514634" lon="-71.78178098984063">
        <ele>232.55</ele>
      </trkpt>
      <trkpt lat="43.084840485826135" lon="-71.78182365372777">
        <ele>232.32</ele>
      </trkpt>
      <trkpt lat="43.084904020652175" lon="-71.78191074170172">
        <ele>231.91</ele>
      </trkpt>
      <trkpt lat="43.08493997901678" lon="-71.78195994347334">
        <ele>231.82</ele>
      </trkpt>
      <trkpt lat="43.08496277779341" lon="-71.78199565038085">
        <ele>231.76</ele>
      </trkpt>
      <trkpt lat="43.08499060571194" lon="-71.78203923627734">
        <ele>231.72</ele>
      </trkpt>
      <trkpt lat="43.08504684828222" lon="-71.78212724626064">
        <ele>231.67</ele>
      </trkpt>
      <trkpt lat="43.0851030908525" lon="-71.78221534006298">
        <ele>231.66</ele>
      </trkpt>
      <trkpt lat="43.08516997843981" lon="-71.78231994621456">
        <ele>231.7</ele>
      </trkpt>
      <trkpt lat="43.08518221601844" lon="-71.78235297091305">
        <ele>231.72</ele>
      </trkpt>
      <trkpt lat="43.085269974544644" lon="-71.78258992731571">
        <ele>231.87</ele>
      </trkpt>
      <trkpt lat="43.0852965451777" lon="-71.78272965364158">
        <ele>231.96</ele>
      </trkpt>
      <trkpt lat="43.08530995622277" lon="-71.78279997780919">
        <ele>231.93</ele>
      </trkpt>
      <trkpt lat="43.08530308306217" lon="-71.78295730613172">
        <ele>231.87</ele>
      </trkpt>
      <trkpt lat="43.085299981758" lon="-71.78302997723222">
        <ele>231.82</ele>
      </trkpt>
      <trkpt lat="43.08527525514364" lon="-71.78318621590734">
        <ele>231.73</ele>
      </trkpt>
      <trkpt lat="43.08525715023279" lon="-71.7833005450666">
        <ele>231.59</ele>
      </trkpt>
      <trkpt lat="43.085193783044815" lon="-71.78370136767626">
        <ele>230.91</ele>
      </trkpt>
      <trkpt lat="43.085165955126286" lon="-71.78387705236673">
        <ele>229.52</ele>
      </trkpt>
      <trkpt lat="43.08515681885183" lon="-71.78393480367959">
        <ele>229.0</ele>
      </trkpt>
      <trkpt lat="43.08511968702078" lon="-71.78416949696839">
        <ele>226.8</ele>
      </trkpt>
      <trkpt lat="43.0851012468338" lon="-71.78428625687957">
        <ele>225.74</ele>
      </trkpt>
      <trkpt lat="43.08509194292128" lon="-71.78434518165886">
        <ele>225.24</ele>
      </trkpt>
      <trkpt lat="43.0850735027343" lon="-71.78446194157004">
        <ele>224.34</ele>
      </trkpt>
      <trkpt lat="43.08506411500275" lon="-71.78452095016837">
        <ele>223.95</ele>
      </trkpt>
      <trkpt lat="43.08505481109023" lon="-71.78457987494767">
        <ele>223.59</ele>
      </trkpt>
      <trkpt lat="43.085045674815774" lon="-71.78463762626052">
        <ele>223.27</ele>
      </trkpt>
      <trkpt lat="43.085036370903254" lon="-71.78469663485885">
        <ele>222.99</ele>
      </trkpt>
      <trkpt lat="43.085017930716276" lon="-71.78481339477003">
        <ele>222.53</ele>
      </trkpt>
      <trkpt lat="43.084999239072204" lon="-71.78493132814765">
        <ele>222.16</ele>
      </trkpt>
      <trkpt lat="43.08498993515968" lon="-71.78498991765082">
        <ele>222.06</ele>
      </trkpt>
      <trkpt lat="43.08495540171862" lon="-71.78516501560807">
        <ele>221.76</ele>
      </trkpt>
      <trkpt lat="43.08493243530393" lon="-71.78528152406216">
        <ele>221.54</ele>
      </trkpt>
      <trkpt lat="43.08492095209658" lon="-71.7853397782892">
        <ele>221.41</ele>
      </trkpt>
      <trkpt lat="43.08489798568189" lon="-71.78545628674328">
        <ele>221.1</ele>
      </trkpt>
      <trkpt lat="43.084863536059856" lon="-71.78563104942441">
        <ele>220.56</ele>
      </trkpt>
      <trkpt lat="43.08484995737672" lon="-71.78569994866848">
        <ele>220.37</ele>
      </trkpt>
      <trkpt lat="43.084838557988405" lon="-71.78574797697365">
        <ele>220.25</ele>
      </trkpt>
      <trkpt lat="43.08482456021011" lon="-71.78580648265779">
        <ele>220.06</ele>
      </trkpt>
      <trkpt lat="43.084810646250844" lon="-71.78586507216096">
        <ele>219.84</ele>
      </trkpt>
      <trkpt lat="43.084799917414784" lon="-71.78590999916196">
        <ele>219.63</ele>
      </trkpt>
      <trkpt lat="43.084792625159025" lon="-71.78592022508383">
        <ele>219.57</ele>
      </trkpt>
      <trkpt lat="43.08476119302213" lon="-71.78596423007548">
        <ele>219.27</ele>
      </trkpt>
      <trkpt lat="43.08473034761846" lon="-71.78600739687681">
        <ele>218.92</ele>
      </trkpt>
      <trkpt lat="43.08469891548157" lon="-71.78605140186846">
        <ele>218.53</ele>
      </trkpt>
      <trkpt lat="43.084667483344674" lon="-71.78609540686011">
        <ele>218.09</ele>
      </trkpt>
      <trkpt lat="43.084649965167046" lon="-71.7861199658364">
        <ele>217.79</ele>
      </trkpt>
      <trkpt lat="43.08463051915169" lon="-71.7861254978925">
        <ele>217.57</ele>
      </trkpt>
      <trkpt lat="43.08458651416004" lon="-71.78613807074726">
        <ele>216.99</ele>
      </trkpt>
      <trkpt lat="43.08454250916839" lon="-71.78615064360201">
        <ele>216.36</ele>
      </trkpt>
      <trkpt lat="43.0844399984926" lon="-71.78617998026311">
        <ele>214.79</ele>
      </trkpt>
      <trkpt lat="43.0843657348305" lon="-71.78617998026311">
        <ele>213.69</ele>
      </trkpt>
      <trkpt lat="43.08415995910764" lon="-71.78617998026311">
        <ele>210.73</ele>
      </trkpt>
      <trkpt lat="43.08402995578945" lon="-71.78622993640602">
        <ele>208.79</ele>
      </trkpt>
      <trkpt lat="43.08397429995239" lon="-71.78627042099833">
        <ele>207.89</ele>
      </trkpt>
      <trkpt lat="43.083919985219836" lon="-71.7863099835813">
        <ele>207.04</ele>
      </trkpt>
      <trkpt lat="43.083904730156064" lon="-71.78633353672922">
        <ele>206.73</ele>
      </trkpt>
      <trkpt lat="43.08387673459947" lon="-71.78637695498765">
        <ele>206.18</ele>
      </trkpt>
      <trkpt lat="43.083848152309656" lon="-71.78642121143639">
        <ele>205.66</ele>
      </trkpt>
      <trkpt lat="43.0837922450155" lon="-71.78650796413422">
        <ele>204.72</ele>
      </trkpt>
      <trkpt lat="43.08376366272569" lon="-71.786552304402">
        <ele>204.3</ele>
      </trkpt>
      <trkpt lat="43.08371999301016" lon="-71.78661994636059">
        <ele>203.69</ele>
      </trkpt>
      <trkpt lat="43.08371010236442" lon="-71.78664148785174">
        <ele>203.53</ele>
      </trkpt>
      <trkpt lat="43.08364220894873" lon="-71.78678959608078">
        <ele>202.49</ele>
      </trkpt>
      <trkpt lat="43.08360993862152" lon="-71.78685992024839">
        <ele>202.36</ele>
      </trkpt>
      <trkpt lat="43.08359728194773" lon="-71.78694633767009">
        <ele>202.23</ele>
      </trkpt>
      <trkpt lat="43.083580769598484" lon="-71.78705857135355">
        <ele>202.12</ele>
      </trkpt>
      <trkpt lat="43.08355998247862" lon="-71.78719997406006">
        <ele>202.06</ele>
      </trkpt>
      <trkpt lat="43.08356199413538" lon="-71.78722796961665">
        <ele>202.05</ele>
      </trkpt>
      <trkpt lat="43.08359476737678" lon="-71.78767271339893">
        <ele>201.99</ele>
      </trkpt>
      <trkpt lat="43.08360826224089" lon="-71.78785527125001">
        <ele>201.86</ele>
      </trkpt>
      <trkpt lat="43.08362167328596" lon="-71.78803782910109">
        <ele>201.77</ele>
      </trkpt>
      <trkpt lat="43.0836299713701" lon="-71.78814997896552">
        <ele>201.75</ele>
      </trkpt>
      <trkpt lat="43.08358353562653" lon="-71.78839741274714">
        <ele>201.71</ele>
      </trkpt>
      <trkpt lat="43.08356995694339" lon="-71.78846991620958">
        <ele>201.74</ele>
      </trkpt>
      <trkpt lat="43.08350156061351" lon="-71.78873738273978">
        <ele>201.86</ele>
      </trkpt>
      <trkpt lat="43.08345998637378" lon="-71.78889999166131">
        <ele>201.98</ele>
      </trkpt>
      <trkpt lat="43.08345906436443" lon="-71.78890485316515">
        <ele>201.98</ele>
      </trkpt>
      <trkpt lat="43.083437103778124" lon="-71.78902303799987">
        <ele>202.11</ele>
      </trkpt>
      <trkpt lat="43.083426374942064" lon="-71.78908028639853">
        <ele>202.19</ele>
      </trkpt>
      <trkpt lat="43.08339402079582" lon="-71.78925446234643">
        <ele>202.49</ele>
      </trkpt>
      <trkpt lat="43.083379939198494" lon="-71.78932998329401">
        <ele>202.65</ele>
      </trkpt>
      <trkpt lat="43.083381447941065" lon="-71.78942201659083">
        <ele>202.84</ele>
      </trkpt>
      <trkpt lat="43.08338404633105" lon="-71.78959191776812">
        <ele>203.25</ele>
      </trkpt>
      <trkpt lat="43.083385806530714" lon="-71.78970389999449">
        <ele>203.55</ele>
      </trkpt>
      <trkpt lat="43.08338857255876" lon="-71.7898762319237">
        <ele>204.05</ele>
      </trkpt>
      <trkpt lat="43.08339041657746" lon="-71.7899956740439">
        <ele>204.57</ele>
      </trkpt>
      <trkpt lat="43.08339234441519" lon="-71.79011628963053">
        <ele>205.14</ele>
      </trkpt>
      <trkpt lat="43.08339326642454" lon="-71.79017538204789">
        <ele>205.45</ele>
      </trkpt>
      <trkpt lat="43.083395194262266" lon="-71.79029608145356">
        <ele>206.17</ele>
      </trkpt>
      <trkpt lat="43.083396116271615" lon="-71.79035634733737">
        <ele>206.58</ele>
      </trkpt>
      <trkpt lat="43.083397038280964" lon="-71.79041543975472">
        <ele>207.01</ele>
      </trkpt>
      <trkpt lat="43.083399971947074" lon="-71.79059992544353">
        <ele>208.41</ele>
      </trkpt>
      <trkpt lat="43.083406342193484" lon="-71.7906548269093">
        <ele>208.84</ele>
      </trkpt>
      <trkpt lat="43.08341329917312" lon="-71.79071442224085">
        <ele>209.27</ele>
      </trkpt>
      <trkpt lat="43.08342712931335" lon="-71.79083361290395">
        <ele>210.09</ele>
      </trkpt>
      <trkpt lat="43.08344087563455" lon="-71.79095154628158">
        <ele>210.85</ele>
      </trkpt>
      <trkpt lat="43.083449928089976" lon="-71.79102991707623">
        <ele>210.78</ele>
      </trkpt>
      <trkpt lat="43.08345152065158" lon="-71.79105640389025">
        <ele>210.76</ele>
      </trkpt>
      <trkpt lat="43.083454789593816" lon="-71.7911091260612">
        <ele>210.69</ele>
      </trkpt>
      <trkpt lat="43.08345805853605" lon="-71.79116310551763">
        <ele>210.58</ele>
      </trkpt>
      <trkpt lat="43.08346442878246" lon="-71.79126863367856">
        <ele>210.32</ele>
      </trkpt>
      <trkpt lat="43.08347155340016" lon="-71.79138648323715">
        <ele>209.61</ele>
      </trkpt>
      <trkpt lat="43.083478761836886" lon="-71.79150550626218">
        <ele>208.97</ele>
      </trkpt>
      <trkpt lat="43.083485970273614" lon="-71.79162452928722">
        <ele>208.39</ele>
      </trkpt>
      <trkpt lat="43.08349309489131" lon="-71.79174229502678">
        <ele>207.89</ele>
      </trkpt>
      <trkpt lat="43.083496782928705" lon="-71.79180247709155">
        <ele>207.68</ele>
      </trkpt>
      <trkpt lat="43.0835039075464" lon="-71.79192024283111">
        <ele>207.31</ele>
      </trkpt>
      <trkpt lat="43.08351111598313" lon="-71.79203926585615">
        <ele>207.01</ele>
      </trkpt>
      <trkpt lat="43.083518324419856" lon="-71.79215828888118">
        <ele>206.75</ele>
      </trkpt>
      <trkpt lat="43.08352544903755" lon="-71.79227613843977">
        <ele>206.55</ele>
      </trkpt>
      <trkpt lat="43.08353265747428" lon="-71.79239516146481">
        <ele>206.41</ele>
      </trkpt>
      <trkpt lat="43.08353994973004" lon="-71.79251418448985">
        <ele>206.34</ele>
      </trkpt>
      <trkpt lat="43.083547158166766" lon="-71.79263320751488">
        <ele>206.37</ele>
      </trkpt>
      <trkpt lat="43.08354992419481" lon="-71.79267997853458">
        <ele>206.42</ele>
      </trkpt>
      <trkpt lat="43.08354682289064" lon="-71.7927511408925">
        <ele>206.5</ele>
      </trkpt>
      <trkpt lat="43.08354145847261" lon="-71.7928703315556">
        <ele>206.68</ele>
      </trkpt>
      <trkpt lat="43.083529975265265" lon="-71.79312991909683">
        <ele>207.18</ele>
      </trkpt>
      <trkpt lat="43.083517234772444" lon="-71.79322538897395">
        <ele>207.38</ele>
      </trkpt>
      <trkpt lat="43.08350156061351" lon="-71.79334290325642">
        <ele>207.67</ele>
      </trkpt>
      <trkpt lat="43.083489993587136" lon="-71.79342999123037">
        <ele>207.92</ele>
      </trkpt>
      <trkpt lat="43.08341623283923" lon="-71.79374556988478">
        <ele>208.89</ele>
      </trkpt>
      <trkpt lat="43.08338966220617" lon="-71.79385931231081">
        <ele>209.21</ele>
      </trkpt>
      <trkpt lat="43.083376502618194" lon="-71.79391563870013">
        <ele>209.35</ele>
      </trkpt>
      <trkpt lat="43.08334959670901" lon="-71.79403055459261">
        <ele>209.57</ele>
      </trkpt>
      <trkpt lat="43.083336437121034" lon="-71.79408688098192">
        <ele>209.65</ele>
      </trkpt>
      <trkpt lat="43.08330986648798" lon="-71.79420062340796">
        <ele>209.76</ele>
      </trkpt>
      <trkpt lat="43.083296455442905" lon="-71.79425812326372">
        <ele>209.65</ele>
      </trkpt>
      <trkpt lat="43.08328304439783" lon="-71.79431553930044">
        <ele>209.51</ele>
      </trkpt>
      <trkpt lat="43.08326938189566" lon="-71.79437421262264">
        <ele>209.34</ele>
      </trkpt>
      <trkpt lat="43.083255887031555" lon="-71.79443162865937">
        <ele>209.13</ele>
      </trkpt>
      <trkpt lat="43.08323996141553" lon="-71.79449994117022">
        <ele>208.88</ele>
      </trkpt>
      <trkpt lat="43.08323996141553" lon="-71.79449994117022">
        <ele>208.88</ele>
      </trkpt>
      <trkpt lat="43.08323082514107" lon="-71.79460974410176">
        <ele>208.26</ele>
      </trkpt>
      <trkpt lat="43.08321992866695" lon="-71.79473999887705">
        <ele>207.5</ele>
      </trkpt>
      <trkpt lat="43.083222610875964" lon="-71.79485265165567">
        <ele>206.86</ele>
      </trkpt>
      <trkpt lat="43.08322546072304" lon="-71.79497452452779">
        <ele>206.24</ele>
      </trkpt>
      <trkpt lat="43.08322680182755" lon="-71.79503479041159">
        <ele>205.96</ele>
      </trkpt>
      <trkpt lat="43.08322831057012" lon="-71.7950963973999">
        <ele>205.72</ele>
      </trkpt>
      <trkpt lat="43.08322965167463" lon="-71.7951566632837">
        <ele>205.51</ele>
      </trkpt>
      <trkpt lat="43.08323107659817" lon="-71.79521818645298">
        <ele>205.32</ele>
      </trkpt>
      <trkpt lat="43.08323250152171" lon="-71.79527853615582">
        <ele>205.16</ele>
      </trkpt>
      <trkpt lat="43.083235351368785" lon="-71.7954003252089">
        <ele>204.89</ele>
      </trkpt>
      <trkpt lat="43.083236776292324" lon="-71.79546067491174">
        <ele>204.78</ele>
      </trkpt>
      <trkpt lat="43.0832396261394" lon="-71.79558246396482">
        <ele>204.61</ele>
      </trkpt>
      <trkpt lat="43.08324247598648" lon="-71.79570433683693">
        <ele>204.5</ele>
      </trkpt>
      <trkpt lat="43.08324532583356" lon="-71.79582612589002">
        <ele>204.43</ele>
      </trkpt>
      <trkpt lat="43.08324817568064" lon="-71.79594799876213">
        <ele>204.43</ele>
      </trkpt>
      <trkpt lat="43.083249516785145" lon="-71.79600834846497">
        <ele>204.46</ele>
      </trkpt>
      <trkpt lat="43.083251025527716" lon="-71.79606987163424">
        <ele>204.53</ele>
      </trkpt>
      <trkpt lat="43.08325236663222" lon="-71.79613013751805">
        <ele>204.65</ele>
      </trkpt>
      <trkpt lat="43.08325379155576" lon="-71.79619048722088">
        <ele>204.82</ele>
      </trkpt>
      <trkpt lat="43.0832552164793" lon="-71.79625201039016">
        <ele>205.05</ele>
      </trkpt>
      <trkpt lat="43.08325664140284" lon="-71.79631227627397">
        <ele>205.34</ele>
      </trkpt>
      <trkpt lat="43.08325806632638" lon="-71.79637379944324">
        <ele>205.68</ele>
      </trkpt>
      <trkpt lat="43.08325949124992" lon="-71.79643414914608">
        <ele>206.09</ele>
      </trkpt>
      <trkpt lat="43.08326091617346" lon="-71.79649441502988">
        <ele>206.54</ele>
      </trkpt>
      <trkpt lat="43.083262341097" lon="-71.79655593819916">
        <ele>207.05</ele>
      </trkpt>
      <trkpt lat="43.083268040791154" lon="-71.79679968394339">
        <ele>209.21</ele>
      </trkpt>
      <trkpt lat="43.0832708068192" lon="-71.79692029953003">
        <ele>210.19</ele>
      </trkpt>
      <trkpt lat="43.08327223174274" lon="-71.79698182269931">
        <ele>210.63</ele>
      </trkpt>
      <trkpt lat="43.08327365666628" lon="-71.79704208858311">
        <ele>211.03</ele>
      </trkpt>
      <trkpt lat="43.08327650651336" lon="-71.79716396145523">
        <ele>211.71</ele>
      </trkpt>
      <trkpt lat="43.08327868580818" lon="-71.79725624620914">
        <ele>211.78</ele>
      </trkpt>
      <trkpt lat="43.08328145183623" lon="-71.79737560451031">
        <ele>212.0</ele>
      </trkpt>
      <trkpt lat="43.08328287675977" lon="-71.79743595421314">
        <ele>212.09</ele>
      </trkpt>
      <trkpt lat="43.083285642787814" lon="-71.7975553125143">
        <ele>212.22</ele>
      </trkpt>
      <trkpt lat="43.08328849263489" lon="-71.79767592810094">
        <ele>212.28</ele>
      </trkpt>
      <trkpt lat="43.08328991755843" lon="-71.79773996584117">
        <ele>212.29</ele>
      </trkpt>
      <trkpt lat="43.08332126587629" lon="-71.79791070520878">
        <ele>212.34</ele>
      </trkpt>
      <trkpt lat="43.083385890349746" lon="-71.79826299659908">
        <ele>212.58</ele>
      </trkpt>
      <trkpt lat="43.083399971947074" lon="-71.7983399424702">
        <ele>212.79</ele>
      </trkpt>
      <trkpt lat="43.08341363444924" lon="-71.79837548173964">
        <ele>212.91</ele>
      </trkpt>
      <trkpt lat="43.083454286679626" lon="-71.7984810937196">
        <ele>213.31</ele>
      </trkpt>
      <trkpt lat="43.08349493891001" lon="-71.7985867895186">
        <ele>213.79</ele>
      </trkpt>
      <trkpt lat="43.08353559114039" lon="-71.79869248531759">
        <ele>214.33</ele>
      </trkpt>
      <trkpt lat="43.08357699774206" lon="-71.7988003604114">
        <ele>215.05</ele>
      </trkpt>
      <trkpt lat="43.083597952499986" lon="-71.79885484278202">
        <ele>215.44</ele>
      </trkpt>
      <trkpt lat="43.083618907257915" lon="-71.79890932515264">
        <ele>215.87</ele>
      </trkpt>
      <trkpt lat="43.08363986201584" lon="-71.79896380752325">
        <ele>216.34</ele>
      </trkpt>
      <trkpt lat="43.0836817715317" lon="-71.79907277226448">
        <ele>217.36</ele>
      </trkpt>
      <trkpt lat="43.08378612622619" lon="-71.79934401065111">
        <ele>220.1</ele>
      </trkpt>
      <trkpt lat="43.08379995636642" lon="-71.79937996901572">
        <ele>220.44</ele>
      </trkpt>
      <trkpt lat="43.08380481787026" lon="-71.79939983412623">
        <ele>220.62</ele>
      </trkpt>
      <trkpt lat="43.08381906710565" lon="-71.79945817217231">
        <ele>221.11</ele>
      </trkpt>
      <trkpt lat="43.083833400160074" lon="-71.79951659403741">
        <ele>221.55</ele>
      </trkpt>
      <trkpt lat="43.083847649395466" lon="-71.79957501590252">
        <ele>221.93</ele>
      </trkpt>
      <trkpt lat="43.08386189863086" lon="-71.7996333539486">
        <ele>222.26</ele>
      </trkpt>
      <trkpt lat="43.08387614786625" lon="-71.7996917758137">
        <ele>222.55</ele>
      </trkpt>
      <trkpt lat="43.08389048092067" lon="-71.79975011385977">
        <ele>222.8</ele>
      </trkpt>
      <trkpt lat="43.08390992693603" lon="-71.799829993397">
        <ele>223.09</ele>
      </trkpt>
      <trkpt lat="43.083913614973426" lon="-71.79986737668514">
        <ele>223.22</ele>
      </trkpt>
      <trkpt lat="43.08392560109496" lon="-71.79998941719532">
        <ele>223.59</ele>
      </trkpt>
      <trkpt lat="43.083961475640535" lon="-71.80035553872585">
        <ele>224.58</ele>
      </trkpt>
      <trkpt lat="43.08397932909429" lon="-71.80053734220564">
        <ele>225.16</ele>
      </trkpt>
      <trkpt lat="43.083991315215826" lon="-71.80065938271582">
        <ele>225.61</ele>
      </trkpt>
      <trkpt lat="43.08400925248861" lon="-71.80084244348109">
        <ele>226.33</ele>
      </trkpt>
      <trkpt lat="43.08405099436641" lon="-71.80126841180027">
        <ele>228.11</ele>
      </trkpt>
      <trkpt lat="43.08405686169863" lon="-71.80132817476988">
        <ele>228.34</ele>
      </trkpt>
      <trkpt lat="43.08406281284988" lon="-71.80138919502497">
        <ele>228.54</ele>
      </trkpt>
      <trkpt lat="43.08406884782016" lon="-71.80145021528006">
        <ele>228.7</ele>
      </trkpt>
      <trkpt lat="43.084074798971415" lon="-71.80151123553514">
        <ele>228.79</ele>
      </trkpt>
      <trkpt lat="43.084080750122666" lon="-71.80157225579023">
        <ele>228.8</ele>
      </trkpt>
      <trkpt lat="43.08408678509295" lon="-71.80163327604532">
        <ele>228.73</ele>
      </trkpt>
      <trkpt lat="43.0840927362442" lon="-71.80169429630041">
        <ele>228.57</ele>
      </trkpt>
      <trkpt lat="43.08409868739545" lon="-71.8017553165555">
        <ele>228.35</ele>
      </trkpt>
      <trkpt lat="43.08410472236574" lon="-71.80181633681059">
        <ele>228.08</ele>
      </trkpt>
      <trkpt lat="43.08411662466824" lon="-71.80193837732077">
        <ele>227.4</ele>
      </trkpt>
      <trkpt lat="43.084128610789776" lon="-71.80206041783094">
        <ele>226.63</ele>
      </trkpt>
      <trkpt lat="43.08415241539478" lon="-71.80230324156582">
        <ele>224.94</ele>
      </trkpt>
      <trkpt lat="43.08415995910764" lon="-71.80237993597984">
        <ele>224.37</ele>
      </trkpt>
      <trkpt lat="43.08415610343218" lon="-71.80248714052141">
        <ele>223.6</ele>
      </trkpt>
      <trkpt lat="43.08413992635906" lon="-71.80293993093073">
        <ele>220.12</ele>
      </trkpt>
      <trkpt lat="43.08412995189428" lon="-71.80303607136011">
        <ele>219.38</ele>
      </trkpt>
      <trkpt lat="43.084105057641864" lon="-71.80327503941953">
        <ele>217.61</ele>
      </trkpt>
      <trkpt lat="43.084089970216155" lon="-71.80341996252537">
        <ele>216.6</ele>
      </trkpt>
      <trkpt lat="43.084036745131016" lon="-71.80368608795106">
        <ele>214.71</ele>
      </trkpt>
      <trkpt lat="43.08402995578945" lon="-71.80371995083988">
        <ele>214.48</ele>
      </trkpt>
      <trkpt lat="43.08402358554304" lon="-71.80374358780682">
        <ele>214.32</ele>
      </trkpt>
      <trkpt lat="43.084008330479264" lon="-71.80380024947226">
        <ele>213.96</ele>
      </trkpt>
      <trkpt lat="43.08399299159646" lon="-71.80385682731867">
        <ele>213.63</ele>
      </trkpt>
      <trkpt lat="43.08397773653269" lon="-71.80391340516508">
        <ele>213.33</ele>
      </trkpt>
      <trkpt lat="43.083947226405144" lon="-71.80402656085789">
        <ele>212.81</ele>
      </trkpt>
      <trkpt lat="43.08391663245857" lon="-71.80413980036974">
        <ele>212.37</ele>
      </trkpt>
      <trkpt lat="43.083901377394795" lon="-71.80419637821615">
        <ele>212.18</ele>
      </trkpt>
      <trkpt lat="43.08388612233102" lon="-71.80425295606256">
        <ele>212.02</ele>
      </trkpt>
      <trkpt lat="43.08385561220348" lon="-71.8043661955744">
        <ele>211.76</ele>
      </trkpt>
      <trkpt lat="43.0838250182569" lon="-71.80447935126722">
        <ele>211.59</ele>
      </trkpt>
      <trkpt lat="43.08379450812936" lon="-71.80459259077907">
        <ele>211.49</ele>
      </trkpt>
      <trkpt lat="43.08376391418278" lon="-71.80470574647188">
        <ele>211.45</ele>
      </trkpt>
      <trkpt lat="43.083718148991466" lon="-71.80487556383014">
        <ele>211.49</ele>
      </trkpt>
      <trkpt lat="43.08368998579681" lon="-71.80497991852462">
        <ele>211.53</ele>
      </trkpt>
      <trkpt lat="43.0836627446115" lon="-71.80503884330392">
        <ele>211.57</ele>
      </trkpt>
      <trkpt lat="43.0836299713701" lon="-71.80510992184281">
        <ele>211.31</ele>
      </trkpt>
      <trkpt lat="43.08365620672703" lon="-71.80511687882245">
        <ele>211.21</ele>
      </trkpt>
      <trkpt lat="43.08369945734739" lon="-71.80512827821076">
        <ele>211.06</ele>
      </trkpt>
      <trkpt lat="43.083786042407155" lon="-71.80515116080642">
        <ele>210.81</ele>
      </trkpt>
      <trkpt lat="43.083872543647885" lon="-71.80517404340208">
        <ele>210.63</ele>
      </trkpt>
      <trkpt lat="43.08391579426825" lon="-71.80518544279039">
        <ele>210.56</ele>
      </trkpt>
      <trkpt lat="43.08400237932801" lon="-71.80520832538605">
        <ele>210.51</ele>
      </trkpt>
      <trkpt lat="43.08408888056874" lon="-71.8052312079817">
        <ele>210.57</ele>
      </trkpt>
      <trkpt lat="43.08413213118911" lon="-71.80524260737002">
        <ele>210.63</ele>
      </trkpt>
      <trkpt lat="43.08415995910764" lon="-71.80524998344481">
        <ele>210.68</ele>
      </trkpt>
      <trkpt lat="43.08417563326657" lon="-71.80525191128254">
        <ele>210.71</ele>
      </trkpt>
      <trkpt lat="43.084263391792774" lon="-71.80526314303279">
        <ele>210.92</ele>
      </trkpt>
      <trkpt lat="43.08435115031898" lon="-71.80527429096401">
        <ele>211.17</ele>
      </trkpt>
      <trkpt lat="43.084439830854535" lon="-71.80528552271426">
        <ele>211.48</ele>
      </trkpt>
      <trkpt lat="43.08452758938074" lon="-71.80529667064548">
        <ele>211.85</ele>
      </trkpt>
      <trkpt lat="43.08461350388825" lon="-71.8053075671196">
        <ele>212.41</ele>
      </trkpt>
      <trkpt lat="43.08465650305152" lon="-71.80531301535666">
        <ele>212.71</ele>
      </trkpt>
      <trkpt lat="43.08474250137806" lon="-71.80532399564981">
        <ele>213.39</ele>
      </trkpt>
      <trkpt lat="43.08482933789492" lon="-71.80533497594297">
        <ele>214.16</ele>
      </trkpt>
      <trkpt lat="43.08487233705819" lon="-71.80534050799906">
        <ele>214.59</ele>
      </trkpt>
      <trkpt lat="43.08491533622146" lon="-71.80534595623612">
        <ele>215.05</ele>
      </trkpt>
      <trkpt lat="43.085001250728965" lon="-71.80535685271025">
        <ele>216.03</ele>
      </trkpt>
      <trkpt lat="43.08521708473563" lon="-71.80538426153362">
        <ele>218.63</ele>
      </trkpt>
      <trkpt lat="43.08556183241308" lon="-71.8054280988872">
        <ele>222.98</ele>
      </trkpt>
      <trkpt lat="43.08565051294863" lon="-71.80543933063745">
        <ele>223.96</ele>
      </trkpt>
      <trkpt lat="43.085739109665155" lon="-71.80545064620674">
        <ele>224.88</ele>
      </trkpt>
      <trkpt lat="43.085783030837774" lon="-71.80545617826283">
        <ele>225.3</ele>
      </trkpt>
      <trkpt lat="43.08587171137333" lon="-71.80546749383211">
        <ele>226.05</ele>
      </trkpt>
      <trkpt lat="43.085916470736265" lon="-71.80547319352627">
        <ele>226.38</ele>
      </trkpt>
      <trkpt lat="43.08596030808985" lon="-71.80547872558236">
        <ele>226.67</ele>
      </trkpt>
      <trkpt lat="43.0859699472785" lon="-71.80547998286784">
        <ele>226.72</ele>
      </trkpt>
      <trkpt lat="43.08600322343409" lon="-71.8054959923029">
        <ele>226.93</ele>
      </trkpt>
      <trkpt lat="43.08621277101338" lon="-71.80559691041708">
        <ele>228.09</ele>
      </trkpt>
      <trkpt lat="43.086239928379655" lon="-71.80560998618603">
        <ele>228.25</ele>
      </trkpt>
      <trkpt lat="43.086293740198016" lon="-71.80564720183611">
        <ele>228.59</ele>
      </trkpt>
      <trkpt lat="43.08633388951421" lon="-71.8056749459356">
        <ele>228.86</ele>
      </trkpt>
      <trkpt lat="43.086369931697845" lon="-71.80569992400706">
        <ele>229.14</ele>
      </trkpt>
      <trkpt lat="43.08641167357564" lon="-71.80573403835297">
        <ele>229.49</ele>
      </trkpt>
      <trkpt lat="43.08647998608649" lon="-71.80578994564712">
        <ele>230.12</ele>
      </trkpt>
      <trkpt lat="43.086487110704184" lon="-71.80579841136932">
        <ele>230.2</ele>
      </trkpt>
      <trkpt lat="43.086554585024714" lon="-71.80587795563042">
        <ele>231.0</ele>
      </trkpt>
      <trkpt lat="43.086622059345245" lon="-71.80595758371055">
        <ele>231.89</ele>
      </trkpt>
      <trkpt lat="43.08665608987212" lon="-71.80599773302674">
        <ele>232.37</ele>
      </trkpt>
      <trkpt lat="43.08672356419265" lon="-71.80607727728784">
        <ele>233.39</ele>
      </trkpt>
      <trkpt lat="43.086824398487806" lon="-71.80619621649384">
        <ele>234.97</ele>
      </trkpt>
      <trkpt lat="43.08686999604106" lon="-71.80624994449317">
        <ele>235.61</ele>
      </trkpt>
      <trkpt lat="43.08692917227745" lon="-71.80630635470152">
        <ele>236.39</ele>
      </trkpt>
      <trkpt lat="43.08700150810182" lon="-71.80637525394559">
        <ele>237.3</ele>
      </trkpt>
      <trkpt lat="43.08707996271551" lon="-71.80644993670285">
        <ele>238.22</ele>
      </trkpt>
      <trkpt lat="43.08711516670883" lon="-71.80646770633757">
        <ele>238.59</ele>
      </trkpt>
      <trkpt lat="43.087240140885115" lon="-71.80653057061136">
        <ele>239.8</ele>
      </trkpt>
      <trkpt lat="43.087450275197625" lon="-71.80663635022938">
        <ele>241.67</ele>
      </trkpt>
      <trkpt lat="43.087533842772245" lon="-71.8066784273833">
        <ele>242.44</ele>
      </trkpt>
      <trkpt lat="43.08761824853718" lon="-71.80672092363238">
        <ele>243.25</ele>
      </trkpt>
      <trkpt lat="43.08774406090379" lon="-71.80678420700133">
        <ele>244.52</ele>
      </trkpt>
      <trkpt lat="43.087828466668725" lon="-71.80682670325041">
        <ele>245.4</ele>
      </trkpt>
      <trkpt lat="43.08791287243366" lon="-71.80686919949949">
        <ele>246.32</ele>
      </trkpt>
      <trkpt lat="43.08812300674617" lon="-71.80697497911751">
        <ele>248.76</ele>
      </trkpt>
      <trkpt lat="43.08824881911278" lon="-71.80703826248646">
        <ele>250.17</ele>
      </trkpt>
      <trkpt lat="43.08841763064265" lon="-71.80712325498462">
        <ele>251.95</ele>
      </trkpt>
      <trkpt lat="43.08850119821727" lon="-71.8071652483195">
        <ele>252.77</ele>
      </trkpt>
      <trkpt lat="43.088543359190226" lon="-71.80718653835356">
        <ele>253.15</ele>
      </trkpt>
      <trkpt lat="43.08858996257186" lon="-71.80720992386341">
        <ele>253.53</ele>
      </trkpt>
      <trkpt lat="43.088628854602575" lon="-71.80722434073687">
        <ele>253.85</ele>
      </trkpt>
      <trkpt lat="43.08867143467069" lon="-71.80724009871483">
        <ele>254.17</ele>
      </trkpt>
      <trkpt lat="43.088758271187544" lon="-71.80727228522301">
        <ele>254.73</ele>
      </trkpt>
      <trkpt lat="43.08880160562694" lon="-71.8072883784771">
        <ele>254.97</ele>
      </trkpt>
      <trkpt lat="43.088859943673015" lon="-71.80730991996825">
        <ele>255.25</ele>
      </trkpt>
      <trkpt lat="43.08888936415315" lon="-71.80731344036758">
        <ele>255.4</ele>
      </trkpt>
      <trkpt lat="43.088933285325766" lon="-71.80731863714755">
        <ele>255.59</ele>
      </trkpt>
      <trkpt lat="43.0889780446887" lon="-71.80732400156558">
        <ele>255.75</ele>
      </trkpt>
      <trkpt lat="43.08911249041557" lon="-71.8073399271816">
        <ele>256.17</ele>
      </trkpt>
      <trkpt lat="43.08915724977851" lon="-71.8073452077806">
        <ele>256.33</ele>
      </trkpt>
      <trkpt lat="43.08920117095113" lon="-71.80735040456057">
        <ele>256.51</ele>
      </trkpt>
      <trkpt lat="43.089245930314064" lon="-71.8073557689786">
        <ele>256.71</ele>
      </trkpt>
      <trkpt lat="43.08929077349603" lon="-71.8073610495776">
        <ele>256.95</ele>
      </trkpt>
      <trkpt lat="43.08933553285897" lon="-71.80736641399562">
        <ele>257.23</ele>
      </trkpt>
      <trkpt lat="43.089380376040936" lon="-71.80737169459462">
        <ele>257.54</ele>
      </trkpt>
      <trkpt lat="43.089424297213554" lon="-71.80737689137459">
        <ele>257.89</ele>
      </trkpt>
      <trkpt lat="43.08946905657649" lon="-71.80738225579262">
        <ele>258.29</ele>
      </trkpt>
      <trkpt lat="43.08951389975846" lon="-71.80738753639162">
        <ele>258.72</ele>
      </trkpt>
      <trkpt lat="43.08960341848433" lon="-71.80739818140864">
        <ele>259.67</ele>
      </trkpt>
      <trkpt lat="43.08973694220185" lon="-71.80741402320564">
        <ele>261.16</ele>
      </trkpt>
      <trkpt lat="43.08982654474676" lon="-71.80742466822267">
        <ele>262.08</ele>
      </trkpt>
      <trkpt lat="43.089871387928724" lon="-71.80742994882166">
        <ele>262.5</ele>
      </trkpt>
      <trkpt lat="43.08996006846428" lon="-71.80744051001966">
        <ele>263.23</ele>
      </trkpt>
      <trkpt lat="43.090004827827215" lon="-71.80744579061866">
        <ele>263.56</ele>
      </trkpt>
      <trkpt lat="43.090039948001504" lon="-71.80744998157024">
        <ele>263.8</ele>
      </trkpt>
      <trkpt lat="43.09018244035542" lon="-71.80747579783201">
        <ele>264.78</ele>
      </trkpt>
      <trkpt lat="43.090271623805165" lon="-71.8074918910861">
        <ele>265.34</ele>
      </trkpt>
      <trkpt lat="43.09036072343588" lon="-71.80750806815922">
        <ele>265.83</ele>
      </trkpt>
      <trkpt lat="43.09049357660115" lon="-71.80753212422132">
        <ele>266.43</ele>
      </trkpt>
      <trkpt lat="43.090627351775765" lon="-71.80755634792149">
        <ele>266.92</ele>
      </trkpt>
      <trkpt lat="43.09089389629662" lon="-71.80760462768376">
        <ele>267.78</ele>
      </trkpt>
      <trkpt lat="43.091115932911634" lon="-71.80764486081898">
        <ele>268.42</ele>
      </trkpt>
      <trkpt lat="43.09120419435203" lon="-71.80766087025404">
        <ele>268.65</ele>
      </trkpt>
      <trkpt lat="43.091293293982744" lon="-71.80767704732716">
        <ele>268.83</ele>
      </trkpt>
      <trkpt lat="43.091419944539666" lon="-71.80769992992282">
        <ele>269.02</ele>
      </trkpt>
      <trkpt lat="43.09142706915736" lon="-71.80770085193217">
        <ele>269.02</ele>
      </trkpt>
      <trkpt lat="43.091560592874885" lon="-71.80771711282432">
        <ele>269.15</ele>
      </trkpt>
      <trkpt lat="43.091694032773376" lon="-71.80773337371647">
        <ele>269.25</ele>
      </trkpt>
      <trkpt lat="43.09178363531828" lon="-71.80774435400963">
        <ele>269.28</ele>
      </trkpt>
      <trkpt lat="43.091961834579706" lon="-71.80776606313884">
        <ele>269.27</ele>
      </trkpt>
      <trkpt lat="43.092096196487546" lon="-71.80778249166906">
        <ele>269.2</ele>
      </trkpt>
      <trkpt lat="43.09218579903245" lon="-71.80779338814318">
        <ele>269.1</ele>
      </trkpt>
      <trkpt lat="43.09231923893094" lon="-71.80780964903533">
        <ele>268.91</ele>
      </trkpt>
      <trkpt lat="43.09245276264846" lon="-71.80782599374652">
        <ele>268.69</ele>
      </trkpt>
      <trkpt lat="43.09267672710121" lon="-71.80785331875086">
        <ele>268.29</ele>
      </trkpt>
      <trkpt lat="43.09276540763676" lon="-71.80786413140595">
        <ele>268.17</ele>
      </trkpt>
      <trkpt lat="43.092854926362634" lon="-71.80787502788007">
        <ele>268.1</ele>
      </trkpt>
      <trkpt lat="43.09294360689819" lon="-71.80788584053516">
        <ele>267.85</ele>
      </trkpt>
      <trkpt lat="43.09312188997865" lon="-71.80790763348341">
        <ele>267.4</ele>
      </trkpt>
      <trkpt lat="43.09325532987714" lon="-71.80792389437556">
        <ele>267.03</ele>
      </trkpt>
      <trkpt lat="43.09352229349315" lon="-71.8079564999789">
        <ele>266.36</ele>
      </trkpt>
      <trkpt lat="43.09387793764472" lon="-71.8079998344183">
        <ele>265.36</ele>
      </trkpt>
      <trkpt lat="43.094100058078766" lon="-71.80802699178457">
        <ele>264.85</ele>
      </trkpt>
      <trkpt lat="43.094278341159225" lon="-71.80804870091379">
        <ele>264.47</ele>
      </trkpt>
      <trkpt lat="43.09436702169478" lon="-71.80805951356888">
        <ele>264.34</ele>
      </trkpt>
      <trkpt lat="43.094411781057715" lon="-71.80806504562497">
        <ele>264.3</ele>
      </trkpt>
      <trkpt lat="43.09445662423968" lon="-71.80807049386203">
        <ele>264.29</ele>
      </trkpt>
      <trkpt lat="43.09454530477524" lon="-71.80808130651712">
        <ele>264.32</ele>
      </trkpt>
      <trkpt lat="43.094590064138174" lon="-71.80808675475419">
        <ele>264.36</ele>
      </trkpt>
      <trkpt lat="43.09467874467373" lon="-71.80809756740928">
        <ele>264.5</ele>
      </trkpt>
      <trkpt lat="43.094723504036665" lon="-71.80810301564634">
        <ele>264.61</ele>
      </trkpt>
      <trkpt lat="43.09481218457222" lon="-71.80811382830143">
        <ele>264.91</ele>
      </trkpt>
      <trkpt lat="43.094900865107775" lon="-71.80812472477555">
        <ele>265.31</ele>
      </trkpt>
      <trkpt lat="43.09499046765268" lon="-71.80813562124968">
        <ele>265.78</ele>
      </trkpt>
      <trkpt lat="43.09507914818823" lon="-71.80814643390477">
        <ele>266.3</ele>
      </trkpt>
      <trkpt lat="43.09518995694816" lon="-71.80815992876887">
        <ele>267.06</ele>
      </trkpt>
      <trkpt lat="43.095302022993565" lon="-71.80817593820393">
        <ele>267.84</ele>
      </trkpt>
      <trkpt lat="43.09539061971009" lon="-71.80818859487772">
        <ele>268.41</ele>
      </trkpt>
      <trkpt lat="43.09543529525399" lon="-71.80819504894316">
        <ele>268.68</ele>
      </trkpt>
      <trkpt lat="43.09546999633312" lon="-71.80819999426603">
        <ele>268.86</ele>
      </trkpt>
      <trkpt lat="43.09556655585766" lon="-71.8082308396697">
        <ele>269.38</ele>
      </trkpt>
      <trkpt lat="43.09565322473645" lon="-71.8082585837692">
        <ele>269.9</ele>
      </trkpt>
      <trkpt lat="43.0957199446857" lon="-71.80827995762229">
        <ele>270.21</ele>
      </trkpt>
      <trkpt lat="43.09582270681858" lon="-71.80833544582129">
        <ele>270.72</ele>
      </trkpt>
      <trkpt lat="43.095990009605885" lon="-71.80842580273747">
        <ele>271.46</ele>
      </trkpt>
      <trkpt lat="43.096114648506045" lon="-71.80849310941994">
        <ele>272.05</ele>
      </trkpt>
      <trkpt lat="43.0961982998997" lon="-71.80853828787804">
        <ele>272.51</ele>
      </trkpt>
      <trkpt lat="43.09632386080921" lon="-71.80860601365566">
        <ele>273.27</ele>
      </trkpt>
      <trkpt lat="43.096573976799846" lon="-71.80874112993479">
        <ele>274.73</ele>
      </trkpt>
      <trkpt lat="43.0966576281935" lon="-71.80878630839288">
        <ele>275.18</ele>
      </trkpt>
      <trkpt lat="43.096719989553094" lon="-71.8088199198246">
        <ele>275.47</ele>
      </trkpt>
      <trkpt lat="43.0967419501394" lon="-71.808828888461">
        <ele>275.58</ele>
      </trkpt>
      <trkpt lat="43.09682811610401" lon="-71.80886400863528">
        <ele>275.95</ele>
      </trkpt>
      <trkpt lat="43.09691436588764" lon="-71.80889912880957">
        <ele>276.29</ele>
      </trkpt>
      <trkpt lat="43.09695661067963" lon="-71.8089163955301">
        <ele>276.44</ele>
      </trkpt>
      <trkpt lat="43.09698997065425" lon="-71.80892997421324">
        <ele>276.52</ele>
      </trkpt>
      <trkpt lat="43.097039591521025" lon="-71.80896274745464">
        <ele>276.67</ele>
      </trkpt>
      <trkpt lat="43.09712064452469" lon="-71.80901622399688">
        <ele>276.82</ele>
      </trkpt>
      <trkpt lat="43.09720161370933" lon="-71.80906970053911">
        <ele>276.89</ele>
      </trkpt>
      <trkpt lat="43.097282666713" lon="-71.80912317708135">
        <ele>276.86</ele>
      </trkpt>
      <trkpt lat="43.09748433530331" lon="-71.80925636552274">
        <ele>276.72</ele>
      </trkpt>
      <trkpt lat="43.097605872899294" lon="-71.8093365803361">
        <ele>276.6</ele>
      </trkpt>
      <trkpt lat="43.09768692590296" lon="-71.80939005687833">
        <ele>276.48</ele>
      </trkpt>
      <trkpt lat="43.097767140716314" lon="-71.80944294668734">
        <ele>276.32</ele>
      </trkpt>
      <trkpt lat="43.09788859449327" lon="-71.80952316150069">
        <ele>276.03</ele>
      </trkpt>
      <trkpt lat="43.09796964749694" lon="-71.80957663804293">
        <ele>275.78</ele>
      </trkpt>
      <trkpt lat="43.098050616681576" lon="-71.80963011458516">
        <ele>275.49</ele>
      </trkpt>
      <trkpt lat="43.09817215427756" lon="-71.80971032939851">
        <ele>275.01</ele>
      </trkpt>
      <trkpt lat="43.09829285368323" lon="-71.80979004129767">
        <ele>274.47</ele>
      </trkpt>
      <trkpt lat="43.0983739066869" lon="-71.80984351783991">
        <ele>274.08</ele>
      </trkpt>
      <trkpt lat="43.09845487587154" lon="-71.80989699438214">
        <ele>273.65</ele>
      </trkpt>
      <trkpt lat="43.09851991944015" lon="-71.80993999354541">
        <ele>273.25</ele>
      </trkpt>
      <trkpt lat="43.09853701852262" lon="-71.80994653142989">
        <ele>273.16</ele>
      </trkpt>
      <trkpt lat="43.09864992275834" lon="-71.80998994968832">
        <ele>272.47</ele>
      </trkpt>
      <trkpt lat="43.09866609983146" lon="-71.8099957332015">
        <ele>272.38</ele>
      </trkpt>
      <trkpt lat="43.09878998436034" lon="-71.81003998965025">
        <ele>271.65</ele>
      </trkpt>
      <trkpt lat="43.09884178452194" lon="-71.81003822945058">
        <ele>271.36</ele>
      </trkpt>
      <trkpt lat="43.09902157634497" lon="-71.81003227829933">
        <ele>270.26</ele>
      </trkpt>
      <trkpt lat="43.09908997267485" lon="-71.81002993136644">
        <ele>269.6</ele>
      </trkpt>
      <trkpt lat="43.099123165011406" lon="-71.80995248258114">
        <ele>268.98</ele>
      </trkpt>
      <trkpt lat="43.09916867874563" lon="-71.80984620004892">
        <ele>268.02</ele>
      </trkpt>
      <trkpt lat="43.09921419247985" lon="-71.80974000133574">
        <ele>266.97</ele>
      </trkpt>
      <trkpt lat="43.099239924922585" lon="-71.80967998690903">
        <ele>266.35</ele>
      </trkpt>
      <trkpt lat="43.09929390437901" lon="-71.8095916416496">
        <ele>265.33</ele>
      </trkpt>
      <trkpt lat="43.09935165569186" lon="-71.80949726141989">
        <ele>264.15</ele>
      </trkpt>
      <trkpt lat="43.09940873645246" lon="-71.8094037193805">
        <ele>262.89</ele>
      </trkpt>
      <trkpt lat="43.09945994988084" lon="-71.80931998416781">
        <ele>261.7</ele>
      </trkpt>
      <trkpt lat="43.099529687315226" lon="-71.80914572440088">
        <ele>259.55</ele>
      </trkpt>
      <trkpt lat="43.09955122880638" lon="-71.80909166112542">
        <ele>258.91</ele>
      </trkpt>
      <trkpt lat="43.09957285411656" lon="-71.809037681669">
        <ele>258.3</ele>
      </trkpt>
      <trkpt lat="43.09959447942674" lon="-71.80898370221257">
        <ele>257.73</ele>
      </trkpt>
      <trkpt lat="43.099616104736924" lon="-71.80892963893712">
        <ele>257.19</ele>
      </trkpt>
      <trkpt lat="43.099637646228075" lon="-71.80887565948069">
        <ele>256.69</ele>
      </trkpt>
      <trkpt lat="43.09965927153826" lon="-71.80882159620523">
        <ele>256.23</ele>
      </trkpt>
      <trkpt lat="43.09968047775328" lon="-71.80876870639622">
        <ele>255.81</ele>
      </trkpt>
      <trkpt lat="43.09970252215862" lon="-71.80871363729239">
        <ele>255.43</ele>
      </trkpt>
      <trkpt lat="43.099723644554615" lon="-71.80866066366434">
        <ele>255.1</ele>
      </trkpt>
      <trkpt lat="43.0997452698648" lon="-71.80860668420792">
        <ele>254.81</ele>
      </trkpt>
      <trkpt lat="43.09976689517498" lon="-71.80855270475149">
        <ele>254.57</ele>
      </trkpt>
      <trkpt lat="43.09978843666613" lon="-71.80849864147604">
        <ele>254.39</ele>
      </trkpt>
      <trkpt lat="43.099799919873476" lon="-71.80846997536719">
        <ele>254.32</ele>
      </trkpt>
      <trkpt lat="43.099807631224394" lon="-71.80844306945801">
        <ele>254.26</ele>
      </trkpt>
      <trkpt lat="43.09982405975461" lon="-71.80838573724031">
        <ele>254.2</ele>
      </trkpt>
      <trkpt lat="43.099833531305194" lon="-71.80835246108472">
        <ele>254.19</ele>
      </trkpt>
      <trkpt lat="43.09984006918967" lon="-71.80832949467003">
        <ele>254.19</ele>
      </trkpt>
      <trkpt lat="43.099856497719884" lon="-71.80827216245234">
        <ele>254.25</ele>
      </trkpt>
      <trkpt lat="43.099859934300184" lon="-71.80825992487371">
        <ele>254.27</ele>
      </trkpt>
      <trkpt lat="43.09987259097397" lon="-71.80821466259658">
        <ele>254.37</ele>
      </trkpt>
      <trkpt lat="43.09988868422806" lon="-71.80815716274083">
        <ele>254.54</ele>
      </trkpt>
      <trkpt lat="43.09990469366312" lon="-71.80809966288507">
        <ele>254.76</ele>
      </trkpt>
      <trkpt lat="43.09992078691721" lon="-71.80804207921028">
        <ele>255.02</ele>
      </trkpt>
      <trkpt lat="43.09993679635227" lon="-71.80798457935452">
        <ele>255.32</ele>
      </trkpt>
      <trkpt lat="43.09995288960636" lon="-71.80792707949877">
        <ele>255.66</ele>
      </trkpt>
      <trkpt lat="43.09996856376529" lon="-71.80787066929042">
        <ele>256.03</ele>
      </trkpt>
      <trkpt lat="43.09998465701938" lon="-71.80781316943467">
        <ele>256.44</ele>
      </trkpt>
      <trkpt lat="43.10008096508682" lon="-71.80746800266206">
        <ele>259.08</ele>
      </trkpt>
      <trkpt lat="43.10009999200702" lon="-71.80739994160831">
        <ele>259.58</ele>
      </trkpt>
      <trkpt lat="43.10011390596628" lon="-71.80729097686708">
        <ele>260.35</ele>
      </trkpt>
      <trkpt lat="43.10013729147613" lon="-71.80710900574923">
        <ele>261.57</ele>
      </trkpt>
      <trkpt lat="43.10014994814992" lon="-71.80700993165374">
        <ele>262.19</ele>
      </trkpt>
      <trkpt lat="43.10017777606845" lon="-71.80662956088781">
        <ele>264.58</ele>
      </trkpt>
      <trkpt lat="43.10018657706678" lon="-71.8065095320344">
        <ele>265.26</ele>
      </trkpt>
      <trkpt lat="43.10019537806511" lon="-71.80638941936195">
        <ele>265.84</ele>
      </trkpt>
      <trkpt lat="43.10020417906344" lon="-71.8062693066895">
        <ele>266.32</ele>
      </trkpt>
      <trkpt lat="43.10020853765309" lon="-71.80620920844376">
        <ele>266.5</ele>
      </trkpt>
      <trkpt lat="43.10020996257663" lon="-71.80618993006647">
        <ele>266.54</ele>
      </trkpt>
      <trkpt lat="43.10020677745342" lon="-71.80614919401705">
        <ele>266.65</ele>
      </trkpt>
      <trkpt lat="43.10020191594958" lon="-71.8060880061239">
        <ele>266.75</ele>
      </trkpt>
      <trkpt lat="43.100197138264775" lon="-71.80602799169719">
        <ele>266.8</ele>
      </trkpt>
      <trkpt lat="43.10018766671419" lon="-71.80590796284378">
        <ele>266.83</ele>
      </trkpt>
      <trkpt lat="43.100179955363274" lon="-71.8058099783957">
        <ele>266.78</ele>
      </trkpt>
      <trkpt lat="43.10013863258064" lon="-71.80570059455931">
        <ele>266.72</ele>
      </trkpt>
      <trkpt lat="43.10004525817931" lon="-71.80545341223478">
        <ele>266.5</ele>
      </trkpt>
      <trkpt lat="43.100009970366955" lon="-71.80535995401442">
        <ele>266.43</ele>
      </trkpt>
      <trkpt lat="43.09982003644109" lon="-71.8050136975944">
        <ele>266.15</ele>
      </trkpt>
      <trkpt lat="43.099767649546266" lon="-71.80491814389825">
        <ele>266.05</ele>
      </trkpt>
      <trkpt lat="43.09971526265144" lon="-71.80482267402112">
        <ele>265.91</ele>
      </trkpt>
      <trkpt lat="43.0996813159436" lon="-71.80476056411862">
        <ele>265.86</ele>
      </trkpt>
      <trkpt lat="43.099669916555285" lon="-71.80473994463682">
        <ele>265.93</ele>
      </trkpt>
      <trkpt lat="43.09964468702674" lon="-71.8046515993774">
        <ele>266.22</ele>
      </trkpt>
      <trkpt lat="43.09960998594761" lon="-71.80452997796237">
        <ele>266.5</ele>
      </trkpt>
      <trkpt lat="43.09960998594761" lon="-71.80452997796237">
        <ele>266.5</ele>
      </trkpt>
      <trkpt lat="43.09960604645312" lon="-71.80447859689593">
        <ele>266.58</ele>
      </trkpt>
      <trkpt lat="43.09960135258734" lon="-71.80441858246922">
        <ele>266.63</ele>
      </trkpt>
      <trkpt lat="43.0995999276638" lon="-71.80439997464418">
        <ele>266.63</ele>
      </trkpt>
      <trkpt lat="43.09960755519569" lon="-71.80435965768993">
        <ele>266.63</ele>
      </trkpt>
      <trkpt lat="43.099618619307876" lon="-71.80430123582482">
        <ele>266.58</ele>
      </trkpt>
      <trkpt lat="43.09962993487716" lon="-71.80424155667424">
        <ele>266.47</ele>
      </trkpt>
      <trkpt lat="43.099640998989344" lon="-71.80418313480914">
        <ele>266.31</ele>
      </trkpt>
      <trkpt lat="43.09965206310153" lon="-71.80412471294403">
        <ele>266.09</ele>
      </trkpt>
      <trkpt lat="43.099663043394685" lon="-71.80406629107893">
        <ele>265.81</ele>
      </trkpt>
      <trkpt lat="43.099669916555285" lon="-71.80402999743819">
        <ele>265.62</ele>
      </trkpt>
      <trkpt lat="43.09967586770654" lon="-71.80400736629963">
        <ele>265.5</ele>
      </trkpt>
      <trkpt lat="43.099690871313214" lon="-71.80395062081516">
        <ele>265.14</ele>
      </trkpt>
      <trkpt lat="43.09970579110086" lon="-71.80389379151165">
        <ele>264.74</ele>
      </trkpt>
      <trkpt lat="43.09973596595228" lon="-71.80377912707627">
        <ele>263.83</ele>
      </trkpt>
      <trkpt lat="43.099769996479154" lon="-71.8036499619484">
        <ele>262.66</ele>
      </trkpt>
      <trkpt lat="43.09980486519635" lon="-71.80355608463287">
        <ele>261.77</ele>
      </trkpt>
      <trkpt lat="43.099864795804024" lon="-71.80339464917779">
        <ele>260.32</ele>
      </trkpt>
      <trkpt lat="43.099899999797344" lon="-71.80329993367195">
        <ele>259.24</ele>
      </trkpt>
      <trkpt lat="43.09995456598699" lon="-71.80319339968264">
        <ele>257.92</ele>
      </trkpt>
      <trkpt lat="43.100054394453764" lon="-71.80299885571003">
        <ele>255.68</ele>
      </trkpt>
      <trkpt lat="43.10009999200702" lon="-71.80290992371738">
        <ele>255.12</ele>
      </trkpt>
      <trkpt lat="43.10010309331119" lon="-71.80290590040386">
        <ele>255.12</ele>
      </trkpt>
      <trkpt lat="43.100164448842406" lon="-71.80282635614276">
        <ele>254.5</ele>
      </trkpt>
      <trkpt lat="43.1002252176404" lon="-71.80274756625295">
        <ele>253.82</ele>
      </trkpt>
      <trkpt lat="43.10034801252186" lon="-71.80258839391172">
        <ele>252.35</ele>
      </trkpt>
      <trkpt lat="43.10036997310817" lon="-71.80255997925997">
        <ele>252.09</ele>
      </trkpt>
      <trkpt lat="43.10038011521101" lon="-71.8025510944426">
        <ele>252.0</ele>
      </trkpt>
      <trkpt lat="43.10045085847378" lon="-71.80248990654945">
        <ele>251.36</ele>
      </trkpt>
      <trkpt lat="43.10051992535591" lon="-71.80242997594178">
        <ele>250.66</ele>
      </trkpt>
      <trkpt lat="43.10060357674956" lon="-71.802369793877">
        <ele>249.87</ele>
      </trkpt>
      <trkpt lat="43.100759563967586" lon="-71.80225739255548">
        <ele>248.46</ele>
      </trkpt>
      <trkpt lat="43.10083759948611" lon="-71.80220123380423">
        <ele>247.8</ele>
      </trkpt>
      <trkpt lat="43.10087657533586" lon="-71.8021731544286">
        <ele>247.49</ele>
      </trkpt>
      <trkpt lat="43.10091563500464" lon="-71.80214507505298">
        <ele>247.21</ele>
      </trkpt>
      <trkpt lat="43.10095461085439" lon="-71.80211699567735">
        <ele>246.96</ele>
      </trkpt>
      <trkpt lat="43.100993586704135" lon="-71.80208891630173">
        <ele>246.74</ele>
      </trkpt>
      <trkpt lat="43.101019989699125" lon="-71.80206997320056">
        <ele>246.6</ele>
      </trkpt>
      <trkpt lat="43.101030718535185" lon="-71.8020589929074">
        <ele>246.55</ele>
      </trkpt>
      <trkpt lat="43.101066844537854" lon="-71.80202236399055">
        <ele>246.39</ele>
      </trkpt>
      <trkpt lat="43.10110297054052" lon="-71.80198565125465">
        <ele>246.27</ele>
      </trkpt>
      <trkpt lat="43.10113834217191" lon="-71.80194977670908">
        <ele>246.18</ele>
      </trkpt>
      <trkpt lat="43.10117379762232" lon="-71.80191381834447">
        <ele>246.12</ele>
      </trkpt>
      <trkpt lat="43.10120916925371" lon="-71.80187785997987">
        <ele>246.11</ele>
      </trkpt>
      <trkpt lat="43.10124454088509" lon="-71.80184190161526">
        <ele>246.12</ele>
      </trkpt>
      <trkpt lat="43.10131536796689" lon="-71.80177006870508">
        <ele>246.26</ele>
      </trkpt>
      <trkpt lat="43.101350823417306" lon="-71.80173411034048">
        <ele>246.38</ele>
      </trkpt>
      <trkpt lat="43.101421566680074" lon="-71.8016622774303">
        <ele>246.69</ele>
      </trkpt>
      <trkpt lat="43.10149239376187" lon="-71.80159036070108">
        <ele>247.08</ele>
      </trkpt>
      <trkpt lat="43.10152776539326" lon="-71.80155440233648">
        <ele>247.3</ele>
      </trkpt>
      <trkpt lat="43.10159934684634" lon="-71.80148181505501">
        <ele>247.79</ele>
      </trkpt>
      <trkpt lat="43.101634718477726" lon="-71.8014458566904">
        <ele>248.05</ele>
      </trkpt>
      <trkpt lat="43.10167998075485" lon="-71.80139992386103">
        <ele>248.42</ele>
      </trkpt>
      <trkpt lat="43.10170755721629" lon="-71.80137813091278">
        <ele>248.64</ele>
      </trkpt>
      <trkpt lat="43.10178383253515" lon="-71.80131769739091">
        <ele>249.26</ele>
      </trkpt>
      <trkpt lat="43.10189824551344" lon="-71.80122708901763">
        <ele>250.22</ele>
      </trkpt>
      <trkpt lat="43.10191995464265" lon="-71.80120998993516">
        <ele>250.41</ele>
      </trkpt>
      <trkpt lat="43.101976364851" lon="-71.80117118172348">
        <ele>250.89</ele>
      </trkpt>
      <trkpt lat="43.10205515474081" lon="-71.80111703462899">
        <ele>251.62</ele>
      </trkpt>
      <trkpt lat="43.102174093946815" lon="-71.80103522725403">
        <ele>252.89</ele>
      </trkpt>
      <trkpt lat="43.10223997570574" lon="-71.8009899649769">
        <ele>253.49</ele>
      </trkpt>
      <trkpt lat="43.10229613445699" lon="-71.80096783675253">
        <ele>253.98</ele>
      </trkpt>
      <trkpt lat="43.102381713688374" lon="-71.80093414150178">
        <ele>254.69</ele>
      </trkpt>
      <trkpt lat="43.102467292919755" lon="-71.80090044625103">
        <ele>255.34</ele>
      </trkpt>
      <trkpt lat="43.10250962153077" lon="-71.80088368244469">
        <ele>255.63</ele>
      </trkpt>
      <trkpt lat="43.102569971233606" lon="-71.80085996165872">
        <ele>256.01</ele>
      </trkpt>
      <trkpt lat="43.102595284581184" lon="-71.80085736326873">
        <ele>256.17</ele>
      </trkpt>
      <trkpt lat="43.10268404893577" lon="-71.80084839463234">
        <ele>256.66</ele>
      </trkpt>
      <trkpt lat="43.10277281329036" lon="-71.80083942599595">
        <ele>257.08</ele>
      </trkpt>
      <trkpt lat="43.10286073945463" lon="-71.80083054117858">
        <ele>257.4</ele>
      </trkpt>
      <trkpt lat="43.102905582636595" lon="-71.80082601495087">
        <ele>257.52</ele>
      </trkpt>
      <trkpt lat="43.10299342498183" lon="-71.80081713013351">
        <ele>257.7</ele>
      </trkpt>
      <trkpt lat="43.10312619432807" lon="-71.80080371908844">
        <ele>257.84</ele>
      </trkpt>
      <trkpt lat="43.10325896367431" lon="-71.80079030804336">
        <ele>257.86</ele>
      </trkpt>
      <trkpt lat="43.10345996171236" lon="-71.80076994001865">
        <ele>257.82</ele>
      </trkpt>
      <trkpt lat="43.103655176237226" lon="-71.80072660557926">
        <ele>257.79</ele>
      </trkpt>
      <trkpt lat="43.103729942813516" lon="-71.80070992559195">
        <ele>257.73</ele>
      </trkpt>
      <trkpt lat="43.10382021591067" lon="-71.8006831035018">
        <ele>257.66</ele>
      </trkpt>
      <trkpt lat="43.10402674600482" lon="-71.80062174797058">
        <ele>257.47</ele>
      </trkpt>
      <trkpt lat="43.10409992001951" lon="-71.80059995502234">
        <ele>257.45</ele>
      </trkpt>
      <trkpt lat="43.104369984939694" lon="-71.8004999589175">
        <ele>257.42</ele>
      </trkpt>
      <trkpt lat="43.104369984939694" lon="-71.8004999589175">
        <ele>257.42</ele>
      </trkpt>
      <trkpt lat="43.10445321723819" lon="-71.80046148598194">
        <ele>257.42</ele>
      </trkpt>
      <trkpt lat="43.104629991576076" lon="-71.80037993006408">
        <ele>257.5</ele>
      </trkpt>
      <trkpt lat="43.104661507532" lon="-71.80036006495357">
        <ele>257.52</ele>
      </trkpt>
      <trkpt lat="43.10474163852632" lon="-71.8003096897155">
        <ele>257.59</ele>
      </trkpt>
      <trkpt lat="43.104982702061534" lon="-71.80015806108713">
        <ele>257.88</ele>
      </trkpt>
      <trkpt lat="43.10518378391862" lon="-71.80003157816827">
        <ele>258.0</ele>
      </trkpt>
      <trkpt lat="43.10524991713464" lon="-71.79998992010951">
        <ele>258.0</ele>
      </trkpt>
      <trkpt lat="43.10548083856702" lon="-71.7999317497015">
        <ele>258.0</ele>
      </trkpt>
      <trkpt lat="43.10556750744581" lon="-71.79990995675325">
        <ele>257.97</ele>
      </trkpt>
      <trkpt lat="43.105883253738284" lon="-71.79983032867312">
        <ele>257.77</ele>
      </trkpt>
      <trkpt lat="43.106012335047126" lon="-71.79979780688882">
        <ele>257.61</ele>
      </trkpt>
      <trkpt lat="43.106141500175" lon="-71.79976528510451">
        <ele>257.42</ele>
      </trkpt>
      <trkpt lat="43.106273263692856" lon="-71.79973200894892">
        <ele>257.2</ele>
      </trkpt>
      <trkpt lat="43.10640594922006" lon="-71.7996986489743">
        <ele>256.92</ele>
      </trkpt>
      <trkpt lat="43.106479961425066" lon="-71.79967995733023">
        <ele>256.66</ele>
      </trkpt>
      <trkpt lat="43.10648641549051" lon="-71.79967794567347">
        <ele>256.66</ele>
      </trkpt>
      <trkpt lat="43.10652664862573" lon="-71.79966503754258">
        <ele>256.51</ele>
      </trkpt>
      <trkpt lat="43.10660728253424" lon="-71.79963930509984">
        <ele>256.17</ele>
      </trkpt>
      <trkpt lat="43.106727227568626" lon="-71.79960099980235">
        <ele>255.62</ele>
      </trkpt>
      <trkpt lat="43.10684809461236" lon="-71.79956244304776">
        <ele>254.99</ele>
      </trkpt>
      <trkpt lat="43.10697860084474" lon="-71.799520784989">
        <ele>253.94</ele>
      </trkpt>
      <trkpt lat="43.10710910707712" lon="-71.79947912693024">
        <ele>252.98</ele>
      </trkpt>
      <trkpt lat="43.10732636600733" lon="-71.79940980859101">
        <ele>251.5</ele>
      </trkpt>
      <trkpt lat="43.107419991865754" lon="-71.79937996901572">
        <ele>250.96</ele>
      </trkpt>
      <trkpt lat="43.107419991865754" lon="-71.79937996901572">
        <ele>250.96</ele>
      </trkpt>
      <trkpt lat="43.10745502822101" lon="-71.79936043918133">
        <ele>250.72</ele>
      </trkpt>
      <trkpt lat="43.107509929686785" lon="-71.79932992905378">
        <ele>250.43</ele>
      </trkpt>
      <trkpt lat="43.107533399015665" lon="-71.79930285550654">
        <ele>250.29</ele>
      </trkpt>
      <trkpt lat="43.107601376250386" lon="-71.79922406561673">
        <ele>249.92</ele>
      </trkpt>
      <trkpt lat="43.10766935348511" lon="-71.79914535954595">
        <ele>249.58</ele>
      </trkpt>
      <trkpt lat="43.10769994743168" lon="-71.79910998791456">
        <ele>249.43</ele>
      </trkpt>
      <trkpt lat="43.10777999460697" lon="-71.79888996295631">
        <ele>248.79</ele>
      </trkpt>
      <trkpt lat="43.1077803298831" lon="-71.79888392798603">
        <ele>248.79</ele>
      </trkpt>
      <trkpt lat="43.10780270956457" lon="-71.79851805791259">
        <ele>247.7</ele>
      </trkpt>
      <trkpt lat="43.107809918001294" lon="-71.7983999568969">
        <ele>247.44</ele>
      </trkpt>
      <trkpt lat="43.107809918001294" lon="-71.79815143346786">
        <ele>246.92</ele>
      </trkpt>
      <trkpt lat="43.107809918001294" lon="-71.7977215256542">
        <ele>246.13</ele>
      </trkpt>
      <trkpt lat="43.107809918001294" lon="-71.79763996973634">
        <ele>245.99</ele>
      </trkpt>
      <trkpt lat="43.107805140316486" lon="-71.79753821343184">
        <ele>245.83</ele>
      </trkpt>
      <trkpt lat="43.1077993568033" lon="-71.79741650819778">
        <ele>245.66</ele>
      </trkpt>
      <trkpt lat="43.10779650695622" lon="-71.7973549850285">
        <ele>245.6</ele>
      </trkpt>
      <trkpt lat="43.107790639624" lon="-71.79723210632801">
        <ele>245.53</ele>
      </trkpt>
      <trkpt lat="43.10778493992984" lon="-71.79711040109396">
        <ele>245.5</ele>
      </trkpt>
      <trkpt lat="43.10777907259762" lon="-71.79698743857443">
        <ele>245.51</ele>
      </trkpt>
      <trkpt lat="43.107741521671414" lon="-71.79619216360152">
        <ele>245.75</ele>
      </trkpt>
      <trkpt lat="43.10773992910981" lon="-71.79615997709334">
        <ele>245.77</ele>
      </trkpt>
      <trkpt lat="43.10773992910981" lon="-71.79579997435212">
        <ele>246.0</ele>
      </trkpt>
      <trkpt lat="43.107809918001294" lon="-71.79539998993278">
        <ele>246.26</ele>
      </trkpt>
      <trkpt lat="43.10788845643401" lon="-71.79518700577319">
        <ele>246.42</ele>
      </trkpt>
      <trkpt lat="43.10792852193117" lon="-71.79507812485099">
        <ele>246.45</ele>
      </trkpt>
      <trkpt lat="43.10794880613685" lon="-71.79502313956618">
        <ele>246.45</ele>
      </trkpt>
      <trkpt lat="43.107989290729165" lon="-71.79491316899657">
        <ele>246.35</ele>
      </trkpt>
      <trkpt lat="43.10800957493484" lon="-71.79485818371177">
        <ele>246.26</ele>
      </trkpt>
      <trkpt lat="43.108049640432" lon="-71.79474930278957">
        <ele>246.01</ele>
      </trkpt>
      <trkpt lat="43.108089957386255" lon="-71.79463991895318">
        <ele>245.55</ele>
      </trkpt>
      <trkpt lat="43.108089957386255" lon="-71.79463991895318">
        <ele>245.55</ele>
      </trkpt>
      <trkpt lat="43.10812130570412" lon="-71.79452508687973">
        <ele>245.13</ele>
      </trkpt>
      <trkpt lat="43.10813706368208" lon="-71.79446733556688">
        <ele>244.94</ele>
      </trkpt>
      <trkpt lat="43.10814997181296" lon="-71.79441997781396">
        <ele>244.79</ele>
      </trkpt>
      <trkpt lat="43.10816053301096" lon="-71.79434881545603">
        <ele>244.59</ele>
      </trkpt>
      <trkpt lat="43.108178386464715" lon="-71.79422811605036">
        <ele>244.31</ele>
      </trkpt>
      <trkpt lat="43.10818995349109" lon="-71.7941499967128">
        <ele>244.16</ele>
      </trkpt>
      <trkpt lat="43.10818995349109" lon="-71.79410649463534">
        <ele>244.08</ele>
      </trkpt>
      <trkpt lat="43.10818995349109" lon="-71.79392175748944">
        <ele>243.81</ele>
      </trkpt>
      <trkpt lat="43.10818995349109" lon="-71.79373693652451">
        <ele>243.58</ele>
      </trkpt>
      <trkpt lat="43.10818995349109" lon="-71.79342898540199">
        <ele>243.26</ele>
      </trkpt>
      <trkpt lat="43.10818995349109" lon="-71.79330577142537">
        <ele>243.09</ele>
      </trkpt>
      <trkpt lat="43.10818995349109" lon="-71.79318264126778">
        <ele>242.86</ele>
      </trkpt>
      <trkpt lat="43.10818995349109" lon="-71.79311994463205">
        <ele>242.7</ele>
      </trkpt>
      <trkpt lat="43.10819372534752" lon="-71.79305967874825">
        <ele>242.56</ele>
      </trkpt>
      <trkpt lat="43.10819758102298" lon="-71.79299832321703">
        <ele>242.37</ele>
      </trkpt>
      <trkpt lat="43.10820512473583" lon="-71.79287678562105">
        <ele>241.95</ele>
      </trkpt>
      <trkpt lat="43.10820898041129" lon="-71.79281543008983">
        <ele>241.72</ele>
      </trkpt>
      <trkpt lat="43.10820998623967" lon="-71.79279992356896">
        <ele>241.64</ele>
      </trkpt>
      <trkpt lat="43.108224319294095" lon="-71.79269414395094">
        <ele>241.16</ele>
      </trkpt>
      <trkpt lat="43.1082325335592" lon="-71.79263354279101">
        <ele>240.84</ele>
      </trkpt>
      <trkpt lat="43.10824074782431" lon="-71.79257302545011">
        <ele>240.48</ele>
      </trkpt>
      <trkpt lat="43.10824896208942" lon="-71.79251242429018">
        <ele>240.09</ele>
      </trkpt>
      <trkpt lat="43.108265390619636" lon="-71.79239130578935">
        <ele>239.25</ele>
      </trkpt>
      <trkpt lat="43.10828181914985" lon="-71.79227018728852">
        <ele>238.33</ele>
      </trkpt>
      <trkpt lat="43.10828994959593" lon="-71.79220992140472">
        <ele>237.84</ele>
      </trkpt>
      <trkpt lat="43.10831802897155" lon="-71.79209257476032">
        <ele>236.86</ele>
      </trkpt>
      <trkpt lat="43.10833202674985" lon="-71.79203406907618">
        <ele>236.42</ele>
      </trkpt>
      <trkpt lat="43.108346024528146" lon="-71.79197556339204">
        <ele>236.04</ele>
      </trkpt>
      <trkpt lat="43.10836002230644" lon="-71.79191697388887">
        <ele>235.71</ele>
      </trkpt>
      <trkpt lat="43.10837402008474" lon="-71.79185846820474">
        <ele>235.41</ele>
      </trkpt>
      <trkpt lat="43.10839992016554" lon="-71.79174992255867">
        <ele>235.02</ele>
      </trkpt>
      <trkpt lat="43.10842531733215" lon="-71.79168990813196">
        <ele>234.79</ele>
      </trkpt>
      <trkpt lat="43.10846999287605" lon="-71.79158446379006">
        <ele>234.41</ele>
      </trkpt>
      <trkpt lat="43.10851466841996" lon="-71.79147893562913">
        <ele>234.08</ele>
      </trkpt>
      <trkpt lat="43.10855976305902" lon="-71.79137231782079">
        <ele>233.79</ele>
      </trkpt>
      <trkpt lat="43.10858180746436" lon="-71.79132009856403">
        <ele>233.68</ele>
      </trkpt>
      <trkpt lat="43.108626902103424" lon="-71.79121356457472">
        <ele>233.5</ele>
      </trkpt>
      <trkpt lat="43.108729999512434" lon="-71.79096998646855">
        <ele>233.2</ele>
      </trkpt>
      <trkpt lat="43.108767215162516" lon="-71.79090125486255">
        <ele>233.11</ele>
      </trkpt>
      <trkpt lat="43.10884709469974" lon="-71.79075390100479">
        <ele>232.83</ele>
      </trkpt>
      <trkpt lat="43.108953880146146" lon="-71.79055717773736">
        <ele>232.82</ele>
      </trkpt>
      <trkpt lat="43.10904993675649" lon="-71.79037998430431">
        <ele>232.89</ele>
      </trkpt>
      <trkpt lat="43.10905965976417" lon="-71.79035953246057">
        <ele>232.9</ele>
      </trkpt>
      <trkpt lat="43.109108190983534" lon="-71.79025727324188">
        <ele>232.96</ele>
      </trkpt>
      <trkpt lat="43.10915730893612" lon="-71.7901540081948">
        <ele>233.06</ele>
      </trkpt>
      <trkpt lat="43.10923995450139" lon="-71.78997999988496">
        <ele>233.27</ele>
      </trkpt>
      <trkpt lat="43.10925168916583" lon="-71.78994613699615">
        <ele>233.31</ele>
      </trkpt>
      <trkpt lat="43.109289994463325" lon="-71.78983599878848">
        <ele>233.47</ele>
      </trkpt>
      <trkpt lat="43.10931991785765" lon="-71.7897499166429">
        <ele>233.61</ele>
      </trkpt>
      <trkpt lat="43.10935227200389" lon="-71.78960683755577">
        <ele>233.85</ele>
      </trkpt>
      <trkpt lat="43.10938999056816" lon="-71.78943995386362">
        <ele>234.18</ele>
      </trkpt>
      <trkpt lat="43.10938999056816" lon="-71.78942989557981">
        <ele>234.18</ele>
      </trkpt>
      <trkpt lat="43.10938999056816" lon="-71.78930793888867">
        <ele>234.42</ele>
      </trkpt>
      <trkpt lat="43.10938999056816" lon="-71.78918472491205">
        <ele>234.69</ele>
      </trkpt>
      <trkpt lat="43.10938999056816" lon="-71.78912999108434">
        <ele>234.83</ele>
      </trkpt>
      <trkpt lat="43.10937297530472" lon="-71.78900334052742">
        <ele>235.17</ele>
      </trkpt>
      <trkpt lat="43.109356965869665" lon="-71.788883311674">
        <ele>235.56</ele>
      </trkpt>
      <trkpt lat="43.109332574531436" lon="-71.78870159201324">
        <ele>236.18</ele>
      </trkpt>
      <trkpt lat="43.10931656509638" lon="-71.78858164697886">
        <ele>236.65</ele>
      </trkpt>
      <trkpt lat="43.1093084346503" lon="-71.78852104581892">
        <ele>236.91</ele>
      </trkpt>
      <trkpt lat="43.10929234139621" lon="-71.78840110078454">
        <ele>237.48</ele>
      </trkpt>
      <trkpt lat="43.109268033877015" lon="-71.78821938112378">
        <ele>238.4</ele>
      </trkpt>
      <trkpt lat="43.10924381017685" lon="-71.78803883492947">
        <ele>239.36</ele>
      </trkpt>
      <trkpt lat="43.10923995450139" lon="-71.78800991736352">
        <ele>239.51</ele>
      </trkpt>
      <trkpt lat="43.109249928966165" lon="-71.78782995790243">
        <ele>240.5</ele>
      </trkpt>
      <trkpt lat="43.10930994339287" lon="-71.78764999844134">
        <ele>241.57</ele>
      </trkpt>
      <trkpt lat="43.10932100750506" lon="-71.78763558156788">
        <ele>241.69</ele>
      </trkpt>
      <trkpt lat="43.109386302530766" lon="-71.78755075670779">
        <ele>242.31</ele>
      </trkpt>
      <trkpt lat="43.10940993949771" lon="-71.78751999512315">
        <ele>242.52</ele>
      </trkpt>
      <trkpt lat="43.10942159034312" lon="-71.78751429542899">
        <ele>242.6</ele>
      </trkpt>
      <trkpt lat="43.109505493193865" lon="-71.78747355937958">
        <ele>243.14</ele>
      </trkpt>
      <trkpt lat="43.109716549515724" lon="-71.78737104870379">
        <ele>244.39</ele>
      </trkpt>
      <trkpt lat="43.10975996777415" lon="-71.7873499263078">
        <ele>244.61</ele>
      </trkpt>
      <trkpt lat="43.10980229638517" lon="-71.78733995184302">
        <ele>244.83</ele>
      </trkpt>
      <trkpt lat="43.10989089310169" lon="-71.78731891326606">
        <ele>245.17</ele>
      </trkpt>
      <trkpt lat="43.1099786516279" lon="-71.7872981261462">
        <ele>245.39</ele>
      </trkpt>
      <trkpt lat="43.11006724834442" lon="-71.78727717138827">
        <ele>245.47</ele>
      </trkpt>
      <trkpt lat="43.1101115886122" lon="-71.7872666940093">
        <ele>245.47</ele>
      </trkpt>
      <trkpt lat="43.11019926331937" lon="-71.78724590688944">
        <ele>245.43</ele>
      </trkpt>
      <trkpt lat="43.11028794385493" lon="-71.78722495213151">
        <ele>245.33</ele>
      </trkpt>
      <trkpt lat="43.1103756185621" lon="-71.78720416501164">
        <ele>245.14</ele>
      </trkpt>
      <trkpt lat="43.11041995882988" lon="-71.78719360381365">
        <ele>245.01</ele>
      </trkpt>
      <trkpt lat="43.1105085555464" lon="-71.78717264905572">
        <ele>244.68</ele>
      </trkpt>
      <trkpt lat="43.110519954934716" lon="-71.7871699668467">
        <ele>244.62</ele>
      </trkpt>
      <trkpt lat="43.110593631863594" lon="-71.7871371936053">
        <ele>244.29</ele>
      </trkpt>
      <trkpt lat="43.110720282420516" lon="-71.78708095103502">
        <ele>243.67</ele>
      </trkpt>
      <trkpt lat="43.11084768734872" lon="-71.78702428936958">
        <ele>242.98</ele>
      </trkpt>
      <trkpt lat="43.11097517609596" lon="-71.78696762770414">
        <ele>242.19</ele>
      </trkpt>
      <trkpt lat="43.11105991713703" lon="-71.7869299929589">
        <ele>241.6</ele>
      </trkpt>
      <trkpt lat="43.11105991713703" lon="-71.7869299929589">
        <ele>241.6</ele>
      </trkpt>
      <trkpt lat="43.111175084486604" lon="-71.78683636710048">
        <ele>240.64</ele>
      </trkpt>
      <trkpt lat="43.11129033565521" lon="-71.78674274124205">
        <ele>239.63</ele>
      </trkpt>
      <trkpt lat="43.11171194538474" lon="-71.78640025667846">
        <ele>235.78</ele>
      </trkpt>
      <trkpt lat="43.111786963418126" lon="-71.7863393202424">
        <ele>234.97</ele>
      </trkpt>
      <trkpt lat="43.1118627358228" lon="-71.7862777132541">
        <ele>234.11</ele>
      </trkpt>
      <trkpt lat="43.11201436445117" lon="-71.78615449927747">
        <ele>232.25</ele>
      </trkpt>
      <trkpt lat="43.112128023058176" lon="-71.78606213070452">
        <ele>230.8</ele>
      </trkpt>
      <trkpt lat="43.112241765484214" lon="-71.78596976213157">
        <ele>229.31</ele>
      </trkpt>
      <trkpt lat="43.11243128031492" lon="-71.78581578657031">
        <ele>226.77</ele>
      </trkpt>
      <trkpt lat="43.1125913746655" lon="-71.78568569943309">
        <ele>226.33</ele>
      </trkpt>
      <trkpt lat="43.11261844821274" lon="-71.78566365502775">
        <ele>227.48</ele>
      </trkpt>
      <trkpt lat="43.11265993863344" lon="-71.785629959777">
        <ele>226.81</ele>
      </trkpt>
      <trkpt lat="43.112729005515575" lon="-71.78556667640805">
        <ele>225.66</ele>
      </trkpt>
      <trkpt lat="43.11280217953026" lon="-71.78549953736365">
        <ele>224.38</ele>
      </trkpt>
      <trkpt lat="43.112899996340275" lon="-71.78540993481874">
        <ele>222.54</ele>
      </trkpt>
      <trkpt lat="43.112976187840104" lon="-71.78531739860773">
        <ele>220.95</ele>
      </trkpt>
      <trkpt lat="43.11303997412324" lon="-71.78523994982243">
        <ele>219.62</ele>
      </trkpt>
      <trkpt lat="43.11304114758968" lon="-71.7852377705276">
        <ele>219.62</ele>
      </trkpt>
      <trkpt lat="43.11306671239436" lon="-71.78518865257502">
        <ele>218.98</ele>
      </trkpt>
      <trkpt lat="43.11314307153225" lon="-71.78504230454564">
        <ele>217.16</ele>
      </trkpt>
      <trkpt lat="43.113159919157624" lon="-71.7850099503994">
        <ele>216.8</ele>
      </trkpt>
      <trkpt lat="43.11319964937866" lon="-71.78487952798605">
        <ele>215.55</ele>
      </trkpt>
      <trkpt lat="43.11322999186814" lon="-71.78477995097637">
        <ele>215.24</ele>
      </trkpt>
      <trkpt lat="43.11323166824877" lon="-71.78476729430258">
        <ele>215.21</ele>
      </trkpt>
      <trkpt lat="43.11323946341872" lon="-71.7847078666091">
        <ele>215.06</ele>
      </trkpt>
      <trkpt lat="43.11327885836363" lon="-71.78440963849425">
        <ele>214.42</ele>
      </trkpt>
      <trkpt lat="43.11329998075962" lon="-71.78424996323884">
        <ele>214.01</ele>
      </trkpt>
      <trkpt lat="43.11329956166446" lon="-71.78422993049026">
        <ele>213.97</ele>
      </trkpt>
      <trkpt lat="43.11329704709351" lon="-71.78410805761814">
        <ele>213.61</ele>
      </trkpt>
      <trkpt lat="43.113295789808035" lon="-71.7840477079153">
        <ele>213.41</ele>
      </trkpt>
      <trkpt lat="43.11329210177064" lon="-71.78386540152133">
        <ele>212.75</ele>
      </trkpt>
      <trkpt lat="43.113289922475815" lon="-71.78375995717943">
        <ele>213.6</ele>
      </trkpt>
      <trkpt lat="43.1133699696511" lon="-71.78375995717943">
        <ele>214.49</ele>
      </trkpt>
      <trkpt lat="43.11338606290519" lon="-71.78376900963485">
        <ele>214.69</ele>
      </trkpt>
      <trkpt lat="43.113466864451766" lon="-71.78381427191198">
        <ele>215.62</ele>
      </trkpt>
      <trkpt lat="43.11350760050118" lon="-71.78383715450764">
        <ele>216.06</ele>
      </trkpt>
      <trkpt lat="43.11358831822872" lon="-71.7838825006038">
        <ele>216.89</ele>
      </trkpt>
      <trkpt lat="43.11362829990685" lon="-71.78390488028526">
        <ele>217.28</ele>
      </trkpt>
      <trkpt lat="43.11370985582471" lon="-71.78395064547658">
        <ele>218.03</ele>
      </trkpt>
      <trkpt lat="43.11377992853522" lon="-71.78398995660245">
        <ele>218.59</ele>
      </trkpt>
      <trkpt lat="43.11390842311084" lon="-71.78406958468258">
        <ele>219.66</ele>
      </trkpt>
      <trkpt lat="43.114067343994975" lon="-71.78416815586388">
        <ele>221.02</ele>
      </trkpt>
      <trkpt lat="43.11442374251783" lon="-71.78438910283148">
        <ele>224.36</ele>
      </trkpt>
      <trkpt lat="43.114581825211644" lon="-71.78448717109859">
        <ele>225.73</ele>
      </trkpt>
      <trkpt lat="43.114621974527836" lon="-71.78451206535101">
        <ele>226.03</ele>
      </trkpt>
      <trkpt lat="43.11466136947274" lon="-71.7845363728702">
        <ele>226.3</ele>
      </trkpt>
      <trkpt lat="43.11470068059862" lon="-71.78456076420844">
        <ele>226.54</ele>
      </trkpt>
      <trkpt lat="43.11477997340262" lon="-71.78460996598005">
        <ele>226.94</ele>
      </trkpt>
      <trkpt lat="43.11478014104068" lon="-71.78461004979908">
        <ele>226.94</ele>
      </trkpt>
      <trkpt lat="43.114865720272064" lon="-71.78463301621377">
        <ele>227.25</ele>
      </trkpt>
      <trkpt lat="43.11496630311012" lon="-71.78466017358005">
        <ele>227.31</ele>
      </trkpt>
      <trkpt lat="43.115039980039" lon="-71.78467995487154">
        <ele>227.56</ele>
      </trkpt>
      <trkpt lat="43.11526536941528" lon="-71.7847678810358">
        <ele>228.36</ele>
      </trkpt>
      <trkpt lat="43.11535011045635" lon="-71.78480098955333">
        <ele>228.68</ele>
      </trkpt>
      <trkpt lat="43.11544993892312" lon="-71.78483996540308">
        <ele>229.12</ele>
      </trkpt>
      <trkpt lat="43.11547692865133" lon="-71.78485538810492">
        <ele>229.25</ele>
      </trkpt>
      <trkpt lat="43.115589916706085" lon="-71.78491992875934">
        <ele>229.84</ele>
      </trkpt>
      <trkpt lat="43.11571874655783" lon="-71.78500458598137">
        <ele>230.53</ele>
      </trkpt>
      <trkpt lat="43.115799045190215" lon="-71.78505739197135">
        <ele>230.89</ele>
      </trkpt>
      <trkpt lat="43.11587850563228" lon="-71.78510961122811">
        <ele>231.21</ele>
      </trkpt>
      <trkpt lat="43.11593994498253" lon="-71.78514992818236">
        <ele>231.4</ele>
      </trkpt>
      <trkpt lat="43.115996941924095" lon="-71.78519267588854">
        <ele>231.6</ele>
      </trkpt>
      <trkpt lat="43.116035582497716" lon="-71.78522167727351">
        <ele>231.7</ele>
      </trkpt>
      <trkpt lat="43.11607422307134" lon="-71.78525067865849">
        <ele>231.77</ele>
      </trkpt>
      <trkpt lat="43.116113701835275" lon="-71.78528026677668">
        <ele>231.82</ele>
      </trkpt>
      <trkpt lat="43.116152342408895" lon="-71.78530926816165">
        <ele>231.84</ele>
      </trkpt>
      <trkpt lat="43.11626826412976" lon="-71.78539618849754">
        <ele>231.82</ele>
      </trkpt>
      <trkpt lat="43.11644654721022" lon="-71.78552987985313">
        <ele>231.66</ele>
      </trkpt>
      <trkpt lat="43.116619968786836" lon="-71.78565996699035">
        <ele>231.56</ele>
      </trkpt>
      <trkpt lat="43.116703033447266" lon="-71.78573842160404">
        <ele>231.52</ele>
      </trkpt>
      <trkpt lat="43.11677562072873" lon="-71.78580698557198">
        <ele>231.5</ele>
      </trkpt>
      <trkpt lat="43.11679992824793" lon="-71.78582995198667">
        <ele>231.51</ele>
      </trkpt>
      <trkpt lat="43.11686933040619" lon="-71.7859352286905">
        <ele>231.56</ele>
      </trkpt>
      <trkpt lat="43.117069993168116" lon="-71.78623999468982">
        <ele>231.82</ele>
      </trkpt>
      <trkpt lat="43.11707477085292" lon="-71.78625022061169">
        <ele>231.82</ele>
      </trkpt>
      <trkpt lat="43.11709865927696" lon="-71.78630093112588">
        <ele>231.82</ele>
      </trkpt>
      <trkpt lat="43.11712305061519" lon="-71.78635273128748">
        <ele>231.77</ele>
      </trkpt>
      <trkpt lat="43.11714995652437" lon="-71.78640997968614">
        <ele>231.67</ele>
      </trkpt>
      <trkpt lat="43.11714995652437" lon="-71.78640997968614">
        <ele>231.67</ele>
      </trkpt>
      <trkpt lat="43.11716294847429" lon="-71.78645943291485">
        <ele>231.54</ele>
      </trkpt>
      <trkpt lat="43.11717820353806" lon="-71.7865174356848">
        <ele>231.37</ele>
      </trkpt>
      <trkpt lat="43.11722304672003" lon="-71.78668775595725">
        <ele>230.78</ele>
      </trkpt>
      <trkpt lat="43.11724995262921" lon="-71.7867899313569">
        <ele>230.23</ele>
      </trkpt>
      <trkpt lat="43.117264872416854" lon="-71.78685304708779">
        <ele>229.91</ele>
      </trkpt>
      <trkpt lat="43.11729119159281" lon="-71.78696444258094">
        <ele>229.38</ele>
      </trkpt>
      <trkpt lat="43.11731751076877" lon="-71.78707575425506">
        <ele>228.92</ele>
      </trkpt>
      <trkpt lat="43.11734382994473" lon="-71.7871871497482">
        <ele>228.52</ele>
      </trkpt>
      <trkpt lat="43.11735715717077" lon="-71.78724339231849">
        <ele>228.35</ele>
      </trkpt>
      <trkpt lat="43.1173799559474" lon="-71.78733995184302">
        <ele>228.09</ele>
      </trkpt>
      <trkpt lat="43.1173852365464" lon="-71.78735369816422">
        <ele>228.06</ele>
      </trkpt>
      <trkpt lat="43.11740493401885" lon="-71.7874049115926">
        <ele>227.94</ele>
      </trkpt>
      <trkpt lat="43.117445167154074" lon="-71.78750960156322">
        <ele>227.75</ele>
      </trkpt>
      <trkpt lat="43.11748498119414" lon="-71.78761311806738">
        <ele>227.62</ele>
      </trkpt>
      <trkpt lat="43.11754457652569" lon="-71.78776793181896">
        <ele>227.49</ele>
      </trkpt>
      <trkpt lat="43.11757994815707" lon="-71.78785996511579">
        <ele>227.42</ele>
      </trkpt>
      <trkpt lat="43.11762638390064" lon="-71.7879733722657">
        <ele>227.34</ele>
      </trkpt>
      <trkpt lat="43.11766871251166" lon="-71.7880764696747">
        <ele>227.3</ele>
      </trkpt>
      <trkpt lat="43.11768941581249" lon="-71.7881269287318">
        <ele>227.3</ele>
      </trkpt>
      <trkpt lat="43.11773166060448" lon="-71.78823010995984">
        <ele>227.36</ele>
      </trkpt>
      <trkpt lat="43.11775278300047" lon="-71.78828165866435">
        <ele>227.43</ele>
      </trkpt>
      <trkpt lat="43.117794608697295" lon="-71.78838375024498">
        <ele>227.61</ele>
      </trkpt>
      <trkpt lat="43.11782998032868" lon="-71.78846991620958">
        <ele>227.72</ele>
      </trkpt>
      <trkpt lat="43.117836602032185" lon="-71.7884911224246">
        <ele>227.75</ele>
      </trkpt>
      <trkpt lat="43.117872308939695" lon="-71.78860419429839">
        <ele>227.93</ele>
      </trkpt>
      <trkpt lat="43.117961240932345" lon="-71.78888574242592">
        <ele>228.45</ele>
      </trkpt>
      <trkpt lat="43.11800993978977" lon="-71.78903996944427">
        <ele>228.78</ele>
      </trkpt>
      <trkpt lat="43.118012538179755" lon="-71.78905639797449">
        <ele>228.82</ele>
      </trkpt>
      <trkpt lat="43.11804112046957" lon="-71.78923568688333">
        <ele>229.3</ele>
      </trkpt>
      <trkpt lat="43.118079928681254" lon="-71.78947993554175">
        <ele>229.97</ele>
      </trkpt>
      <trkpt lat="43.11809191480279" lon="-71.78959719836712">
        <ele>230.3</ele>
      </trkpt>
      <trkpt lat="43.118104320019484" lon="-71.7897192388773">
        <ele>230.61</ele>
      </trkpt>
      <trkpt lat="43.118135165423155" lon="-71.79002308286726">
        <ele>231.33</ele>
      </trkpt>
      <trkpt lat="43.11813994310796" lon="-71.790069937706">
        <ele>231.45</ele>
      </trkpt>
      <trkpt lat="43.118150839582086" lon="-71.79026724770665">
        <ele>231.98</ele>
      </trkpt>
      <trkpt lat="43.118157628923655" lon="-71.79039012640715">
        <ele>232.33</ele>
      </trkpt>
      <trkpt lat="43.11816441826522" lon="-71.79051300510764">
        <ele>232.71</ele>
      </trkpt>
      <trkpt lat="43.11817456036806" lon="-71.79069606587291">
        <ele>233.35</ele>
      </trkpt>
      <trkpt lat="43.1181844510138" lon="-71.79087535478175">
        <ele>234.21</ele>
      </trkpt>
      <trkpt lat="43.11819098889828" lon="-71.79099454544485">
        <ele>234.86</ele>
      </trkpt>
      <trkpt lat="43.11819761060178" lon="-71.79111373610795">
        <ele>235.57</ele>
      </trkpt>
      <trkpt lat="43.11821412295103" lon="-71.79141347296536">
        <ele>237.47</ele>
      </trkpt>
      <trkpt lat="43.1182174757123" lon="-71.79147365503013">
        <ele>237.82</ele>
      </trkpt>
      <trkpt lat="43.11822401359677" lon="-71.79159284569323">
        <ele>238.47</ele>
      </trkpt>
      <trkpt lat="43.118229964748025" lon="-71.79169996641576">
        <ele>238.7</ele>
      </trkpt>
      <trkpt lat="43.118239771574736" lon="-71.79176869802177">
        <ele>238.86</ele>
      </trkpt>
      <trkpt lat="43.11825997196138" lon="-71.79190993309021">
        <ele>239.09</ele>
      </trkpt>
      <trkpt lat="43.11829995363951" lon="-71.7920399364084">
        <ele>239.34</ele>
      </trkpt>
      <trkpt lat="43.11830582097173" lon="-71.79204873740673">
        <ele>239.34</ele>
      </trkpt>
      <trkpt lat="43.118359968066216" lon="-71.79212995804846">
        <ele>239.53</ele>
      </trkpt>
      <trkpt lat="43.118401961401105" lon="-71.79216734133661">
        <ele>239.66</ele>
      </trkpt>
      <trkpt lat="43.11847438104451" lon="-71.79223171435297">
        <ele>239.9</ele>
      </trkpt>
      <trkpt lat="43.11854680068791" lon="-71.79229608736932">
        <ele>240.18</ele>
      </trkpt>
      <trkpt lat="43.1186561845243" lon="-71.79239331744611">
        <ele>240.72</ele>
      </trkpt>
      <trkpt lat="43.11871997080743" lon="-71.79244997911155">
        <ele>241.22</ele>
      </trkpt>
      <trkpt lat="43.118730783462524" lon="-71.79245760664344">
        <ele>241.31</ele>
      </trkpt>
      <trkpt lat="43.118769926950336" lon="-71.79248535074294">
        <ele>241.63</ele>
      </trkpt>
      <trkpt lat="43.11888735741377" lon="-71.7925684992224">
        <ele>242.65</ele>
      </trkpt>
      <trkpt lat="43.118959944695234" lon="-71.79261996410787">
        <ele>243.3</ele>
      </trkpt>
      <trkpt lat="43.11900730244815" lon="-71.79264368489385">
        <ele>243.71</ele>
      </trkpt>
      <trkpt lat="43.11925574205816" lon="-71.79276782087982">
        <ele>245.95</ele>
      </trkpt>
      <trkpt lat="43.11933847144246" lon="-71.79280922748148">
        <ele>246.65</ele>
      </trkpt>
      <trkpt lat="43.11946269124746" lon="-71.79287133738399">
        <ele>247.63</ele>
      </trkpt>
      <trkpt lat="43.119539972394705" lon="-71.7929099779576">
        <ele>247.95</ele>
      </trkpt>
      <trkpt lat="43.11957542784512" lon="-71.79292975924909">
        <ele>248.11</ele>
      </trkpt>
      <trkpt lat="43.11972529627383" lon="-71.79301349446177">
        <ele>248.65</ele>
      </trkpt>
      <trkpt lat="43.11988849192858" lon="-71.79310468956828">
        <ele>249.7</ele>
      </trkpt>
      <trkpt lat="43.120175739750266" lon="-71.79326528683305">
        <ele>251.6</ele>
      </trkpt>
      <trkpt lat="43.12021999619901" lon="-71.79328992962837">
        <ele>251.9</ele>
      </trkpt>
      <trkpt lat="43.12025721184909" lon="-71.79331138730049">
        <ele>252.17</ele>
      </trkpt>
      <trkpt lat="43.120379922911525" lon="-71.7933819629252">
        <ele>253.09</ele>
      </trkpt>
      <trkpt lat="43.12046122737229" lon="-71.79342865012586">
        <ele>253.77</ele>
      </trkpt>
      <trkpt lat="43.12054244801402" lon="-71.79347542114556">
        <ele>254.49</ele>
      </trkpt>
      <trkpt lat="43.12061998061836" lon="-71.7935199290514">
        <ele>255.13</ele>
      </trkpt>
      <trkpt lat="43.12077789567411" lon="-71.7936340905726">
        <ele>256.51</ele>
      </trkpt>
      <trkpt lat="43.12079994007945" lon="-71.79364993236959">
        <ele>256.7</ele>
      </trkpt>
      <trkpt lat="43.12085987068713" lon="-71.79367759265006">
        <ele>257.21</ele>
      </trkpt>
      <trkpt lat="43.12106782570481" lon="-71.79377356544137">
        <ele>259.13</ele>
      </trkpt>
      <trkpt lat="43.12131995335221" lon="-71.79388999007642">
        <ele>261.41</ele>
      </trkpt>
      <trkpt lat="43.12141994945705" lon="-71.79396995343268">
        <ele>262.4</ele>
      </trkpt>
      <trkpt lat="43.12150158919394" lon="-71.79405159316957">
        <ele>263.27</ele>
      </trkpt>
      <trkpt lat="43.1215728353709" lon="-71.79412283934653">
        <ele>264.05</ele>
      </trkpt>
      <trkpt lat="43.12164324335754" lon="-71.79419324733317">
        <ele>264.89</ele>
      </trkpt>
      <trkpt lat="43.12182119116187" lon="-71.7943711951375">
        <ele>267.25</ele>
      </trkpt>
      <trkpt lat="43.121859999373555" lon="-71.79440991953015">
        <ele>267.69</ele>
      </trkpt>
      <trkpt lat="43.121859999373555" lon="-71.79440991953015">
        <ele>267.69</ele>
      </trkpt>
      <trkpt lat="43.1218957901001" lon="-71.7944319639355">
        <ele>268.1</ele>
      </trkpt>
      <trkpt lat="43.12193602323532" lon="-71.79445660673082">
        <ele>268.48</ele>
      </trkpt>
      <trkpt lat="43.12201648950577" lon="-71.79450589232147">
        <ele>269.15</ele>
      </trkpt>
      <trkpt lat="43.1220961175859" lon="-71.79455467499793">
        <ele>269.74</ele>
      </trkpt>
      <trkpt lat="43.12216996215284" lon="-71.79459993727505">
        <ele>269.92</ele>
      </trkpt>
      <trkpt lat="43.12216996215284" lon="-71.79459993727505">
        <ele>269.92</ele>
      </trkpt>
      <trkpt lat="43.12237674370408" lon="-71.7947837524116">
        <ele>271.03</ele>
      </trkpt>
      <trkpt lat="43.12244765460491" lon="-71.79484678432345">
        <ele>271.35</ele>
      </trkpt>
      <trkpt lat="43.12248311005533" lon="-71.79487830027938">
        <ele>271.48</ele>
      </trkpt>
      <trkpt lat="43.122554775327444" lon="-71.79494200274348">
        <ele>271.69</ele>
      </trkpt>
      <trkpt lat="43.12259023077786" lon="-71.79497351869941">
        <ele>271.76</ele>
      </trkpt>
      <trkpt lat="43.122625686228275" lon="-71.79500503465533">
        <ele>271.8</ele>
      </trkpt>
      <trkpt lat="43.12266114167869" lon="-71.79503655061126">
        <ele>271.81</ele>
      </trkpt>
      <trkpt lat="43.12273205257952" lon="-71.79509958252311">
        <ele>271.79</ele>
      </trkpt>
      <trkpt lat="43.12279994599521" lon="-71.79515993222594">
        <ele>271.74</ele>
      </trkpt>
      <trkpt lat="43.122829953208566" lon="-71.7951915320009">
        <ele>271.72</ele>
      </trkpt>
      <trkpt lat="43.122926177456975" lon="-71.79529286921024">
        <ele>271.58</ele>
      </trkpt>
      <trkpt lat="43.12298996374011" lon="-71.79535992443562">
        <ele>271.52</ele>
      </trkpt>
      <trkpt lat="43.12299340032041" lon="-71.79536302573979">
        <ele>271.52</ele>
      </trkpt>
      <trkpt lat="43.123029777780175" lon="-71.79539496079087">
        <ele>271.47</ele>
      </trkpt>
      <trkpt lat="43.123101610690355" lon="-71.79545824415982">
        <ele>271.32</ele>
      </trkpt>
      <trkpt lat="43.12317352741957" lon="-71.79552152752876">
        <ele>271.13</ele>
      </trkpt>
      <trkpt lat="43.12323999591172" lon="-71.79557994939387">
        <ele>270.92</ele>
      </trkpt>
      <trkpt lat="43.12333035282791" lon="-71.79560258053243">
        <ele>270.68</ele>
      </trkpt>
      <trkpt lat="43.12339992262423" lon="-71.795619931072">
        <ele>270.54</ele>
      </trkpt>
      <trkpt lat="43.1234566681087" lon="-71.79562755860388">
        <ele>270.44</ele>
      </trkpt>
      <trkpt lat="43.123549958691" lon="-71.79563996382058">
        <ele>270.5</ele>
      </trkpt>
      <trkpt lat="43.123549958691" lon="-71.79563996382058">
        <ele>270.5</ele>
      </trkpt>
      <trkpt lat="43.12363260425627" lon="-71.79566309787333">
        <ele>270.61</ele>
      </trkpt>
      <trkpt lat="43.12379999086261" lon="-71.79570995271206">
        <ele>270.92</ele>
      </trkpt>
      <trkpt lat="43.123851707205176" lon="-71.79571950808167">
        <ele>271.02</ele>
      </trkpt>
      <trkpt lat="43.1238953769207" lon="-71.79572763852775">
        <ele>271.08</ele>
      </trkpt>
      <trkpt lat="43.123983554542065" lon="-71.79574398323894">
        <ele>271.1</ele>
      </trkpt>
      <trkpt lat="43.12402814626694" lon="-71.79575219750404">
        <ele>271.06</ele>
      </trkpt>
      <trkpt lat="43.12406997196376" lon="-71.795759992674">
        <ele>270.99</ele>
      </trkpt>
      <trkpt lat="43.12407273799181" lon="-71.79576016031206">
        <ele>270.99</ele>
      </trkpt>
      <trkpt lat="43.12411674298346" lon="-71.79576368071139">
        <ele>270.9</ele>
      </trkpt>
      <trkpt lat="43.12420559115708" lon="-71.79577088914812">
        <ele>270.68</ele>
      </trkpt>
      <trkpt lat="43.1243393663317" lon="-71.79578161798418">
        <ele>270.3</ele>
      </trkpt>
      <trkpt lat="43.124473141506314" lon="-71.79579234682024">
        <ele>269.88</ele>
      </trkpt>
      <trkpt lat="43.124561151489615" lon="-71.7957993876189">
        <ele>269.55</ele>
      </trkpt>
      <trkpt lat="43.12465092167258" lon="-71.79580667987466">
        <ele>269.15</ele>
      </trkpt>
      <trkpt lat="43.1247846968472" lon="-71.79581740871072">
        <ele>268.52</ele>
      </trkpt>
      <trkpt lat="43.12491755001247" lon="-71.79582805372775">
        <ele>267.96</ele>
      </trkpt>
      <trkpt lat="43.12500732019544" lon="-71.79583526216447">
        <ele>267.65</ele>
      </trkpt>
      <trkpt lat="43.12505132518709" lon="-71.7958387825638">
        <ele>267.53</ele>
      </trkpt>
      <trkpt lat="43.125096168369055" lon="-71.79584238678217">
        <ele>267.43</ele>
      </trkpt>
      <trkpt lat="43.125140173360705" lon="-71.79584599100053">
        <ele>267.36</ele>
      </trkpt>
      <trkpt lat="43.125189961865544" lon="-71.79584993049502">
        <ele>267.32</ele>
      </trkpt>
      <trkpt lat="43.125189961865544" lon="-71.79584993049502">
        <ele>267.32</ele>
      </trkpt>
      <trkpt lat="43.12522826716304" lon="-71.79586091078818">
        <ele>267.31</ele>
      </trkpt>
      <trkpt lat="43.12527235597372" lon="-71.79587348364294">
        <ele>267.34</ele>
      </trkpt>
      <trkpt lat="43.12531636096537" lon="-71.7958860564977">
        <ele>267.41</ele>
      </trkpt>
      <trkpt lat="43.12532993964851" lon="-71.79588999599218">
        <ele>267.44</ele>
      </trkpt>
      <trkpt lat="43.1254031136632" lon="-71.79591346532106">
        <ele>267.63</ele>
      </trkpt>
      <trkpt lat="43.125446029007435" lon="-71.7959272954613">
        <ele>267.78</ele>
      </trkpt>
      <trkpt lat="43.125533536076546" lon="-71.79595537483692">
        <ele>268.16</ele>
      </trkpt>
      <trkpt lat="43.125576451420784" lon="-71.79596920497715">
        <ele>268.38</ele>
      </trkpt>
      <trkpt lat="43.12560997903347" lon="-71.79597993381321">
        <ele>268.57</ele>
      </trkpt>
      <trkpt lat="43.12561978586018" lon="-71.79598513059318">
        <ele>268.64</ele>
      </trkpt>
      <trkpt lat="43.12566094100475" lon="-71.79600692354143">
        <ele>268.93</ele>
      </trkpt>
      <trkpt lat="43.12570285052061" lon="-71.79602913558483">
        <ele>269.26</ele>
      </trkpt>
      <trkpt lat="43.125785076990724" lon="-71.79607263766229">
        <ele>270.01</ele>
      </trkpt>
      <trkpt lat="43.12582698650658" lon="-71.7960948497057">
        <ele>270.43</ele>
      </trkpt>
      <trkpt lat="43.12586897984147" lon="-71.7961170617491">
        <ele>270.88</ele>
      </trkpt>
      <trkpt lat="43.12595196068287" lon="-71.79616106674075">
        <ele>271.86</ele>
      </trkpt>
      <trkpt lat="43.12599395401776" lon="-71.79618327878416">
        <ele>272.38</ele>
      </trkpt>
      <trkpt lat="43.12607701867819" lon="-71.79622719995677">
        <ele>273.49</ele>
      </trkpt>
      <trkpt lat="43.12611993402243" lon="-71.7962499987334">
        <ele>274.08</ele>
      </trkpt>
      <trkpt lat="43.12611993402243" lon="-71.7962499987334">
        <ele>274.08</ele>
      </trkpt>
      <trkpt lat="43.12620643526316" lon="-71.79627162404358">
        <ele>275.3</ele>
      </trkpt>
      <trkpt lat="43.1263199262321" lon="-71.7962999548763">
        <ele>276.96</ele>
      </trkpt>
      <trkpt lat="43.126427633687854" lon="-71.7962999548763">
        <ele>278.52</ele>
      </trkpt>
      <trkpt lat="43.126471722498536" lon="-71.7962999548763">
        <ele>279.11</ele>
      </trkpt>
      <trkpt lat="43.126516649499536" lon="-71.7962999548763">
        <ele>279.66</ele>
      </trkpt>
      <trkpt lat="43.12653995119035" lon="-71.7962999548763">
        <ele>279.92</ele>
      </trkpt>
      <trkpt lat="43.126560654491186" lon="-71.79629777558148">
        <ele>280.16</ele>
      </trkpt>
      <trkpt lat="43.12664941884577" lon="-71.79628838784993">
        <ele>281.06</ele>
      </trkpt>
      <trkpt lat="43.12673910520971" lon="-71.79627891629934">
        <ele>281.91</ele>
      </trkpt>
      <trkpt lat="43.126827869564295" lon="-71.79626952856779">
        <ele>282.71</ele>
      </trkpt>
      <trkpt lat="43.1269605550915" lon="-71.79625544697046">
        <ele>283.87</ele>
      </trkpt>
      <trkpt lat="43.127094162628055" lon="-71.79624136537313">
        <ele>285.11</ele>
      </trkpt>
      <trkpt lat="43.12722777016461" lon="-71.79622719995677">
        <ele>286.41</ele>
      </trkpt>
      <trkpt lat="43.12740529887378" lon="-71.79620842449367">
        <ele>288.22</ele>
      </trkpt>
      <trkpt lat="43.12749406322837" lon="-71.79619903676212">
        <ele>289.06</ele>
      </trkpt>
      <trkpt lat="43.12757997773588" lon="-71.7961899843067">
        <ele>290.28</ele>
      </trkpt>
      <trkpt lat="43.12767184339464" lon="-71.79618646390736">
        <ele>291.59</ele>
      </trkpt>
      <trkpt lat="43.12785071320832" lon="-71.79617950692773">
        <ele>294.23</ele>
      </trkpt>
      <trkpt lat="43.12793972902" lon="-71.79617615416646">
        <ele>295.51</ele>
      </trkpt>
      <trkpt lat="43.12802966684103" lon="-71.79617263376713">
        <ele>296.7</ele>
      </trkpt>
      <trkpt lat="43.12809999100864" lon="-71.79616995155811">
        <ele>297.6</ele>
      </trkpt>
      <trkpt lat="43.12811826355755" lon="-71.79617498070002">
        <ele>297.84</ele>
      </trkpt>
      <trkpt lat="43.128337785601616" lon="-71.79623558185995">
        <ele>300.56</ele>
      </trkpt>
      <trkpt lat="43.12838992103934" lon="-71.7962499987334">
        <ele>301.22</ele>
      </trkpt>
      <trkpt lat="43.12855387106538" lon="-71.79631110280752">
        <ele>303.33</ele>
      </trkpt>
      <trkpt lat="43.12868312001228" lon="-71.79635929875076">
        <ele>304.89</ele>
      </trkpt>
      <trkpt lat="43.12876987271011" lon="-71.796391652897">
        <ele>305.79</ele>
      </trkpt>
      <trkpt lat="43.12881245277822" lon="-71.796407494694">
        <ele>306.2</ele>
      </trkpt>
      <trkpt lat="43.128899205476046" lon="-71.79643984884024">
        <ele>306.96</ele>
      </trkpt>
      <trkpt lat="43.12897992320359" lon="-71.79646993987262">
        <ele>307.65</ele>
      </trkpt>
      <trkpt lat="43.12898478470743" lon="-71.7964730411768">
        <ele>307.65</ele>
      </trkpt>
      <trkpt lat="43.12906642444432" lon="-71.7965248413384">
        <ele>308.29</ele>
      </trkpt>
      <trkpt lat="43.129228027537465" lon="-71.79662735201418">
        <ele>309.49</ele>
      </trkpt>
      <trkpt lat="43.1293903850019" lon="-71.79673036560416">
        <ele>310.76</ele>
      </trkpt>
      <trkpt lat="43.12951200641692" lon="-71.79680747911334">
        <ele>311.61</ele>
      </trkpt>
      <trkpt lat="43.12959364615381" lon="-71.79685927927494">
        <ele>312.09</ele>
      </trkpt>
      <trkpt lat="43.129633627831936" lon="-71.79688467644155">
        <ele>312.3</ele>
      </trkpt>
      <trkpt lat="43.12967436388135" lon="-71.79691057652235">
        <ele>312.48</ele>
      </trkpt>
      <trkpt lat="43.12975516542792" lon="-71.79696178995073">
        <ele>312.76</ele>
      </trkpt>
      <trkpt lat="43.12979598529637" lon="-71.79698769003153">
        <ele>312.87</ele>
      </trkpt>
      <trkpt lat="43.12987762503326" lon="-71.79703949019313">
        <ele>312.99</ele>
      </trkpt>
      <trkpt lat="43.13007996417582" lon="-71.79716790094972">
        <ele>313.11</ele>
      </trkpt>
      <trkpt lat="43.13020158559084" lon="-71.7972450144589">
        <ele>313.23</ele>
      </trkpt>
      <trkpt lat="43.13028238713741" lon="-71.7972963117063">
        <ele>313.37</ele>
      </trkpt>
      <trkpt lat="43.13032320700586" lon="-71.79732212796807">
        <ele>313.46</ele>
      </trkpt>
      <trkpt lat="43.13040476292372" lon="-71.79737392812967">
        <ele>313.72</ele>
      </trkpt>
      <trkpt lat="43.13044482842088" lon="-71.79739932529628">
        <ele>313.9</ele>
      </trkpt>
      <trkpt lat="43.13048556447029" lon="-71.79742522537708">
        <ele>314.12</ele>
      </trkpt>
      <trkpt lat="43.13052638433874" lon="-71.79745104163885">
        <ele>314.38</ele>
      </trkpt>
      <trkpt lat="43.130566366016865" lon="-71.79747643880546">
        <ele>314.66</ele>
      </trkpt>
      <trkpt lat="43.13060718588531" lon="-71.79750233888626">
        <ele>314.98</ele>
      </trkpt>
      <trkpt lat="43.130648005753756" lon="-71.79752823896706">
        <ele>315.33</ele>
      </trkpt>
      <trkpt lat="43.130687987431884" lon="-71.79755363613367">
        <ele>315.72</ele>
      </trkpt>
      <trkpt lat="43.130769627168775" lon="-71.79760535247624">
        <ele>316.58</ele>
      </trkpt>
      <trkpt lat="43.13085034489632" lon="-71.79765664972365">
        <ele>317.48</ele>
      </trkpt>
      <trkpt lat="43.130930392071605" lon="-71.79770736023784">
        <ele>318.25</ele>
      </trkpt>
      <trkpt lat="43.13101035542786" lon="-71.79775815457106">
        <ele>318.95</ele>
      </trkpt>
      <trkpt lat="43.13109031878412" lon="-71.79780886508524">
        <ele>319.57</ele>
      </trkpt>
      <trkpt lat="43.131170282140374" lon="-71.79785957559943">
        <ele>320.12</ele>
      </trkpt>
      <trkpt lat="43.13133020885289" lon="-71.79796108044684">
        <ele>321.13</ele>
      </trkpt>
      <trkpt lat="43.131450237706304" lon="-71.79803718812764">
        <ele>321.83</ele>
      </trkpt>
      <trkpt lat="43.13153103925288" lon="-71.79808848537505">
        <ele>322.23</ele>
      </trkpt>
      <trkpt lat="43.131611002609134" lon="-71.79813919588923">
        <ele>322.59</ele>
      </trkpt>
      <trkpt lat="43.13165098428726" lon="-71.79816459305584">
        <ele>322.75</ele>
      </trkpt>
      <trkpt lat="43.13169096596539" lon="-71.79818990640342">
        <ele>322.89</ele>
      </trkpt>
      <trkpt lat="43.13173094764352" lon="-71.79821530357003">
        <ele>323.0</ele>
      </trkpt>
      <trkpt lat="43.13177092932165" lon="-71.79824070073664">
        <ele>323.08</ele>
      </trkpt>
      <trkpt lat="43.131810910999775" lon="-71.79826601408422">
        <ele>323.13</ele>
      </trkpt>
      <trkpt lat="43.13189087435603" lon="-71.79831680841744">
        <ele>323.15</ele>
      </trkpt>
      <trkpt lat="43.13193085603416" lon="-71.79834212176502">
        <ele>323.13</ele>
      </trkpt>
      <trkpt lat="43.13201165758073" lon="-71.79839341901243">
        <ele>323.03</ele>
      </trkpt>
      <trkpt lat="43.132211649790406" lon="-71.79852023720741">
        <ele>322.67</ele>
      </trkpt>
      <trkpt lat="43.13228993676603" lon="-71.79856994189322">
        <ele>322.81</ele>
      </trkpt>
      <trkpt lat="43.13240761868656" lon="-71.79866289719939">
        <ele>323.05</ele>
      </trkpt>
      <trkpt lat="43.13247995451093" lon="-71.79871997795999">
        <ele>322.96</ele>
      </trkpt>
      <trkpt lat="43.13243083655834" lon="-71.79895726963878">
        <ele>322.79</ele>
      </trkpt>
      <trkpt lat="43.13240678049624" lon="-71.79907352663577">
        <ele>322.66</ele>
      </trkpt>
      <trkpt lat="43.132394794374704" lon="-71.79913161322474">
        <ele>322.55</ele>
      </trkpt>
      <trkpt lat="43.1323707383126" lon="-71.7992477864027">
        <ele>322.29</ele>
      </trkpt>
      <trkpt lat="43.13235992565751" lon="-71.79929992184043">
        <ele>322.15</ele>
      </trkpt>
      <trkpt lat="43.132389932870865" lon="-71.79946999065578">
        <ele>321.73</ele>
      </trkpt>
      <trkpt lat="43.1324399728328" lon="-71.79951994679868">
        <ele>321.52</ele>
      </trkpt>
      <trkpt lat="43.13247182406485" lon="-71.79953763261437">
        <ele>321.41</ele>
      </trkpt>
      <trkpt lat="43.13261993229389" lon="-71.79961994290352">
        <ele>320.92</ele>
      </trkpt>
      <trkpt lat="43.132635774090886" lon="-71.79962581023574">
        <ele>320.87</ele>
      </trkpt>
      <trkpt lat="43.13276351429522" lon="-71.79967283271253">
        <ele>320.54</ele>
      </trkpt>
      <trkpt lat="43.13289117068052" lon="-71.79971985518932">
        <ele>320.3</ele>
      </trkpt>
      <trkpt lat="43.132976246997714" lon="-71.79975120350718">
        <ele>320.18</ele>
      </trkpt>
      <trkpt lat="43.1331030651927" lon="-71.79979797452688">
        <ele>320.1</ele>
      </trkpt>
      <trkpt lat="43.13318998552859" lon="-71.799829993397">
        <ele>320.09</ele>
      </trkpt>
      <trkpt lat="43.13322854228318" lon="-71.79985354654491">
        <ele>320.09</ele>
      </trkpt>
      <trkpt lat="43.133549988269806" lon="-71.80004993453622">
        <ele>320.12</ele>
      </trkpt>
      <trkpt lat="43.13373933546245" lon="-71.8001960311085">
        <ele>320.15</ele>
      </trkpt>
      <trkpt lat="43.1338161136955" lon="-71.80025529116392">
        <ele>320.12</ele>
      </trkpt>
      <trkpt lat="43.13389993272722" lon="-71.8003199994564">
        <ele>320.02</ele>
      </trkpt>
      <trkpt lat="43.13389993272722" lon="-71.8003199994564">
        <ele>320.02</ele>
      </trkpt>
      <trkpt lat="43.13392558135092" lon="-71.80035101249814">
        <ele>319.95</ele>
      </trkpt>
      <trkpt lat="43.13395860604942" lon="-71.80039091035724">
        <ele>319.86</ele>
      </trkpt>
      <trkpt lat="43.13402398489416" lon="-71.80047011934221">
        <ele>319.65</ele>
      </trkpt>
      <trkpt lat="43.13408995047212" lon="-71.80054999887943">
        <ele>319.18</ele>
      </trkpt>
      <trkpt lat="43.13409003429115" lon="-71.80055008269846">
        <ele>319.18</ele>
      </trkpt>
      <trkpt lat="43.13411903567612" lon="-71.80059718899429">
        <ele>318.91</ele>
      </trkpt>
      <trkpt lat="43.13414745032787" lon="-71.80064337328076">
        <ele>318.62</ele>
      </trkpt>
      <trkpt lat="43.134169997647405" lon="-71.80067991837859">
        <ele>318.35</ele>
      </trkpt>
      <trkpt lat="43.13419673591852" lon="-71.80074429139495">
        <ele>317.94</ele>
      </trkpt>
      <trkpt lat="43.1342186126858" lon="-71.8007967621088">
        <ele>317.57</ele>
      </trkpt>
      <trkpt lat="43.13424048945308" lon="-71.80084914900362">
        <ele>317.16</ele>
      </trkpt>
      <trkpt lat="43.13428457826376" lon="-71.80095509625971">
        <ele>316.28</ele>
      </trkpt>
      <trkpt lat="43.13431994989514" lon="-71.80103992111981">
        <ele>315.51</ele>
      </trkpt>
      <trkpt lat="43.13432363793254" lon="-71.80106372572482">
        <ele>315.32</ele>
      </trkpt>
      <trkpt lat="43.13433998264372" lon="-71.801169924438">
        <ele>314.3</ele>
      </trkpt>
      <trkpt lat="43.13433931209147" lon="-71.80118216201663">
        <ele>314.3</ele>
      </trkpt>
      <trkpt lat="43.13432992435992" lon="-71.80134996771812">
        <ele>312.84</ele>
      </trkpt>
      <trkpt lat="43.134327409788966" lon="-71.8013636302203">
        <ele>312.72</ele>
      </trkpt>
      <trkpt lat="43.134316178038716" lon="-71.80142330937088">
        <ele>312.23</ele>
      </trkpt>
      <trkpt lat="43.13429430127144" lon="-71.80154023692012">
        <ele>311.31</ele>
      </trkpt>
      <trkpt lat="43.13426999375224" lon="-71.80166998878121">
        <ele>310.5</ele>
      </trkpt>
      <trkpt lat="43.13426999375224" lon="-71.80166998878121">
        <ele>310.5</ele>
      </trkpt>
      <trkpt lat="43.13426999375224" lon="-71.80171843618155">
        <ele>310.15</ele>
      </trkpt>
      <trkpt lat="43.13426999375224" lon="-71.80178004316986">
        <ele>309.85</ele>
      </trkpt>
      <trkpt lat="43.13426999375224" lon="-71.80184047669172">
        <ele>309.6</ele>
      </trkpt>
      <trkpt lat="43.13426999375224" lon="-71.80190082639456">
        <ele>309.42</ele>
      </trkpt>
      <trkpt lat="43.13426999375224" lon="-71.80196243338287">
        <ele>309.3</ele>
      </trkpt>
      <trkpt lat="43.13426999375224" lon="-71.80202286690474">
        <ele>309.25</ele>
      </trkpt>
      <trkpt lat="43.13426999375224" lon="-71.80208447389305">
        <ele>309.26</ele>
      </trkpt>
      <trkpt lat="43.13426999375224" lon="-71.80214993655682">
        <ele>309.35</ele>
      </trkpt>
      <trkpt lat="43.13426999375224" lon="-71.80214993655682">
        <ele>309.35</ele>
      </trkpt>
      <trkpt lat="43.13427586108446" lon="-71.80220467038453">
        <ele>309.52</ele>
      </trkpt>
      <trkpt lat="43.134282566607" lon="-71.80226560682058">
        <ele>309.77</ele>
      </trkpt>
      <trkpt lat="43.13428902067244" lon="-71.80232528597116">
        <ele>310.09</ele>
      </trkpt>
      <trkpt lat="43.13429547473788" lon="-71.80238504894078">
        <ele>310.48</ele>
      </trkpt>
      <trkpt lat="43.13430209644139" lon="-71.80244598537683">
        <ele>310.94</ele>
      </trkpt>
      <trkpt lat="43.13430863432586" lon="-71.80250574834645">
        <ele>311.47</ele>
      </trkpt>
      <trkpt lat="43.134315088391304" lon="-71.80256542749703">
        <ele>312.05</ele>
      </trkpt>
      <trkpt lat="43.13431994989514" lon="-71.80260993540287">
        <ele>312.51</ele>
      </trkpt>
      <trkpt lat="43.13431919552386" lon="-71.80262653157115">
        <ele>312.69</ele>
      </trkpt>
      <trkpt lat="43.13431089743972" lon="-71.80280858650804">
        <ele>314.79</ele>
      </trkpt>
      <trkpt lat="43.13430997543037" lon="-71.80282996036112">
        <ele>315.02</ele>
      </trkpt>
      <trkpt lat="43.134303940460086" lon="-71.80286801420152">
        <ele>315.46</ele>
      </trkpt>
      <trkpt lat="43.134294636547565" lon="-71.80292702279985">
        <ele>316.07</ele>
      </trkpt>
      <trkpt lat="43.13428508117795" lon="-71.80298728868365">
        <ele>316.62</ele>
      </trkpt>
      <trkpt lat="43.13427577726543" lon="-71.80304629728198">
        <ele>317.09</ele>
      </trkpt>
      <trkpt lat="43.13426647335291" lon="-71.80310530588031">
        <ele>317.5</ele>
      </trkpt>
      <trkpt lat="43.134257001802325" lon="-71.80316557176411">
        <ele>317.85</ele>
      </trkpt>
      <trkpt lat="43.13423831015825" lon="-71.80328358896077">
        <ele>318.47</ele>
      </trkpt>
      <trkpt lat="43.13421995379031" lon="-71.80339992977679">
        <ele>318.78</ele>
      </trkpt>
      <trkpt lat="43.13420922495425" lon="-71.80346279405057">
        <ele>318.95</ele>
      </trkpt>
      <trkpt lat="43.13419899903238" lon="-71.80352280847728">
        <ele>319.14</ele>
      </trkpt>
      <trkpt lat="43.13418877311051" lon="-71.80358282290399">
        <ele>319.38</ele>
      </trkpt>
      <trkpt lat="43.13417846336961" lon="-71.8036428373307">
        <ele>319.66</ele>
      </trkpt>
      <trkpt lat="43.13416823744774" lon="-71.80370276793838">
        <ele>320.02</ele>
      </trkpt>
      <trkpt lat="43.13415801152587" lon="-71.80376278236508">
        <ele>320.46</ele>
      </trkpt>
      <trkpt lat="43.134147785604" lon="-71.80382279679179">
        <ele>320.98</ele>
      </trkpt>
      <trkpt lat="43.13413755968213" lon="-71.8038828112185">
        <ele>321.6</ele>
      </trkpt>
      <trkpt lat="43.13412724994123" lon="-71.80394282564521">
        <ele>322.3</ele>
      </trkpt>
      <trkpt lat="43.13411702401936" lon="-71.80400275625288">
        <ele>323.08</ele>
      </trkpt>
      <trkpt lat="43.13409657217562" lon="-71.8041227851063">
        <ele>324.81</ele>
      </trkpt>
      <trkpt lat="43.13407997600734" lon="-71.80421993136406">
        <ele>326.31</ele>
      </trkpt>
      <trkpt lat="43.13407461158931" lon="-71.80436518974602">
        <ele>328.51</ele>
      </trkpt>
      <trkpt lat="43.13406991772354" lon="-71.80448999628425">
        <ele>330.27</ele>
      </trkpt>
      <trkpt lat="43.13406991772354" lon="-71.80448999628425">
        <ele>330.27</ele>
      </trkpt>
      <trkpt lat="43.13407561741769" lon="-71.80454942397773">
        <ele>331.1</ele>
      </trkpt>
      <trkpt lat="43.13408718444407" lon="-71.80467163212597">
        <ele>332.68</ele>
      </trkpt>
      <trkpt lat="43.13409296795726" lon="-71.8047327362001">
        <ele>333.41</ele>
      </trkpt>
      <trkpt lat="43.1341044511646" lon="-71.80485368706286">
        <ele>334.73</ele>
      </trkpt>
      <trkpt lat="43.134110402315855" lon="-71.80491604842246">
        <ele>335.33</ele>
      </trkpt>
      <trkpt lat="43.13411618582904" lon="-71.80497715249658">
        <ele>335.88</ele>
      </trkpt>
      <trkpt lat="43.13412196934223" lon="-71.8050382565707">
        <ele>336.38</ele>
      </trkpt>
      <trkpt lat="43.13412783667445" lon="-71.80509936064482">
        <ele>336.85</ele>
      </trkpt>
      <trkpt lat="43.13413362018764" lon="-71.80516046471894">
        <ele>337.28</ele>
      </trkpt>
      <trkpt lat="43.13415667042136" lon="-71.80540362372994">
        <ele>338.91</ele>
      </trkpt>
      <trkpt lat="43.13417410477996" lon="-71.8055869359523">
        <ele>340.21</ele>
      </trkpt>
      <trkpt lat="43.134185671806335" lon="-71.80570914410055">
        <ele>341.16</ele>
      </trkpt>
      <trkpt lat="43.134191539138556" lon="-71.80577024817467">
        <ele>341.66</ele>
      </trkpt>
      <trkpt lat="43.13420888967812" lon="-71.80595356039703">
        <ele>343.25</ele>
      </trkpt>
      <trkpt lat="43.13421995379031" lon="-71.80606998503208">
        <ele>344.35</ele>
      </trkpt>
      <trkpt lat="43.13420218415558" lon="-71.80625162087381">
        <ele>346.08</ele>
      </trkpt>
      <trkpt lat="43.13418458215892" lon="-71.80643116123974">
        <ele>347.85</ele>
      </trkpt>
      <trkpt lat="43.134167063981295" lon="-71.80660952813923">
        <ele>349.66</ele>
      </trkpt>
      <trkpt lat="43.134155329316854" lon="-71.80672922171652">
        <ele>350.82</ele>
      </trkpt>
      <trkpt lat="43.134143594652414" lon="-71.80684891529381">
        <ele>351.88</ele>
      </trkpt>
      <trkpt lat="43.134131943807006" lon="-71.80696735158563">
        <ele>352.85</ele>
      </trkpt>
      <trkpt lat="43.13411995768547" lon="-71.80708997882903">
        <ele>353.67</ele>
      </trkpt>
      <trkpt lat="43.134169997647405" lon="-71.80713993497193">
        <ele>354.23</ele>
      </trkpt>
      <trkpt lat="43.1342289224267" lon="-71.80717614479363">
        <ele>354.82</ele>
      </trkpt>
      <trkpt lat="43.13454642891884" lon="-71.8073713593185">
        <ele>358.13</ele>
      </trkpt>
      <trkpt lat="43.13478355295956" lon="-71.80751712061465">
        <ele>360.8</ele>
      </trkpt>
      <trkpt lat="43.13517993316054" lon="-71.80776078253984">
        <ele>365.14</ele>
      </trkpt>
      <trkpt lat="43.13525998033583" lon="-71.80780998431146">
        <ele>366.12</ele>
      </trkpt>
      <trkpt lat="43.13538403250277" lon="-71.80788693018258">
        <ele>367.66</ele>
      </trkpt>
      <trkpt lat="43.135547898709774" lon="-71.80798851884902">
        <ele>369.72</ele>
      </trkpt>
      <trkpt lat="43.13562987372279" lon="-71.80803931318223">
        <ele>370.79</ele>
      </trkpt>
      <trkpt lat="43.13571092672646" lon="-71.80808960460126">
        <ele>371.91</ele>
      </trkpt>
      <trkpt lat="43.13587563112378" lon="-71.8081916961819">
        <ele>374.25</ele>
      </trkpt>
      <trkpt lat="43.13607964664698" lon="-71.80831817910075">
        <ele>377.1</ele>
      </trkpt>
      <trkpt lat="43.13628450036049" lon="-71.8084451649338">
        <ele>379.81</ele>
      </trkpt>
      <trkpt lat="43.136407462880015" lon="-71.80852135643363">
        <ele>381.48</ele>
      </trkpt>
      <trkpt lat="43.136489354074" lon="-71.80857215076685">
        <ele>382.64</ele>
      </trkpt>
      <trkpt lat="43.13657132908702" lon="-71.8086230289191">
        <ele>383.85</ele>
      </trkpt>
      <trkpt lat="43.1366933695972" lon="-71.80869871750474">
        <ele>385.76</ele>
      </trkpt>
      <trkpt lat="43.13675992190838" lon="-71.80873995646834">
        <ele>386.85</ele>
      </trkpt>
      <trkpt lat="43.13677601516247" lon="-71.80875043384731">
        <ele>387.12</ele>
      </trkpt>
      <trkpt lat="43.13681658357382" lon="-71.80877700448036">
        <ele>387.83</ele>
      </trkpt>
      <trkpt lat="43.13689772039652" lon="-71.8088302295655">
        <ele>389.33</ele>
      </trkpt>
      <trkpt lat="43.13701858744025" lon="-71.80890943855047">
        <ele>391.68</ele>
      </trkpt>
      <trkpt lat="43.137049935758114" lon="-71.80892997421324">
        <ele>392.3</ele>
      </trkpt>
      <trkpt lat="43.13709729351103" lon="-71.8089686986059">
        <ele>393.29</ele>
      </trkpt>
      <trkpt lat="43.137159990146756" lon="-71.8090199958533">
        <ele>394.62</ele>
      </trkpt>
      <trkpt lat="43.137204330414534" lon="-71.8090791720897">
        <ele>395.76</ele>
      </trkpt>
      <trkpt lat="43.137236600741744" lon="-71.80912208743393">
        <ele>396.53</ele>
      </trkpt>
      <trkpt lat="43.13724992796779" lon="-71.80913994088769">
        <ele>396.82</ele>
      </trkpt>
      <trkpt lat="43.13726099207997" lon="-71.80917271412909">
        <ele>397.23</ele>
      </trkpt>
      <trkpt lat="43.13727985136211" lon="-71.80922862142324">
        <ele>397.82</ele>
      </trkpt>
      <trkpt lat="43.137298710644245" lon="-71.80928461253643">
        <ele>398.29</ele>
      </trkpt>
      <trkpt lat="43.13731748610735" lon="-71.80934051983058">
        <ele>398.64</ele>
      </trkpt>
      <trkpt lat="43.137336345389485" lon="-71.80939651094377">
        <ele>398.85</ele>
      </trkpt>
      <trkpt lat="43.13735520467162" lon="-71.80945241823792">
        <ele>398.94</ele>
      </trkpt>
      <trkpt lat="43.13737406395376" lon="-71.80950840935111">
        <ele>398.93</ele>
      </trkpt>
      <trkpt lat="43.13739292323589" lon="-71.80956431664526">
        <ele>398.83</ele>
      </trkpt>
      <trkpt lat="43.13741178251803" lon="-71.80962022393942">
        <ele>398.66</ele>
      </trkpt>
      <trkpt lat="43.13743055798113" lon="-71.8096762150526">
        <ele>398.43</ele>
      </trkpt>
      <trkpt lat="43.13744941726327" lon="-71.80973212234676">
        <ele>398.14</ele>
      </trkpt>
      <trkpt lat="43.137468276545405" lon="-71.80978811345994">
        <ele>397.8</ele>
      </trkpt>
      <trkpt lat="43.13750557601452" lon="-71.80989892221987">
        <ele>397.01</ele>
      </trkpt>
      <trkpt lat="43.137524435296655" lon="-71.80995482951403">
        <ele>396.57</ele>
      </trkpt>
      <trkpt lat="43.137569949030876" lon="-71.81008994579315">
        <ele>395.44</ele>
      </trkpt>
      <trkpt lat="43.13761102035642" lon="-71.81016982533038">
        <ele>394.7</ele>
      </trkpt>
      <trkpt lat="43.13763692043722" lon="-71.8102201167494">
        <ele>394.28</ele>
      </trkpt>
      <trkpt lat="43.13771411776543" lon="-71.81037023663521">
        <ele>393.15</ele>
      </trkpt>
      <trkpt lat="43.137749992311" lon="-71.8104399740696">
        <ele>392.69</ele>
      </trkpt>
      <trkpt lat="43.137770192697644" lon="-71.81046595796943">
        <ele>392.49</ele>
      </trkpt>
      <trkpt lat="43.13781998120248" lon="-71.81052999570966">
        <ele>392.03</ele>
      </trkpt>
      <trkpt lat="43.13783976249397" lon="-71.81054483167827">
        <ele>391.89</ele>
      </trkpt>
      <trkpt lat="43.13791863620281" lon="-71.81060392409563">
        <ele>391.37</ele>
      </trkpt>
      <trkpt lat="43.13793992623687" lon="-71.81061993353069">
        <ele>391.24</ele>
      </trkpt>
      <trkpt lat="43.13795970752835" lon="-71.81062823161483">
        <ele>391.14</ele>
      </trkpt>
      <trkpt lat="43.13800270669162" lon="-71.81064608506858">
        <ele>390.95</ele>
      </trkpt>
      <trkpt lat="43.138045789673924" lon="-71.81066402234137">
        <ele>390.79</ele>
      </trkpt>
      <trkpt lat="43.138059955090284" lon="-71.81066997349262">
        <ele>390.75</ele>
      </trkpt>
      <trkpt lat="43.13808912411332" lon="-71.81068045087159">
        <ele>390.67</ele>
      </trkpt>
      <trkpt lat="43.13813170418143" lon="-71.81069578975439">
        <ele>390.57</ele>
      </trkpt>
      <trkpt lat="43.13821870833635" lon="-71.81072713807225">
        <ele>390.43</ele>
      </trkpt>
      <trkpt lat="43.13830998726189" lon="-71.81075999513268">
        <ele>390.36</ele>
      </trkpt>
      <trkpt lat="43.13848424702883" lon="-71.81078732013702">
        <ele>390.23</ele>
      </trkpt>
      <trkpt lat="43.138573598116636" lon="-71.81080131791532">
        <ele>390.2</ele>
      </trkpt>
      <trkpt lat="43.138662949204445" lon="-71.81081531569362">
        <ele>390.23</ele>
      </trkpt>
      <trkpt lat="43.13875230029225" lon="-71.81082931347191">
        <ele>390.32</ele>
      </trkpt>
      <trkpt lat="43.13881994225085" lon="-71.81083995848894">
        <ele>390.4</ele>
      </trkpt>
      <trkpt lat="43.138841819018126" lon="-71.81083912029862">
        <ele>390.43</ele>
      </trkpt>
      <trkpt lat="43.138976600021124" lon="-71.81083367206156">
        <ele>390.66</ele>
      </trkpt>
      <trkpt lat="43.139065615832806" lon="-71.81083015166223">
        <ele>390.78</ele>
      </trkpt>
      <trkpt lat="43.139155553653836" lon="-71.81082654744387">
        <ele>390.82</ele>
      </trkpt>
      <trkpt lat="43.139245407655835" lon="-71.8108229432255">
        <ele>390.76</ele>
      </trkpt>
      <trkpt lat="43.139335345476866" lon="-71.81081933900714">
        <ele>390.6</ele>
      </trkpt>
      <trkpt lat="43.139380272477865" lon="-71.81081757880747">
        <ele>390.48</ele>
      </trkpt>
      <trkpt lat="43.139425199478865" lon="-71.81081573478878">
        <ele>390.32</ele>
      </trkpt>
      <trkpt lat="43.139470126479864" lon="-71.81081397458911">
        <ele>390.11</ele>
      </trkpt>
      <trkpt lat="43.139515137299895" lon="-71.81081213057041">
        <ele>389.85</ele>
      </trkpt>
      <trkpt lat="43.139560064300895" lon="-71.81081037037075">
        <ele>389.55</ele>
      </trkpt>
      <trkpt lat="43.13956995494664" lon="-71.81080995127559">
        <ele>389.47</ele>
      </trkpt>
      <trkpt lat="43.1396047398448" lon="-71.81081548333168">
        <ele>389.2</ele>
      </trkpt>
      <trkpt lat="43.1396494153887" lon="-71.81082252413034">
        <ele>388.81</ele>
      </trkpt>
      <trkpt lat="43.13973876647651" lon="-71.81083660572767">
        <ele>387.93</ele>
      </trkpt>
      <trkpt lat="43.13991746865213" lon="-71.81086485274136">
        <ele>386.02</ele>
      </trkpt>
      <trkpt lat="43.1401399243623" lon="-71.81089997291565">
        <ele>383.8</ele>
      </trkpt>
      <trkpt lat="43.1401399243623" lon="-71.81089997291565">
        <ele>383.8</ele>
      </trkpt>
      <trkpt lat="43.1401832588017" lon="-71.8109164852649">
        <ele>383.32</ele>
      </trkpt>
      <trkpt lat="43.140226593241096" lon="-71.81093299761415">
        <ele>382.81</ele>
      </trkpt>
      <trkpt lat="43.14026992768049" lon="-71.81094942614436">
        <ele>382.26</ele>
      </trkpt>
      <trkpt lat="43.14034997485578" lon="-71.8109799362719">
        <ele>381.03</ele>
      </trkpt>
      <trkpt lat="43.14035617746413" lon="-71.8109838757664">
        <ele>381.03</ele>
      </trkpt>
      <trkpt lat="43.14039699733257" lon="-71.81100969202816">
        <ele>380.35</ele>
      </trkpt>
      <trkpt lat="43.140478720888495" lon="-71.81106115691364">
        <ele>378.86</ele>
      </trkpt>
      <trkpt lat="43.140560360625386" lon="-71.81111270561814">
        <ele>377.27</ele>
      </trkpt>
      <trkpt lat="43.14072380773723" lon="-71.81121580302715">
        <ele>373.98</ele>
      </trkpt>
      <trkpt lat="43.14080544747412" lon="-71.81126735173166">
        <ele>372.37</ele>
      </trkpt>
      <trkpt lat="43.14096805639565" lon="-71.81136994622648">
        <ele>369.32</ele>
      </trkpt>
      <trkpt lat="43.14104969613254" lon="-71.81142149493098">
        <ele>367.88</ele>
      </trkpt>
      <trkpt lat="43.14113141968846" lon="-71.81147304363549">
        <ele>366.5</ele>
      </trkpt>
      <trkpt lat="43.14125396311283" lon="-71.81155032478273">
        <ele>364.56</ele>
      </trkpt>
      <trkpt lat="43.14133560284972" lon="-71.81160187348723">
        <ele>363.35</ele>
      </trkpt>
      <trkpt lat="43.141417326405644" lon="-71.81165342219174">
        <ele>362.23</ele>
      </trkpt>
      <trkpt lat="43.14174405299127" lon="-71.81185961700976">
        <ele>358.03</ele>
      </trkpt>
      <trkpt lat="43.14198838546872" lon="-71.81201376020908">
        <ele>354.79</ele>
      </trkpt>
      <trkpt lat="43.14207002520561" lon="-71.81206530891359">
        <ele>353.77</ele>
      </trkpt>
      <trkpt lat="43.14215091057122" lon="-71.8121163547039">
        <ele>352.78</ele>
      </trkpt>
      <trkpt lat="43.14223263412714" lon="-71.81216781958938">
        <ele>351.84</ele>
      </trkpt>
      <trkpt lat="43.14255936071277" lon="-71.8123740144074">
        <ele>348.35</ele>
      </trkpt>
      <trkpt lat="43.14272113144398" lon="-71.81247610598803">
        <ele>346.7</ele>
      </trkpt>
      <trkpt lat="43.14280277118087" lon="-71.81252765469253">
        <ele>345.92</ele>
      </trkpt>
      <trkpt lat="43.14296621829271" lon="-71.81263075210154">
        <ele>344.41</ele>
      </trkpt>
      <trkpt lat="43.143047858029604" lon="-71.81268230080605">
        <ele>343.69</ele>
      </trkpt>
      <trkpt lat="43.14317040145397" lon="-71.81275958195329">
        <ele>342.7</ele>
      </trkpt>
      <trkpt lat="43.14325044862926" lon="-71.81281012482941">
        <ele>342.11</ele>
      </trkpt>
      <trkpt lat="43.14333217218518" lon="-71.81286167353392">
        <ele>341.54</ele>
      </trkpt>
      <trkpt lat="43.14337299205363" lon="-71.81288740597665">
        <ele>341.28</ele>
      </trkpt>
      <trkpt lat="43.14341381192207" lon="-71.81291322223842">
        <ele>341.03</ele>
      </trkpt>
      <trkpt lat="43.143495535477996" lon="-71.81296477094293">
        <ele>340.59</ele>
      </trkpt>
      <trkpt lat="43.143699718639255" lon="-71.81309360079467">
        <ele>339.59</ele>
      </trkpt>
      <trkpt lat="43.14378060400486" lon="-71.81314464658499">
        <ele>339.22</ele>
      </trkpt>
      <trkpt lat="43.14382150769234" lon="-71.81317037902772">
        <ele>339.05</ele>
      </trkpt>
      <trkpt lat="43.143944051116705" lon="-71.813247743994">
        <ele>338.6</ele>
      </trkpt>
      <trkpt lat="43.144187461584806" lon="-71.8134013004601">
        <ele>337.87</ele>
      </trkpt>
      <trkpt lat="43.14435082487762" lon="-71.81350439786911">
        <ele>337.43</ele>
      </trkpt>
      <trkpt lat="43.14443254843354" lon="-71.81355594657362">
        <ele>337.19</ele>
      </trkpt>
      <trkpt lat="43.14451418817043" lon="-71.81360749527812">
        <ele>336.92</ele>
      </trkpt>
      <trkpt lat="43.14488098025322" lon="-71.81383891962469">
        <ele>335.62</ele>
      </trkpt>
      <trkpt lat="43.1449218839407" lon="-71.81386473588645">
        <ele>335.5</ele>
      </trkpt>
      <trkpt lat="43.145001931115985" lon="-71.81391519494355">
        <ele>335.3</ele>
      </trkpt>
      <trkpt lat="43.14508440904319" lon="-71.81396724656224">
        <ele>335.17</ele>
      </trkpt>
      <trkpt lat="43.14512522891164" lon="-71.81399306282401">
        <ele>335.13</ele>
      </trkpt>
      <trkpt lat="43.145166132599115" lon="-71.81401879526675">
        <ele>335.11</ele>
      </trkpt>
      <trkpt lat="43.14520695246756" lon="-71.81404461152852">
        <ele>335.13</ele>
      </trkpt>
      <trkpt lat="43.14524701796472" lon="-71.81406984105706">
        <ele>335.18</ele>
      </trkpt>
      <trkpt lat="43.145287837833166" lon="-71.81409565731883">
        <ele>335.26</ele>
      </trkpt>
      <trkpt lat="43.14532865770161" lon="-71.81412138976157">
        <ele>335.37</ele>
      </trkpt>
      <trkpt lat="43.145492020994425" lon="-71.81422448717058">
        <ele>335.95</ele>
      </trkpt>
      <trkpt lat="43.145579947158694" lon="-71.81427997536957">
        <ele>336.17</ele>
      </trkpt>
      <trkpt lat="43.145579947158694" lon="-71.81427997536957">
        <ele>336.17</ele>
      </trkpt>
      <trkpt lat="43.14556737430394" lon="-71.81432791985571">
        <ele>336.3</ele>
      </trkpt>
      <trkpt lat="43.14553686417639" lon="-71.81444392539561">
        <ele>336.61</ele>
      </trkpt>
      <trkpt lat="43.14550643786788" lon="-71.8145599309355">
        <ele>336.97</ele>
      </trkpt>
      <trkpt lat="43.14544550143182" lon="-71.81479185819626">
        <ele>337.77</ele>
      </trkpt>
      <trkpt lat="43.14543024636805" lon="-71.8148498609662">
        <ele>337.94</ele>
      </trkpt>
      <trkpt lat="43.14541499130428" lon="-71.81490777991712">
        <ele>338.08</ele>
      </trkpt>
      <trkpt lat="43.14539982005954" lon="-71.81496578268707">
        <ele>338.17</ele>
      </trkpt>
      <trkpt lat="43.14538481645286" lon="-71.81502261199057">
        <ele>338.2</ele>
      </trkpt>
      <trkpt lat="43.14536964520812" lon="-71.81508061476052">
        <ele>338.15</ele>
      </trkpt>
      <trkpt lat="43.14535439014435" lon="-71.81513861753047">
        <ele>338.02</ele>
      </trkpt>
      <trkpt lat="43.145339135080576" lon="-71.81519653648138">
        <ele>337.81</ele>
      </trkpt>
      <trkpt lat="43.14532421529293" lon="-71.81525336578488">
        <ele>337.53</ele>
      </trkpt>
      <trkpt lat="43.14530896022916" lon="-71.81531136855483">
        <ele>337.2</ele>
      </trkpt>
      <trkpt lat="43.14529345370829" lon="-71.81537054479122">
        <ele>336.82</ele>
      </trkpt>
      <trkpt lat="43.14526998437941" lon="-71.81545997969806">
        <ele>336.17</ele>
      </trkpt>
      <trkpt lat="43.14526755362749" lon="-71.81548797525465">
        <ele>335.98</ele>
      </trkpt>
      <trkpt lat="43.14525707624853" lon="-71.81561035104096">
        <ele>335.05</ele>
      </trkpt>
      <trkpt lat="43.145241318270564" lon="-71.81579399853945">
        <ele>333.6</ele>
      </trkpt>
      <trkpt lat="43.14523997716606" lon="-71.81580992415547">
        <ele>333.46</ele>
      </trkpt>
      <trkpt lat="43.14528993330896" lon="-71.81594998575747">
        <ele>332.17</ele>
      </trkpt>
      <trkpt lat="43.14539847895503" lon="-71.81616112589836">
        <ele>330.04</ele>
      </trkpt>
      <trkpt lat="43.14552789554" lon="-71.81641300208867">
        <ele>327.42</ele>
      </trkpt>
      <trkpt lat="43.1455796957016" lon="-71.81651383638382">
        <ele>326.46</ele>
      </trkpt>
      <trkpt lat="43.14560509286821" lon="-71.8165632057935">
        <ele>326.03</ele>
      </trkpt>
      <trkpt lat="43.14563099294901" lon="-71.81661358103156">
        <ele>325.64</ele>
      </trkpt>
      <trkpt lat="43.14565999433398" lon="-71.8166699912399">
        <ele>325.3</ele>
      </trkpt>
      <trkpt lat="43.14565999433398" lon="-71.8166699912399">
        <ele>325.3</ele>
      </trkpt>
      <trkpt lat="43.14568388275802" lon="-71.81671324186027">
        <ele>325.0</ele>
      </trkpt>
      <trkpt lat="43.145710956305265" lon="-71.81676235981286">
        <ele>324.77</ele>
      </trkpt>
      <trkpt lat="43.14573811367154" lon="-71.81681156158447">
        <ele>324.61</ele>
      </trkpt>
      <trkpt lat="43.14576527103782" lon="-71.81686067953706">
        <ele>324.53</ele>
      </trkpt>
      <trkpt lat="43.14579242840409" lon="-71.81690979748964">
        <ele>324.53</ele>
      </trkpt>
      <trkpt lat="43.14581958577037" lon="-71.81695891544223">
        <ele>324.59</ele>
      </trkpt>
      <trkpt lat="43.14584665931761" lon="-71.81700811721385">
        <ele>324.72</ele>
      </trkpt>
      <trkpt lat="43.14587381668389" lon="-71.81705723516643">
        <ele>324.93</ele>
      </trkpt>
      <trkpt lat="43.145900974050164" lon="-71.81710635311902">
        <ele>325.19</ele>
      </trkpt>
      <trkpt lat="43.14592754468322" lon="-71.81715454906225">
        <ele>325.53</ele>
      </trkpt>
      <trkpt lat="43.145954702049494" lon="-71.81720366701484">
        <ele>325.93</ele>
      </trkpt>
      <trkpt lat="43.14598185941577" lon="-71.81725278496742">
        <ele>326.39</ele>
      </trkpt>
      <trkpt lat="43.146008932963014" lon="-71.81730198673904">
        <ele>326.9</ele>
      </trkpt>
      <trkpt lat="43.146029971539974" lon="-71.8173399567604">
        <ele>327.34</ele>
      </trkpt>
      <trkpt lat="43.14603365957737" lon="-71.81735294871032">
        <ele>327.47</ele>
      </trkpt>
      <trkpt lat="43.1460699532181" lon="-71.81747993454337">
        <ele>328.79</ele>
      </trkpt>
      <trkpt lat="43.14606266096234" lon="-71.81758965365589">
        <ele>329.86</ele>
      </trkpt>
      <trkpt lat="43.14605855382979" lon="-71.8176510091871">
        <ele>330.4</ele>
      </trkpt>
      <trkpt lat="43.146054446697235" lon="-71.81771236471832">
        <ele>330.91</ele>
      </trkpt>
      <trkpt lat="43.14604992046952" lon="-71.81777992285788">
        <ele>331.37</ele>
      </trkpt>
      <trkpt lat="43.14604992046952" lon="-71.81777992285788">
        <ele>331.37</ele>
      </trkpt>
      <trkpt lat="43.146038856357336" lon="-71.81783323176205">
        <ele>331.78</ele>
      </trkpt>
      <trkpt lat="43.14602678641677" lon="-71.81789131835103">
        <ele>332.13</ele>
      </trkpt>
      <trkpt lat="43.146014381200075" lon="-71.81795057840645">
        <ele>332.41</ele>
      </trkpt>
      <trkpt lat="43.14600205980241" lon="-71.81800983846188">
        <ele>332.61</ele>
      </trkpt>
      <trkpt lat="43.14598973840475" lon="-71.8180690985173">
        <ele>332.72</ele>
      </trkpt>
      <trkpt lat="43.14597741700709" lon="-71.81812835857272">
        <ele>332.76</ele>
      </trkpt>
      <trkpt lat="43.145965011790395" lon="-71.81818761862814">
        <ele>332.73</ele>
      </trkpt>
      <trkpt lat="43.14595269039273" lon="-71.81824687868357">
        <ele>332.65</ele>
      </trkpt>
      <trkpt lat="43.14594036899507" lon="-71.81830613873899">
        <ele>332.53</ele>
      </trkpt>
      <trkpt lat="43.145899968221784" lon="-71.81849992834032">
        <ele>332.01</ele>
      </trkpt>
      <trkpt lat="43.145889742299914" lon="-71.81860562413931">
        <ele>331.74</ele>
      </trkpt>
      <trkpt lat="43.145878007635474" lon="-71.81872657500207">
        <ele>331.48</ele>
      </trkpt>
      <trkpt lat="43.145872140303254" lon="-71.8187876790762">
        <ele>331.39</ele>
      </trkpt>
      <trkpt lat="43.14586996100843" lon="-71.81880997493863">
        <ele>331.36</ele>
      </trkpt>
      <trkpt lat="43.14586551859975" lon="-71.81891055777669">
        <ele>331.27</ele>
      </trkpt>
      <trkpt lat="43.14586015418172" lon="-71.81903360411525">
        <ele>331.26</ele>
      </trkpt>
      <trkpt lat="43.14585470594466" lon="-71.8191566504538">
        <ele>331.31</ele>
      </trkpt>
      <trkpt lat="43.14584657549858" lon="-71.81934121996164">
        <ele>331.42</ele>
      </trkpt>
      <trkpt lat="43.14583584666252" lon="-71.81958605535328">
        <ele>331.63</ele>
      </trkpt>
      <trkpt lat="43.1458299793303" lon="-71.81971999816597">
        <ele>331.69</ele>
      </trkpt>
      <trkpt lat="43.1458299793303" lon="-71.81971999816597">
        <ele>331.69</ele>
      </trkpt>
      <trkpt lat="43.145824279636145" lon="-71.8197700381279">
        <ele>331.68</ele>
      </trkpt>
      <trkpt lat="43.145810617133975" lon="-71.81989065371454">
        <ele>331.6</ele>
      </trkpt>
      <trkpt lat="43.145796870812774" lon="-71.82001244276762">
        <ele>331.42</ele>
      </trkpt>
      <trkpt lat="43.14578304067254" lon="-71.8201342318207">
        <ele>331.12</ele>
      </trkpt>
      <trkpt lat="43.14577616751194" lon="-71.82019516825676">
        <ele>330.91</ele>
      </trkpt>
      <trkpt lat="43.14576996490359" lon="-71.8202499859035">
        <ele>330.67</ele>
      </trkpt>
      <trkpt lat="43.145768120884895" lon="-71.82025560177863">
        <ele>330.67</ele>
      </trkpt>
      <trkpt lat="43.145750015974045" lon="-71.82031201198697">
        <ele>330.39</ele>
      </trkpt>
      <trkpt lat="43.145731911063194" lon="-71.82036842219532">
        <ele>330.07</ele>
      </trkpt>
      <trkpt lat="43.145695785060525" lon="-71.82048132643104">
        <ele>329.37</ele>
      </trkpt>
      <trkpt lat="43.14564147032797" lon="-71.82065055705607">
        <ele>328.22</ele>
      </trkpt>
      <trkpt lat="43.14560526050627" lon="-71.82076337747276">
        <ele>327.51</ele>
      </trkpt>
      <trkpt lat="43.145599979907274" lon="-71.82077997364104">
        <ele>327.41</ele>
      </trkpt>
      <trkpt lat="43.145584389567375" lon="-71.82081785984337">
        <ele>327.19</ele>
      </trkpt>
      <trkpt lat="43.145562261343" lon="-71.82087150402367">
        <ele>326.92</ele>
      </trkpt>
      <trkpt lat="43.14554013311863" lon="-71.820925232023">
        <ele>326.69</ele>
      </trkpt>
      <trkpt lat="43.14551808871329" lon="-71.8209788762033">
        <ele>326.5</ele>
      </trkpt>
      <trkpt lat="43.145496379584074" lon="-71.82103151455522">
        <ele>326.36</ele>
      </trkpt>
      <trkpt lat="43.1454742513597" lon="-71.82108515873551">
        <ele>326.27</ele>
      </trkpt>
      <trkpt lat="43.14545220695436" lon="-71.82113880291581">
        <ele>326.22</ele>
      </trkpt>
      <trkpt lat="43.14543007872999" lon="-71.82119253091514">
        <ele>326.21</ele>
      </trkpt>
      <trkpt lat="43.145407950505614" lon="-71.82124617509544">
        <ele>326.25</ele>
      </trkpt>
      <trkpt lat="43.14538590610027" lon="-71.82129981927574">
        <ele>326.33</ele>
      </trkpt>
      <trkpt lat="43.1453637778759" lon="-71.82135354727507">
        <ele>326.46</ele>
      </trkpt>
      <trkpt lat="43.14534164965153" lon="-71.82140719145536">
        <ele>326.64</ele>
      </trkpt>
      <trkpt lat="43.145319605246186" lon="-71.82146083563566">
        <ele>326.88</ele>
      </trkpt>
      <trkpt lat="43.14529747702181" lon="-71.82151456363499">
        <ele>327.18</ele>
      </trkpt>
      <trkpt lat="43.14527534879744" lon="-71.82156820781529">
        <ele>327.54</ele>
      </trkpt>
      <trkpt lat="43.1452533043921" lon="-71.82162185199559">
        <ele>327.98</ele>
      </trkpt>
      <trkpt lat="43.14523117616773" lon="-71.82167557999492">
        <ele>328.48</ele>
      </trkpt>
      <trkpt lat="43.145209550857544" lon="-71.8217281345278">
        <ele>329.03</ele>
      </trkpt>
      <trkpt lat="43.14518742263317" lon="-71.8217817787081">
        <ele>329.62</ele>
      </trkpt>
      <trkpt lat="43.145121121779084" lon="-71.82194279506803">
        <ele>331.52</ele>
      </trkpt>
      <trkpt lat="43.14509899355471" lon="-71.82199652306736">
        <ele>332.13</ele>
      </trkpt>
      <trkpt lat="43.14507694914937" lon="-71.82205016724765">
        <ele>332.68</ele>
      </trkpt>
      <trkpt lat="43.145054820925" lon="-71.82210381142795">
        <ele>333.17</ele>
      </trkpt>
      <trkpt lat="43.145032692700624" lon="-71.82215753942728">
        <ele>333.58</ele>
      </trkpt>
      <trkpt lat="43.14501064829528" lon="-71.82221118360758">
        <ele>333.91</ele>
      </trkpt>
      <trkpt lat="43.14498852007091" lon="-71.82226482778788">
        <ele>334.14</ele>
      </trkpt>
      <trkpt lat="43.1449699960649" lon="-71.82230992242694">
        <ele>334.31</ele>
      </trkpt>
      <trkpt lat="43.1449647154659" lon="-71.82231671176851">
        <ele>334.31</ele>
      </trkpt>
      <trkpt lat="43.14493278041482" lon="-71.82235828600824">
        <ele>334.43</ele>
      </trkpt>
      <trkpt lat="43.144900845363736" lon="-71.82239986024797">
        <ele>334.25</ele>
      </trkpt>
      <trkpt lat="43.144869999960065" lon="-71.82243992574513">
        <ele>334.04</ele>
      </trkpt>
      <trkpt lat="43.144868575036526" lon="-71.82244269177318">
        <ele>334.04</ele>
      </trkpt>
      <trkpt lat="43.144843177869916" lon="-71.82249356992543">
        <ele>333.78</ele>
      </trkpt>
      <trkpt lat="43.14481995999813" lon="-71.82253992184997">
        <ele>333.48</ele>
      </trkpt>
      <trkpt lat="43.14481895416975" lon="-71.82254386134446">
        <ele>333.48</ele>
      </trkpt>
      <trkpt lat="43.14478953368962" lon="-71.82265902869403">
        <ele>332.8</ele>
      </trkpt>
      <trkpt lat="43.14473044127226" lon="-71.82289053685963">
        <ele>331.32</ele>
      </trkpt>
      <trkpt lat="43.14473044127226" lon="-71.82289053685963">
        <ele>331.25</ele>
      </trkpt>
      <trkpt lat="43.14470462501049" lon="-71.82299179024994">
        <ele>330.68</ele>
      </trkpt>
      <trkpt lat="43.144699931144714" lon="-71.82300997897983">
        <ele>330.58</ele>
      </trkpt>
      <trkpt lat="43.144699931144714" lon="-71.8230199534446">
        <ele>330.53</ele>
      </trkpt>
      <trkpt lat="43.14468023367226" lon="-71.82310871779919">
        <ele>330.09</ele>
      </trkpt>
      <trkpt lat="43.144659949466586" lon="-71.82319999672472">
        <ele>329.69</ele>
      </trkpt>
      <trkpt lat="43.14465525560081" lon="-71.82322707027197">
        <ele>329.58</ele>
      </trkpt>
      <trkpt lat="43.14463480375707" lon="-71.82334584183991">
        <ele>329.14</ele>
      </trkpt>
      <trkpt lat="43.1446142680943" lon="-71.82346461340785">
        <ele>328.75</ele>
      </trkpt>
      <trkpt lat="43.14458342269063" lon="-71.82364331558347">
        <ele>328.23</ele>
      </trkpt>
      <trkpt lat="43.14456297084689" lon="-71.82376208715141">
        <ele>327.93</ele>
      </trkpt>
      <trkpt lat="43.144552828744054" lon="-71.82382084429264">
        <ele>327.81</ele>
      </trkpt>
      <trkpt lat="43.14453212544322" lon="-71.82394078932703">
        <ele>327.6</ele>
      </trkpt>
      <trkpt lat="43.14451158978045" lon="-71.82405947707593">
        <ele>327.45</ele>
      </trkpt>
      <trkpt lat="43.14450144767761" lon="-71.8241183180362">
        <ele>327.4</ele>
      </trkpt>
      <trkpt lat="43.14448074437678" lon="-71.82423826307058">
        <ele>327.35</ele>
      </trkpt>
      <trkpt lat="43.14446029253304" lon="-71.82435695081949">
        <ele>327.35</ele>
      </trkpt>
      <trkpt lat="43.14444989897311" lon="-71.8244169652462">
        <ele>327.39</ele>
      </trkpt>
      <trkpt lat="43.144440008327365" lon="-71.82447454892099">
        <ele>327.45</ele>
      </trkpt>
      <trkpt lat="43.14442944712937" lon="-71.82453573681414">
        <ele>327.54</ele>
      </trkpt>
      <trkpt lat="43.14441930502653" lon="-71.82459449395537">
        <ele>327.69</ele>
      </trkpt>
      <trkpt lat="43.1444089114666" lon="-71.82465442456305">
        <ele>327.9</ele>
      </trkpt>
      <trkpt lat="43.1443986017257" lon="-71.82471443898976">
        <ele>328.16</ele>
      </trkpt>
      <trkpt lat="43.14438845962286" lon="-71.82477319613099">
        <ele>328.5</ele>
      </trkpt>
      <trkpt lat="43.14437806606293" lon="-71.8248332105577">
        <ele>328.92</ele>
      </trkpt>
      <trkpt lat="43.14436792396009" lon="-71.82489196769893">
        <ele>329.41</ele>
      </trkpt>
      <trkpt lat="43.14435761421919" lon="-71.82495189830661">
        <ele>329.97</ele>
      </trkpt>
      <trkpt lat="43.144347220659256" lon="-71.82501191273332">
        <ele>330.6</ele>
      </trkpt>
      <trkpt lat="43.14433707855642" lon="-71.82507066987455">
        <ele>331.27</ele>
      </trkpt>
      <trkpt lat="43.14432676881552" lon="-71.82513060048223">
        <ele>331.99</ele>
      </trkpt>
      <trkpt lat="43.14431997947395" lon="-71.82516999542713">
        <ele>332.48</ele>
      </trkpt>
      <trkpt lat="43.14431612379849" lon="-71.82531307451427">
        <ele>334.26</ele>
      </trkpt>
      <trkpt lat="43.14431277103722" lon="-71.82543503120542">
        <ele>335.85</ele>
      </trkpt>
      <trkpt lat="43.14430992119014" lon="-71.82553997263312">
        <ele>337.32</ele>
      </trkpt>
      <trkpt lat="43.14431520178914" lon="-71.82561834342778">
        <ele>338.43</ele>
      </trkpt>
      <trkpt lat="43.14433137886226" lon="-71.82586133480072">
        <ele>342.14</ele>
      </trkpt>
      <trkpt lat="43.144335485994816" lon="-71.82592269033194">
        <ele>343.04</ele>
      </trkpt>
      <trkpt lat="43.1443399284035" lon="-71.8259899970144">
        <ele>343.9</ele>
      </trkpt>
      <trkpt lat="43.1443399284035" lon="-71.8259899970144">
        <ele>343.9</ele>
      </trkpt>
      <trkpt lat="43.14432458952069" lon="-71.82610290125012">
        <ele>345.49</ele>
      </trkpt>
      <trkpt lat="43.14430992119014" lon="-71.82620993815362">
        <ele>346.76</ele>
      </trkpt>
      <trkpt lat="43.14430681988597" lon="-71.82622234337032">
        <ele>346.92</ele>
      </trkpt>
      <trkpt lat="43.14426340162754" lon="-71.82639610022306">
        <ele>348.85</ele>
      </trkpt>
      <trkpt lat="43.144234232604504" lon="-71.82651269249618">
        <ele>349.57</ele>
      </trkpt>
      <trkpt lat="43.144229957833886" lon="-71.82652995921671">
        <ele>349.65</ele>
      </trkpt>
      <trkpt lat="43.14421101473272" lon="-71.82656315155327">
        <ele>349.85</ele>
      </trkpt>
      <trkpt lat="43.14418997615576" lon="-71.8265999481082">
        <ele>350.02</ele>
      </trkpt>
      <trkpt lat="43.14418142661452" lon="-71.82660925202072">
        <ele>350.08</ele>
      </trkpt>
      <trkpt lat="43.14414697699249" lon="-71.82664680294693">
        <ele>350.24</ele>
      </trkpt>
      <trkpt lat="43.14411177299917" lon="-71.82668519206345">
        <ele>350.36</ele>
      </trkpt>
      <trkpt lat="43.143937261775136" lon="-71.82687546126544">
        <ele>350.71</ele>
      </trkpt>
      <trkpt lat="43.14386752434075" lon="-71.82695140130818">
        <ele>350.9</ele>
      </trkpt>
      <trkpt lat="43.14379787072539" lon="-71.82702734135091">
        <ele>351.15</ele>
      </trkpt>
      <trkpt lat="43.14369301311672" lon="-71.82714167051017">
        <ele>351.59</ele>
      </trkpt>
      <trkpt lat="43.14365847967565" lon="-71.82717922143638">
        <ele>351.72</ele>
      </trkpt>
      <trkpt lat="43.14358807168901" lon="-71.82725599966943">
        <ele>351.9</ele>
      </trkpt>
      <trkpt lat="43.143518418073654" lon="-71.82733193971217">
        <ele>352.0</ele>
      </trkpt>
      <trkpt lat="43.1434487644583" lon="-71.8274078797549">
        <ele>352.04</ele>
      </trkpt>
      <trkpt lat="43.143274169415236" lon="-71.8275981489569">
        <ele>352.09</ele>
      </trkpt>
      <trkpt lat="43.14318993128836" lon="-71.82768993079662">
        <ele>352.08</ele>
      </trkpt>
      <trkpt lat="43.14309747889638" lon="-71.82778456248343">
        <ele>352.07</ele>
      </trkpt>
      <trkpt lat="43.14302614890039" lon="-71.82785756886005">
        <ele>352.02</ele>
      </trkpt>
      <trkpt lat="43.14299010671675" lon="-71.82789444923401">
        <ele>351.97</ele>
      </trkpt>
      <trkpt lat="43.14291877672076" lon="-71.82796745561063">
        <ele>351.79</ele>
      </trkpt>
      <trkpt lat="43.14288348890841" lon="-71.8280035816133">
        <ele>351.66</ele>
      </trkpt>
      <trkpt lat="43.14281207509339" lon="-71.82807658798993">
        <ele>351.33</ele>
      </trkpt>
      <trkpt lat="43.14275993965566" lon="-71.82812998071313">
        <ele>351.04</ele>
      </trkpt>
      <trkpt lat="43.14273839816451" lon="-71.82814691215754">
        <ele>350.93</ele>
      </trkpt>
      <trkpt lat="43.14250672236085" lon="-71.82832896709442">
        <ele>349.65</ele>
      </trkpt>
      <trkpt lat="43.14247998408973" lon="-71.82834992185235">
        <ele>349.49</ele>
      </trkpt>
      <trkpt lat="43.14238493330777" lon="-71.82840515859425">
        <ele>348.96</ele>
      </trkpt>
      <trkpt lat="43.14230295829475" lon="-71.82845276780427">
        <ele>348.44</ele>
      </trkpt>
      <trkpt lat="43.14226155169308" lon="-71.82847674004734">
        <ele>348.14</ele>
      </trkpt>
      <trkpt lat="43.14222098328173" lon="-71.82850029319525">
        <ele>347.81</ele>
      </trkpt>
      <trkpt lat="43.14216993749142" lon="-71.82852996513247">
        <ele>347.36</ele>
      </trkpt>
      <trkpt lat="43.14213733188808" lon="-71.8285408616066">
        <ele>347.1</ele>
      </trkpt>
      <trkpt lat="43.14205074682832" lon="-71.82856969535351">
        <ele>346.32</ele>
      </trkpt>
      <trkpt lat="43.14196340739727" lon="-71.82859878055751">
        <ele>345.49</ele>
      </trkpt>
      <trkpt lat="43.14183407463133" lon="-71.82864194735885">
        <ele>344.15</ele>
      </trkpt>
      <trkpt lat="43.141746651381254" lon="-71.82867103256285">
        <ele>343.19</ele>
      </trkpt>
      <trkpt lat="43.141660150140524" lon="-71.82869986630976">
        <ele>342.17</ele>
      </trkpt>
      <trkpt lat="43.141629975289106" lon="-71.82870992459357">
        <ele>341.8</ele>
      </trkpt>
      <trkpt lat="43.14144641160965" lon="-71.82878703810275">
        <ele>339.54</ele>
      </trkpt>
      <trkpt lat="43.14136133529246" lon="-71.82882274501026">
        <ele>338.44</ele>
      </trkpt>
      <trkpt lat="43.141234098002315" lon="-71.82887622155249">
        <ele>336.69</ele>
      </trkpt>
      <trkpt lat="43.14115321263671" lon="-71.82891016826034">
        <ele>335.63</ele>
      </trkpt>
      <trkpt lat="43.141129994764924" lon="-71.82891997508705">
        <ele>335.33</ele>
      </trkpt>
      <trkpt lat="43.1410741712898" lon="-71.82895090430975">
        <ele>334.61</ele>
      </trkpt>
      <trkpt lat="43.14103502780199" lon="-71.828972697258">
        <ele>334.14</ele>
      </trkpt>
      <trkpt lat="43.140957495197654" lon="-71.8290157802403">
        <ele>333.26</ele>
      </trkpt>
      <trkpt lat="43.14089002087712" lon="-71.82905324734747">
        <ele>334.28</ele>
      </trkpt>
      <trkpt lat="43.14085992984474" lon="-71.82906992733479">
        <ele>334.84</ele>
      </trkpt>
      <trkpt lat="43.140855487436056" lon="-71.82907043024898">
        <ele>334.84</ele>
      </trkpt>
      <trkpt lat="43.14078290015459" lon="-71.82907830923796">
        <ele>336.04</ele>
      </trkpt>
      <trkpt lat="43.140693213790655" lon="-71.8290879484266">
        <ele>335.63</ele>
      </trkpt>
      <trkpt lat="43.14060361124575" lon="-71.82909767143428">
        <ele>335.27</ele>
      </trkpt>
      <trkpt lat="43.140513924881816" lon="-71.82910739444196">
        <ele>334.96</ele>
      </trkpt>
      <trkpt lat="43.140489952638745" lon="-71.82910999283195">
        <ele>334.88</ele>
      </trkpt>
      <trkpt lat="43.14042407087982" lon="-71.829107478261">
        <ele>334.68</ele>
      </trkpt>
      <trkpt lat="43.14033421687782" lon="-71.8291040416807">
        <ele>334.46</ele>
      </trkpt>
      <trkpt lat="43.140245201066136" lon="-71.8291006051004">
        <ele>334.28</ele>
      </trkpt>
      <trkpt lat="43.140155263245106" lon="-71.8290971685201">
        <ele>334.16</ele>
      </trkpt>
      <trkpt lat="43.14006540924311" lon="-71.82909381575882">
        <ele>334.07</ele>
      </trkpt>
      <trkpt lat="43.13993054442108" lon="-71.82908861897886">
        <ele>334.03</ele>
      </trkpt>
      <trkpt lat="43.13975075259805" lon="-71.82908182963729">
        <ele>334.04</ele>
      </trkpt>
      <trkpt lat="43.13966089859605" lon="-71.82907839305699">
        <ele>334.06</ele>
      </trkpt>
      <trkpt lat="43.13943995162845" lon="-71.82906992733479">
        <ele>334.17</ele>
      </trkpt>
      <trkpt lat="43.13943609595299" lon="-71.82906967587769">
        <ele>334.17</ele>
      </trkpt>
      <trkpt lat="43.1391676235944" lon="-71.82905064895749">
        <ele>334.22</ele>
      </trkpt>
      <trkpt lat="43.13898799940944" lon="-71.8290379922837">
        <ele>334.35</ele>
      </trkpt>
      <trkpt lat="43.13862866722047" lon="-71.82901251129806">
        <ele>334.71</ele>
      </trkpt>
      <trkpt lat="43.138538897037506" lon="-71.82900614105165">
        <ele>334.75</ele>
      </trkpt>
      <trkpt lat="43.13844904303551" lon="-71.82899977080524">
        <ele>334.71</ele>
      </trkpt>
      <trkpt lat="43.13840419985354" lon="-71.82899666950107">
        <ele>334.63</ele>
      </trkpt>
      <trkpt lat="43.13835927285254" lon="-71.82899348437786">
        <ele>334.52</ele>
      </trkpt>
      <trkpt lat="43.13830998726189" lon="-71.82898996397853">
        <ele>334.35</ele>
      </trkpt>
      <trkpt lat="43.13830998726189" lon="-71.82898996397853">
        <ele>334.35</ele>
      </trkpt>
      <trkpt lat="43.138269670307636" lon="-71.82899658568203">
        <ele>334.13</ele>
      </trkpt>
      <trkpt lat="43.13822591677308" lon="-71.82900379411876">
        <ele>333.87</ele>
      </trkpt>
      <trkpt lat="43.13818132504821" lon="-71.82901108637452">
        <ele>333.56</ele>
      </trkpt>
      <trkpt lat="43.138136649504304" lon="-71.82901846244931">
        <ele>333.22</ele>
      </trkpt>
      <trkpt lat="43.1380919739604" lon="-71.82902575470507">
        <ele>332.85</ele>
      </trkpt>
      <trkpt lat="43.13804738223553" lon="-71.82903313077986">
        <ele>332.45</ele>
      </trkpt>
      <trkpt lat="43.13800270669162" lon="-71.82904042303562">
        <ele>332.02</ele>
      </trkpt>
      <trkpt lat="43.137913439422846" lon="-71.8290551751852">
        <ele>331.1</ele>
      </trkpt>
      <trkpt lat="43.137690145522356" lon="-71.82909180410206">
        <ele>328.65</ele>
      </trkpt>
      <trkpt lat="43.13760087825358" lon="-71.82910655625165">
        <ele>327.72</ele>
      </trkpt>
      <trkpt lat="43.13757992349565" lon="-71.82910999283195">
        <ele>327.51</ele>
      </trkpt>
      <trkpt lat="43.13755804672837" lon="-71.8291230686009">
        <ele>327.28</ele>
      </trkpt>
      <trkpt lat="43.13739334233105" lon="-71.82922197505832">
        <ele>325.62</ele>
      </trkpt>
      <trkpt lat="43.137310948222876" lon="-71.829271344468">
        <ele>324.86</ele>
      </trkpt>
      <trkpt lat="43.13727993518114" lon="-71.82928995229304">
        <ele>324.6</ele>
      </trkpt>
      <trkpt lat="43.13723165541887" lon="-71.82932917959988">
        <ele>324.17</ele>
      </trkpt>
      <trkpt lat="43.13715512864292" lon="-71.82939137332141">
        <ele>323.56</ele>
      </trkpt>
      <trkpt lat="43.137119924649596" lon="-71.82941995561123">
        <ele>323.31</ele>
      </trkpt>
      <trkpt lat="43.1370800267905" lon="-71.82945901528001">
        <ele>323.02</ele>
      </trkpt>
      <trkpt lat="43.1368968822062" lon="-71.82963771745563">
        <ele>321.73</ele>
      </trkpt>
      <trkpt lat="43.13682362437248" lon="-71.82970921508968">
        <ele>321.24</ele>
      </trkpt>
      <trkpt lat="43.13675036653876" lon="-71.82978071272373">
        <ele>320.8</ele>
      </trkpt>
      <trkpt lat="43.1366999913007" lon="-71.82982999831438">
        <ele>320.52</ele>
      </trkpt>
      <trkpt lat="43.136673253029585" lon="-71.82984173297882">
        <ele>320.4</ele>
      </trkpt>
      <trkpt lat="43.1365876737982" lon="-71.82987953536212">
        <ele>320.04</ele>
      </trkpt>
      <trkpt lat="43.13650209456682" lon="-71.82991742156446">
        <ele>319.72</ele>
      </trkpt>
      <trkpt lat="43.13641651533544" lon="-71.82995522394776">
        <ele>319.44</ele>
      </trkpt>
      <trkpt lat="43.13633093610406" lon="-71.82999302633107">
        <ele>319.22</ele>
      </trkpt>
      <trkpt lat="43.136269999668" lon="-71.83001993224025">
        <ele>319.1</ele>
      </trkpt>
      <trkpt lat="43.136252481490374" lon="-71.83004440739751">
        <ele>319.06</ele>
      </trkpt>
      <trkpt lat="43.13622104935348" lon="-71.83008849620819">
        <ele>319.02</ele>
      </trkpt>
      <trkpt lat="43.136189533397555" lon="-71.83013250119984">
        <ele>319.01</ele>
      </trkpt>
      <trkpt lat="43.13615810126066" lon="-71.83017650619149">
        <ele>319.03</ele>
      </trkpt>
      <trkpt lat="43.13612666912377" lon="-71.83022059500217">
        <ele>319.09</ele>
      </trkpt>
      <trkpt lat="43.13611996360123" lon="-71.83022998273373">
        <ele>319.1</ele>
      </trkpt>
      <trkpt lat="43.13604603521526" lon="-71.83027306571603">
        <ele>319.27</ele>
      </trkpt>
      <trkpt lat="43.13587998971343" lon="-71.83036996051669">
        <ele>319.78</ele>
      </trkpt>
      <trkpt lat="43.13583665527403" lon="-71.83038328774273">
        <ele>319.91</ele>
      </trkpt>
      <trkpt lat="43.135792817920446" lon="-71.83039678260684">
        <ele>320.02</ele>
      </trkpt>
      <trkpt lat="43.13574998639524" lon="-71.83040994219482">
        <ele>320.08</ele>
      </trkpt>
      <trkpt lat="43.13570405356586" lon="-71.83040625415742">
        <ele>320.16</ele>
      </trkpt>
      <trkpt lat="43.13565912656486" lon="-71.83040273375809">
        <ele>320.17</ele>
      </trkpt>
      <trkpt lat="43.13561428338289" lon="-71.83039912953973">
        <ele>320.15</ele>
      </trkpt>
      <trkpt lat="43.13556935638189" lon="-71.83039552532136">
        <ele>320.08</ele>
      </trkpt>
      <trkpt lat="43.135524513199925" lon="-71.830391921103">
        <ele>319.97</ele>
      </trkpt>
      <trkpt lat="43.13547866418958" lon="-71.8303882330656">
        <ele>319.82</ele>
      </trkpt>
      <trkpt lat="43.13543465919793" lon="-71.83038471266627">
        <ele>319.63</ele>
      </trkpt>
      <trkpt lat="43.13538981601596" lon="-71.83038110844791">
        <ele>319.4</ele>
      </trkpt>
      <trkpt lat="43.13534581102431" lon="-71.83037758804858">
        <ele>319.14</ele>
      </trkpt>
      <trkpt lat="43.13530088402331" lon="-71.83037406764925">
        <ele>318.84</ele>
      </trkpt>
      <trkpt lat="43.135249922052026" lon="-71.83036996051669">
        <ele>318.46</ele>
      </trkpt>
      <trkpt lat="43.1352115329355" lon="-71.83036191388965">
        <ele>318.18</ele>
      </trkpt>
      <trkpt lat="43.13507817685604" lon="-71.83033416979015">
        <ele>317.09</ele>
      </trkpt>
      <trkpt lat="43.135009948164225" lon="-71.83031992055476">
        <ele>316.48</ele>
      </trkpt>
      <trkpt lat="43.13494658097625" lon="-71.83029502630234">
        <ele>315.9</ele>
      </trkpt>
      <trkpt lat="43.134730495512486" lon="-71.83020986616611">
        <ele>313.77</ele>
      </trkpt>
      <trkpt lat="43.13467995263636" lon="-71.83018991723657">
        <ele>313.29</ele>
      </trkpt>
      <trkpt lat="43.13447384163737" lon="-71.83009603992105">
        <ele>311.35</ele>
      </trkpt>
      <trkpt lat="43.13434677198529" lon="-71.8300380371511">
        <ele>310.05</ele>
      </trkpt>
      <trkpt lat="43.13422640785575" lon="-71.82998321950436">
        <ele>309.83</ele>
      </trkpt>
      <trkpt lat="43.13410612754524" lon="-71.82992831803858">
        <ele>309.67</ele>
      </trkpt>
      <trkpt lat="43.13402163796127" lon="-71.82988984510303">
        <ele>309.0</ele>
      </trkpt>
      <trkpt lat="43.133999928832054" lon="-71.82987995445728">
        <ele>308.8</ele>
      </trkpt>
      <trkpt lat="43.13398014754057" lon="-71.82986947707832">
        <ele>308.63</ele>
      </trkpt>
      <trkpt lat="43.13381401821971" lon="-71.82978163473308">
        <ele>307.07</ele>
      </trkpt>
      <trkpt lat="43.13373095355928" lon="-71.8297377973795">
        <ele>306.36</ele>
      </trkpt>
      <trkpt lat="43.1334397662431" lon="-71.82958382181823">
        <ele>304.03</ele>
      </trkpt>
      <trkpt lat="43.13335670158267" lon="-71.82953998446465">
        <ele>303.41</ele>
      </trkpt>
      <trkpt lat="43.13331563025713" lon="-71.8295181915164">
        <ele>303.12</ele>
      </trkpt>
      <trkpt lat="43.1332999560982" lon="-71.82950997725129">
        <ele>303.01</ele>
      </trkpt>
      <trkpt lat="43.133231811225414" lon="-71.82947686873376">
        <ele>302.58</ele>
      </trkpt>
      <trkpt lat="43.133021676912904" lon="-71.8293746933341">
        <ele>301.33</ele>
      </trkpt>
      <trkpt lat="43.13281229697168" lon="-71.8292729370296">
        <ele>300.23</ele>
      </trkpt>
      <trkpt lat="43.13272839412093" lon="-71.82923211716115">
        <ele>299.85</ele>
      </trkpt>
      <trkpt lat="43.13260207884014" lon="-71.82917076162994">
        <ele>299.34</ele>
      </trkpt>
      <trkpt lat="43.132579950615764" lon="-71.82915994897485">
        <ele>299.26</ele>
      </trkpt>
      <trkpt lat="43.132517505437136" lon="-71.8291328754276">
        <ele>299.05</ele>
      </trkpt>
      <trkpt lat="43.13243259675801" lon="-71.82909599505365">
        <ele>298.83</ele>
      </trkpt>
      <trkpt lat="43.13234768807888" lon="-71.82905919849873">
        <ele>298.66</ele>
      </trkpt>
      <trkpt lat="43.132262863218784" lon="-71.8290224019438">
        <ele>298.54</ele>
      </trkpt>
      <trkpt lat="43.13171150162816" lon="-71.82878318242729">
        <ele>297.87</ele>
      </trkpt>
      <trkpt lat="43.131626676768064" lon="-71.82874638587236">
        <ele>297.79</ele>
      </trkpt>
      <trkpt lat="43.131330041214824" lon="-71.82861772365868">
        <ele>297.56</ele>
      </trkpt>
      <trkpt lat="43.13121998682618" lon="-71.8285699468106">
        <ele>297.23</ele>
      </trkpt>
      <trkpt lat="43.13115921802819" lon="-71.8285442981869">
        <ele>297.05</ele>
      </trkpt>
      <trkpt lat="43.13090231269598" lon="-71.82843558490276">
        <ele>296.37</ele>
      </trkpt>
      <trkpt lat="43.13081639818847" lon="-71.828399207443">
        <ele>296.12</ele>
      </trkpt>
      <trkpt lat="43.1307733990252" lon="-71.82838101871312">
        <ele>295.96</ele>
      </trkpt>
      <trkpt lat="43.13073048368096" lon="-71.82836282998323">
        <ele>295.77</ele>
      </trkpt>
      <trkpt lat="43.13068832270801" lon="-71.82834506034851">
        <ele>295.56</ele>
      </trkpt>
      <trkpt lat="43.13064540736377" lon="-71.82832687161863">
        <ele>295.32</ele>
      </trkpt>
      <trkpt lat="43.130559492856264" lon="-71.82829049415886">
        <ele>294.8</ele>
      </trkpt>
      <trkpt lat="43.130516493692994" lon="-71.82827230542898">
        <ele>294.52</ele>
      </trkpt>
      <trkpt lat="43.1304314173758" lon="-71.82823634706438">
        <ele>293.91</ele>
      </trkpt>
      <trkpt lat="43.130302503705025" lon="-71.82818178087473">
        <ele>292.9</ele>
      </trkpt>
      <trkpt lat="43.13000259920955" lon="-71.82805496267974">
        <ele>290.46</ele>
      </trkpt>
      <trkpt lat="43.12991760671139" lon="-71.8280189204961">
        <ele>289.79</ele>
      </trkpt>
      <trkpt lat="43.12983160838485" lon="-71.82798262685537">
        <ele>289.15</ele>
      </trkpt>
      <trkpt lat="43.12974569387734" lon="-71.82794624939561">
        <ele>288.56</ele>
      </trkpt>
      <trkpt lat="43.12970361672342" lon="-71.82792839594185">
        <ele>288.29</ele>
      </trkpt>
      <trkpt lat="43.129659947007895" lon="-71.82790995575488">
        <ele>288.04</ele>
      </trkpt>
      <trkpt lat="43.1296182051301" lon="-71.82788983918726">
        <ele>287.81</ele>
      </trkpt>
      <trkpt lat="43.129533380270004" lon="-71.82784885168076">
        <ele>287.43</ele>
      </trkpt>
      <trkpt lat="43.129449393600225" lon="-71.8278082832694">
        <ele>287.15</ele>
      </trkpt>
      <trkpt lat="43.12936456874013" lon="-71.82776737958193">
        <ele>286.95</ele>
      </trkpt>
      <trkpt lat="43.12927974388003" lon="-71.82772639207542">
        <ele>286.85</ele>
      </trkpt>
      <trkpt lat="43.1291966792196" lon="-71.82768632657826">
        <ele>286.82</ele>
      </trkpt>
      <trkpt lat="43.129079919308424" lon="-71.82762991636992">
        <ele>286.85</ele>
      </trkpt>
      <trkpt lat="43.1289931666106" lon="-71.82755892165005">
        <ele>286.89</ele>
      </trkpt>
      <trkpt lat="43.12896994873881" lon="-71.82753997854888">
        <ele>286.89</ele>
      </trkpt>
      <trkpt lat="43.12895603477955" lon="-71.82752447202802">
        <ele>286.89</ele>
      </trkpt>
      <trkpt lat="43.12892099842429" lon="-71.82748574763536">
        <ele>286.86</ele>
      </trkpt>
      <trkpt lat="43.128886045888066" lon="-71.82744702324271">
        <ele>286.8</ele>
      </trkpt>
      <trkpt lat="43.12885109335184" lon="-71.82740829885006">
        <ele>286.7</ele>
      </trkpt>
      <trkpt lat="43.128816056996584" lon="-71.8273695744574">
        <ele>286.55</ele>
      </trkpt>
      <trkpt lat="43.128781858831644" lon="-71.82733168825507">
        <ele>286.36</ele>
      </trkpt>
      <trkpt lat="43.12874682247639" lon="-71.82729296386242">
        <ele>286.14</ele>
      </trkpt>
      <trkpt lat="43.12864188104868" lon="-71.82717679068446">
        <ele>285.44</ele>
      </trkpt>
      <trkpt lat="43.12853769399226" lon="-71.82706137187779">
        <ele>284.79</ele>
      </trkpt>
      <trkpt lat="43.128467705100775" lon="-71.82698392309248">
        <ele>284.39</ele>
      </trkpt>
      <trkpt lat="43.12829352915287" lon="-71.82679105550051">
        <ele>283.48</ele>
      </trkpt>
      <trkpt lat="43.12822362408042" lon="-71.8267136067152">
        <ele>283.07</ele>
      </trkpt>
      <trkpt lat="43.128188671544194" lon="-71.82667496614158">
        <ele>282.83</ele>
      </trkpt>
      <trkpt lat="43.12815438956022" lon="-71.82663699612021">
        <ele>282.56</ele>
      </trkpt>
      <trkpt lat="43.12812999822199" lon="-71.82660992257297">
        <ele>282.34</ele>
      </trkpt>
      <trkpt lat="43.127954229712486" lon="-71.82649911381304">
        <ele>281.05</ele>
      </trkpt>
      <trkpt lat="43.12787334434688" lon="-71.82644806802273">
        <ele>280.47</ele>
      </trkpt>
      <trkpt lat="43.12779162079096" lon="-71.82639660313725">
        <ele>279.93</ele>
      </trkpt>
      <trkpt lat="43.127710819244385" lon="-71.82634555734694">
        <ele>279.43</ele>
      </trkpt>
      <trkpt lat="43.127506552264094" lon="-71.8262167274952">
        <ele>278.22</ele>
      </trkpt>
      <trkpt lat="43.12747998163104" lon="-71.82619996368885">
        <ele>278.07</ele>
      </trkpt>
      <trkpt lat="43.12742424197495" lon="-71.82617037557065">
        <ele>277.77</ele>
      </trkpt>
      <trkpt lat="43.12738233245909" lon="-71.82614816352725">
        <ele>277.56</ele>
      </trkpt>
      <trkpt lat="43.12725652009249" lon="-71.826081443578">
        <ele>277.02</ele>
      </trkpt>
      <trkpt lat="43.1271315459162" lon="-71.82601522654295">
        <ele>276.54</ele>
      </trkpt>
      <trkpt lat="43.127005733549595" lon="-71.8259485065937">
        <ele>276.12</ele>
      </trkpt>
      <trkpt lat="43.126922668889165" lon="-71.82590441778302">
        <ele>275.87</ele>
      </trkpt>
      <trkpt lat="43.126819990575314" lon="-71.8258499354124">
        <ele>275.61</ele>
      </trkpt>
      <trkpt lat="43.126797527074814" lon="-71.82583568617702">
        <ele>275.56</ele>
      </trkpt>
      <trkpt lat="43.12671680934727" lon="-71.82578430511057">
        <ele>275.39</ele>
      </trkpt>
      <trkpt lat="43.1266360078007" lon="-71.82573292404413">
        <ele>275.26</ele>
      </trkpt>
      <trkpt lat="43.12659996561706" lon="-71.82570995762944">
        <ele>275.22</ele>
      </trkpt>
      <trkpt lat="43.12652310356498" lon="-71.82563309557736">
        <ele>275.15</ele>
      </trkpt>
      <trkpt lat="43.126451186835766" lon="-71.82556117884815">
        <ele>275.15</ele>
      </trkpt>
      <trkpt lat="43.12642998062074" lon="-71.82553997263312">
        <ele>275.16</ele>
      </trkpt>
      <trkpt lat="43.12641128897667" lon="-71.82553997263312">
        <ele>275.17</ele>
      </trkpt>
      <trkpt lat="43.12632227316499" lon="-71.82553997263312">
        <ele>275.24</ele>
      </trkpt>
      <trkpt lat="43.126233257353306" lon="-71.82553997263312">
        <ele>275.35</ele>
      </trkpt>
      <trkpt lat="43.12611993402243" lon="-71.82553997263312">
        <ele>275.19</ele>
      </trkpt>
      <trkpt lat="43.126106103882194" lon="-71.82555933482945">
        <ele>275.17</ele>
      </trkpt>
      <trkpt lat="43.12604382634163" lon="-71.82564659044147">
        <ele>275.0</ele>
      </trkpt>
      <trkpt lat="43.126012394204736" lon="-71.82569059543312">
        <ele>274.87</ele>
      </trkpt>
      <trkpt lat="43.125981548801064" lon="-71.82573376223445">
        <ele>274.71</ele>
      </trkpt>
      <trkpt lat="43.12596998177469" lon="-71.82574993930757">
        <ele>274.64</ele>
      </trkpt>
      <trkpt lat="43.125946344807744" lon="-71.82577156461775">
        <ele>274.52</ele>
      </trkpt>
      <trkpt lat="43.125909715890884" lon="-71.82580517604947">
        <ele>274.31</ele>
      </trkpt>
      <trkpt lat="43.12572439201176" lon="-71.82597507722676">
        <ele>273.06</ele>
      </trkpt>
      <trkpt lat="43.12565037980676" lon="-71.82604297064245">
        <ele>272.59</ele>
      </trkpt>
      <trkpt lat="43.12557636760175" lon="-71.8261107802391">
        <ele>272.2</ele>
      </trkpt>
      <trkpt lat="43.12553973868489" lon="-71.82614430785179">
        <ele>272.03</ele>
      </trkpt>
      <trkpt lat="43.12550235539675" lon="-71.82617858983576">
        <ele>271.89</ele>
      </trkpt>
      <trkpt lat="43.125489950180054" lon="-71.82618998922408">
        <ele>271.85</ele>
      </trkpt>
      <trkpt lat="43.1254652235657" lon="-71.82621102780104">
        <ele>271.78</ele>
      </trkpt>
      <trkpt lat="43.125427002087235" lon="-71.82624346576631">
        <ele>271.7</ele>
      </trkpt>
      <trkpt lat="43.12538953498006" lon="-71.82627531699836">
        <ele>271.66</ele>
      </trkpt>
      <trkpt lat="43.1253513135016" lon="-71.82630775496364">
        <ele>271.66</ele>
      </trkpt>
      <trkpt lat="43.12527562491596" lon="-71.82637204416096">
        <ele>271.76</ele>
      </trkpt>
      <trkpt lat="43.12523815780878" lon="-71.82640389539301">
        <ele>271.86</ele>
      </trkpt>
      <trkpt lat="43.12519993633032" lon="-71.82643633335829">
        <ele>271.99</ele>
      </trkpt>
      <trkpt lat="43.12516255304217" lon="-71.82646818459034">
        <ele>272.15</ele>
      </trkpt>
      <trkpt lat="43.125086864456534" lon="-71.82653247378767">
        <ele>272.54</ele>
      </trkpt>
      <trkpt lat="43.12497295439243" lon="-71.82662920095026">
        <ele>273.26</ele>
      </trkpt>
      <trkpt lat="43.124897349625826" lon="-71.82669349014759">
        <ele>273.82</ele>
      </trkpt>
      <trkpt lat="43.12482166104019" lon="-71.82675777934492">
        <ele>274.47</ele>
      </trkpt>
      <trkpt lat="43.12474597245455" lon="-71.82682206854224">
        <ele>275.17</ele>
      </trkpt>
      <trkpt lat="43.12451899051666" lon="-71.82701493613422">
        <ele>277.39</ele>
      </trkpt>
      <trkpt lat="43.12433023005724" lon="-71.82717528194189">
        <ele>279.17</ele>
      </trkpt>
      <trkpt lat="43.12421631999314" lon="-71.82727209292352">
        <ele>280.34</ele>
      </trkpt>
      <trkpt lat="43.124159993603826" lon="-71.82731995359063">
        <ele>280.97</ele>
      </trkpt>
      <trkpt lat="43.12410836108029" lon="-71.82737804017961">
        <ele>281.62</ele>
      </trkpt>
      <trkpt lat="43.12407994642854" lon="-71.8274099752307">
        <ele>282.03</ele>
      </trkpt>
      <trkpt lat="43.12407650984824" lon="-71.82742020115256">
        <ele>282.03</ele>
      </trkpt>
      <trkpt lat="43.12405823729932" lon="-71.82747510261834">
        <ele>282.4</ele>
      </trkpt>
      <trkpt lat="43.12403954565525" lon="-71.82753117755055">
        <ele>282.7</ele>
      </trkpt>
      <trkpt lat="43.12401993200183" lon="-71.82758993469179">
        <ele>282.9</ele>
      </trkpt>
      <trkpt lat="43.12401993200183" lon="-71.82758993469179">
        <ele>282.9</ele>
      </trkpt>
      <trkpt lat="43.12401163391769" lon="-71.82764617726207">
        <ele>282.99</ele>
      </trkpt>
      <trkpt lat="43.12400283291936" lon="-71.82770535349846">
        <ele>282.94</ele>
      </trkpt>
      <trkpt lat="43.123993948102" lon="-71.8277657032013">
        <ele>282.76</ele>
      </trkpt>
      <trkpt lat="43.12398514710367" lon="-71.82782487943769">
        <ele>282.46</ele>
      </trkpt>
      <trkpt lat="43.1239799503237" lon="-71.82785999961197">
        <ele>282.22</ele>
      </trkpt>
      <trkpt lat="43.123973244801164" lon="-71.82788405567408">
        <ele>282.06</ele>
      </trkpt>
      <trkpt lat="43.12395757064223" lon="-71.82794054970145">
        <ele>281.57</ele>
      </trkpt>
      <trkpt lat="43.123941561207175" lon="-71.82799813337624">
        <ele>281.02</ele>
      </trkpt>
      <trkpt lat="43.123925887048244" lon="-71.82805454358459">
        <ele>280.41</ele>
      </trkpt>
      <trkpt lat="43.12390987761319" lon="-71.82811212725937">
        <ele>279.75</ele>
      </trkpt>
      <trkpt lat="43.123879954218864" lon="-71.82821991853416">
        <ele>278.31</ele>
      </trkpt>
      <trkpt lat="43.12387769110501" lon="-71.82822578586638">
        <ele>278.31</ele>
      </trkpt>
      <trkpt lat="43.12383586540818" lon="-71.82833349332213">
        <ele>276.76</ele>
      </trkpt>
      <trkpt lat="43.12375221401453" lon="-71.82854882441461">
        <ele>273.6</ele>
      </trkpt>
      <trkpt lat="43.123710388317704" lon="-71.82865653187037">
        <ele>272.09</ele>
      </trkpt>
      <trkpt lat="43.12366856262088" lon="-71.82876415550709">
        <ele>270.67</ele>
      </trkpt>
      <trkpt lat="43.123647859320045" lon="-71.82881746441126">
        <ele>270.01</ele>
      </trkpt>
      <trkpt lat="43.12362673692405" lon="-71.82887186296284">
        <ele>269.39</ele>
      </trkpt>
      <trkpt lat="43.12360603362322" lon="-71.82892517186701">
        <ele>268.82</ele>
      </trkpt>
      <trkpt lat="43.123584911227226" lon="-71.8289795704186">
        <ele>268.31</ele>
      </trkpt>
      <trkpt lat="43.12356420792639" lon="-71.82903287932277">
        <ele>267.84</ele>
      </trkpt>
      <trkpt lat="43.1235430855304" lon="-71.82908727787435">
        <ele>267.42</ele>
      </trkpt>
      <trkpt lat="43.12352238222957" lon="-71.82914050295949">
        <ele>267.05</ele>
      </trkpt>
      <trkpt lat="43.123501259833574" lon="-71.82919490151107">
        <ele>266.7</ele>
      </trkpt>
      <trkpt lat="43.12345985323191" lon="-71.82930151931942">
        <ele>266.06</ele>
      </trkpt>
      <trkpt lat="43.12341802753508" lon="-71.82940922677517">
        <ele>265.57</ele>
      </trkpt>
      <trkpt lat="43.123409980908036" lon="-71.829429930076">
        <ele>265.46</ele>
      </trkpt>
      <trkpt lat="43.12328743748367" lon="-71.82972983457148">
        <ele>263.92</ele>
      </trkpt>
      <trkpt lat="43.12324351631105" lon="-71.82983737438917">
        <ele>263.41</ele>
      </trkpt>
      <trkpt lat="43.12320001423359" lon="-71.82994374074042">
        <ele>262.97</ele>
      </trkpt>
      <trkpt lat="43.12315609306097" lon="-71.83005128055811">
        <ele>262.63</ele>
      </trkpt>
      <trkpt lat="43.12311259098351" lon="-71.83015773072839">
        <ele>262.41</ele>
      </trkpt>
      <trkpt lat="43.1230906303972" lon="-71.83021145872772">
        <ele>262.35</ele>
      </trkpt>
      <trkpt lat="43.12304670922458" lon="-71.83031899854541">
        <ele>262.29</ele>
      </trkpt>
      <trkpt lat="43.12302994541824" lon="-71.83035998605192">
        <ele>262.31</ele>
      </trkpt>
      <trkpt lat="43.12299147248268" lon="-71.83041329495609">
        <ele>262.35</ele>
      </trkpt>
      <trkpt lat="43.122928189113736" lon="-71.83050088584423">
        <ele>262.49</ele>
      </trkpt>
      <trkpt lat="43.12289994210005" lon="-71.83053994551301">
        <ele>262.58</ele>
      </trkpt>
      <trkpt lat="43.12286205589771" lon="-71.83058235794306">
        <ele>262.69</ele>
      </trkpt>
      <trkpt lat="43.12275820411742" lon="-71.83069836348295">
        <ele>263.06</ele>
      </trkpt>
      <trkpt lat="43.12268855050206" lon="-71.83077623136342">
        <ele>263.37</ele>
      </trkpt>
      <trkpt lat="43.12265435233712" lon="-71.83081445284188">
        <ele>263.55</ele>
      </trkpt>
      <trkpt lat="43.12261956743896" lon="-71.8308533448726">
        <ele>263.76</ele>
      </trkpt>
      <trkpt lat="43.12258469872177" lon="-71.83089232072234">
        <ele>264.0</ele>
      </trkpt>
      <trkpt lat="43.12254983000457" lon="-71.83093121275306">
        <ele>264.27</ele>
      </trkpt>
      <trkpt lat="43.122515715658665" lon="-71.83096943423152">
        <ele>264.58</ele>
      </trkpt>
      <trkpt lat="43.12248084694147" lon="-71.83100832626224">
        <ele>264.93</ele>
      </trkpt>
      <trkpt lat="43.122411193326116" lon="-71.8310861941427">
        <ele>265.72</ele>
      </trkpt>
      <trkpt lat="43.122342210263014" lon="-71.83116330765188">
        <ele>266.59</ele>
      </trkpt>
      <trkpt lat="43.12230734154582" lon="-71.83120228350163">
        <ele>267.05</ele>
      </trkpt>
      <trkpt lat="43.12223835848272" lon="-71.8312793970108">
        <ele>268.05</ele>
      </trkpt>
      <trkpt lat="43.12209972180426" lon="-71.83143437840044">
        <ele>270.17</ele>
      </trkpt>
      <trkpt lat="43.122029984369874" lon="-71.83151224628091">
        <ele>271.21</ele>
      </trkpt>
      <trkpt lat="43.12185714952648" lon="-71.83170544914901">
        <ele>273.63</ele>
      </trkpt>
      <trkpt lat="43.12178749591112" lon="-71.83178331702948">
        <ele>274.65</ele>
      </trkpt>
      <trkpt lat="43.12171851284802" lon="-71.83186043053865">
        <ele>275.73</ele>
      </trkpt>
      <trkpt lat="43.12157979235053" lon="-71.8320154119283">
        <ele>277.97</ele>
      </trkpt>
      <trkpt lat="43.121510138735175" lon="-71.83209327980876">
        <ele>279.02</ele>
      </trkpt>
      <trkpt lat="43.12144115567207" lon="-71.83217039331794">
        <ele>280.0</ele>
      </trkpt>
      <trkpt lat="43.12140628695488" lon="-71.83220928534865">
        <ele>280.46</ele>
      </trkpt>
      <trkpt lat="43.12136999331415" lon="-71.83224993757904">
        <ele>280.88</ele>
      </trkpt>
      <trkpt lat="43.12136999331415" lon="-71.83224993757904">
        <ele>280.88</ele>
      </trkpt>
      <trkpt lat="43.12133152037859" lon="-71.83227357454598">
        <ele>281.25</ele>
      </trkpt>
      <trkpt lat="43.12129053287208" lon="-71.8322987202555">
        <ele>281.59</ele>
      </trkpt>
      <trkpt lat="43.12124946154654" lon="-71.83232394978404">
        <ele>281.88</ele>
      </trkpt>
      <trkpt lat="43.121208390221" lon="-71.83234917931259">
        <ele>282.13</ele>
      </trkpt>
      <trkpt lat="43.12116824090481" lon="-71.83237382210791">
        <ele>282.35</ele>
      </trkpt>
      <trkpt lat="43.12108618207276" lon="-71.83242419734597">
        <ele>282.72</ele>
      </trkpt>
      <trkpt lat="43.12084159813821" lon="-71.8325744010508">
        <ele>283.72</ele>
      </trkpt>
      <trkpt lat="43.12079994007945" lon="-71.83259996585548">
        <ele>283.9</ele>
      </trkpt>
      <trkpt lat="43.1207575276494" lon="-71.83261731639504">
        <ele>284.08</ele>
      </trkpt>
      <trkpt lat="43.12058603391051" lon="-71.83268747292459">
        <ele>285.01</ele>
      </trkpt>
      <trkpt lat="43.120457623153925" lon="-71.83274002745748">
        <ele>285.8</ele>
      </trkpt>
      <trkpt lat="43.12037229537964" lon="-71.83277489617467">
        <ele>286.3</ele>
      </trkpt>
      <trkpt lat="43.120286129415035" lon="-71.83281018398702">
        <ele>286.76</ele>
      </trkpt>
      <trkpt lat="43.12020080164075" lon="-71.83284505270422">
        <ele>287.16</ele>
      </trkpt>
      <trkpt lat="43.12015771865845" lon="-71.83286265470088">
        <ele>287.34</ele>
      </trkpt>
      <trkpt lat="43.120139949023724" lon="-71.83286994695663">
        <ele>287.4</ele>
      </trkpt>
      <trkpt lat="43.1201153062284" lon="-71.83288302272558">
        <ele>287.49</ele>
      </trkpt>
      <trkpt lat="43.12003224156797" lon="-71.8329269438982">
        <ele>287.71</ele>
      </trkpt>
      <trkpt lat="43.11999033205211" lon="-71.8329491559416">
        <ele>287.77</ele>
      </trkpt>
      <trkpt lat="43.11990726739168" lon="-71.83299316093326">
        <ele>287.84</ele>
      </trkpt>
      <trkpt lat="43.119799979031086" lon="-71.83304999023676">
        <ele>287.86</ele>
      </trkpt>
      <trkpt lat="43.119781874120235" lon="-71.83305761776865">
        <ele>287.87</ele>
      </trkpt>
      <trkpt lat="43.11969595961273" lon="-71.83309407904744">
        <ele>287.84</ele>
      </trkpt>
      <trkpt lat="43.11965304426849" lon="-71.83311226777732">
        <ele>287.79</ele>
      </trkpt>
      <trkpt lat="43.119610883295536" lon="-71.83313012123108">
        <ele>287.72</ele>
      </trkpt>
      <trkpt lat="43.1195679679513" lon="-71.83314839378">
        <ele>287.61</ele>
      </trkpt>
      <trkpt lat="43.11952496878803" lon="-71.83316658250988">
        <ele>287.47</ele>
      </trkpt>
      <trkpt lat="43.11946998350322" lon="-71.83318996801972">
        <ele>287.22</ele>
      </trkpt>
      <trkpt lat="43.11944014392793" lon="-71.83320698328316">
        <ele>287.09</ele>
      </trkpt>
      <trkpt lat="43.11927493661642" lon="-71.83330136351287">
        <ele>286.22</ele>
      </trkpt>
      <trkpt lat="43.11909405514598" lon="-71.83340479619801">
        <ele>285.3</ele>
      </trkpt>
      <trkpt lat="43.11909405514598" lon="-71.83340479619801">
        <ele>284.99</ele>
      </trkpt>
      <trkpt lat="43.118979977443814" lon="-71.83346992358565">
        <ele>284.4</ele>
      </trkpt>
      <trkpt lat="43.118919963017106" lon="-71.83348995633423">
        <ele>284.08</ele>
      </trkpt>
      <trkpt lat="43.1189151853323" lon="-71.83349314145744">
        <ele>284.08</ele>
      </trkpt>
      <trkpt lat="43.11871435493231" lon="-71.83362876065075">
        <ele>283.25</ele>
      </trkpt>
      <trkpt lat="43.118633637204766" lon="-71.83368324302137">
        <ele>282.88</ele>
      </trkpt>
      <trkpt lat="43.11859332025051" lon="-71.83371048420668">
        <ele>282.67</ele>
      </trkpt>
      <trkpt lat="43.11855375766754" lon="-71.83373713865876">
        <ele>282.44</ele>
      </trkpt>
      <trkpt lat="43.11851997859776" lon="-71.83375993743539">
        <ele>282.18</ele>
      </trkpt>
      <trkpt lat="43.11851318925619" lon="-71.83376345783472">
        <ele>282.18</ele>
      </trkpt>
      <trkpt lat="43.11847102828324" lon="-71.83378491550684">
        <ele>281.89</ele>
      </trkpt>
      <trkpt lat="43.118428867310286" lon="-71.83380637317896">
        <ele>281.56</ele>
      </trkpt>
      <trkpt lat="43.11838670633733" lon="-71.83382783085108">
        <ele>281.19</ele>
      </trkpt>
      <trkpt lat="43.11834454536438" lon="-71.8338492885232">
        <ele>280.79</ele>
      </trkpt>
      <trkpt lat="43.118303306400776" lon="-71.83387032710016">
        <ele>280.35</ele>
      </trkpt>
      <trkpt lat="43.11826114542782" lon="-71.83389178477228">
        <ele>279.87</ele>
      </trkpt>
      <trkpt lat="43.11817682348192" lon="-71.83393478393555">
        <ele>278.85</ele>
      </trkpt>
      <trkpt lat="43.118009101599455" lon="-71.83402019552886">
        <ele>276.76</ele>
      </trkpt>
      <trkpt lat="43.117989990860224" lon="-71.83402991853654">
        <ele>276.53</ele>
      </trkpt>
      <trkpt lat="43.11770995147526" lon="-71.8340699840337">
        <ele>273.36</ele>
      </trkpt>
      <trkpt lat="43.11769804917276" lon="-71.83406822383404">
        <ele>273.23</ele>
      </trkpt>
      <trkpt lat="43.117474503815174" lon="-71.83403570204973">
        <ele>270.66</ele>
      </trkpt>
      <trkpt lat="43.11738599091768" lon="-71.83402279391885">
        <ele>269.68</ele>
      </trkpt>
      <trkpt lat="43.11734123155475" lon="-71.8340163398534">
        <ele>269.22</ele>
      </trkpt>
      <trkpt lat="43.117251796647906" lon="-71.83400334790349">
        <ele>268.35</ele>
      </trkpt>
      <trkpt lat="43.117159930989146" lon="-71.83398993685842">
        <ele>267.48</ele>
      </trkpt>
      <trkpt lat="43.11701995320618" lon="-71.83398993685842">
        <ele>266.25</ele>
      </trkpt>
      <trkpt lat="43.11701995320618" lon="-71.83398993685842">
        <ele>266.25</ele>
      </trkpt>
      <trkpt lat="43.116761706769466" lon="-71.83403603732586">
        <ele>263.67</ele>
      </trkpt>
      <trkpt lat="43.11673999764025" lon="-71.83403997682035">
        <ele>263.47</ele>
      </trkpt>
      <trkpt lat="43.116674115881324" lon="-71.83406327851117">
        <ele>262.88</ele>
      </trkpt>
      <trkpt lat="43.11658794991672" lon="-71.83409378863871">
        <ele>262.17</ele>
      </trkpt>
      <trkpt lat="43.11650086194277" lon="-71.83412463404238">
        <ele>261.5</ele>
      </trkpt>
      <trkpt lat="43.11632668599486" lon="-71.83418632484972">
        <ele>260.23</ele>
      </trkpt>
      <trkpt lat="43.11625996604562" lon="-71.83420996181667">
        <ele>259.71</ele>
      </trkpt>
      <trkpt lat="43.116239849478006" lon="-71.83420996181667">
        <ele>259.57</ele>
      </trkpt>
      <trkpt lat="43.116059973835945" lon="-71.83420996181667">
        <ele>258.13</ele>
      </trkpt>
      <trkpt lat="43.11597992666066" lon="-71.83420996181667">
        <ele>257.45</ele>
      </trkpt>
      <trkpt lat="43.115971041843295" lon="-71.83420836925507">
        <ele>257.45</ele>
      </trkpt>
      <trkpt lat="43.11588185839355" lon="-71.83419244363904">
        <ele>256.85</ele>
      </trkpt>
      <trkpt lat="43.11583726666868" lon="-71.83418448083103">
        <ele>256.6</ele>
      </trkpt>
      <trkpt lat="43.115792674943805" lon="-71.83417651802301">
        <ele>256.39</ele>
      </trkpt>
      <trkpt lat="43.11574808321893" lon="-71.834168555215">
        <ele>256.21</ele>
      </trkpt>
      <trkpt lat="43.11569997109473" lon="-71.83415992185473">
        <ele>256.07</ele>
      </trkpt>
      <trkpt lat="43.11569997109473" lon="-71.83415992185473">
        <ele>256.07</ele>
      </trkpt>
      <trkpt lat="43.115661665797234" lon="-71.83414206840098">
        <ele>255.97</ele>
      </trkpt>
      <trkpt lat="43.11561908572912" lon="-71.83412211947143">
        <ele>255.9</ele>
      </trkpt>
      <trkpt lat="43.11557658948004" lon="-71.83410217054188">
        <ele>255.86</ele>
      </trkpt>
      <trkpt lat="43.11553400941193" lon="-71.83408230543137">
        <ele>255.85</ele>
      </trkpt>
      <trkpt lat="43.11549142934382" lon="-71.83406235650182">
        <ele>255.87</ele>
      </trkpt>
      <trkpt lat="43.11544893309474" lon="-71.83404240757227">
        <ele>255.92</ele>
      </trkpt>
      <trkpt lat="43.115364611148834" lon="-71.83400301262736">
        <ele>256.1</ele>
      </trkpt>
      <trkpt lat="43.11527953483164" lon="-71.8339631985873">
        <ele>256.38</ele>
      </trkpt>
      <trkpt lat="43.1152299977839" lon="-71.83393998071551">
        <ele>256.56</ele>
      </trkpt>
      <trkpt lat="43.1152299977839" lon="-71.83393998071551">
        <ele>256.56</ele>
      </trkpt>
      <trkpt lat="43.11519336886704" lon="-71.8339283298701">
        <ele>256.76</ele>
      </trkpt>
      <trkpt lat="43.115106699988246" lon="-71.8339008372277">
        <ele>257.24</ele>
      </trkpt>
      <trkpt lat="43.11501902528107" lon="-71.8338730931282">
        <ele>257.81</ele>
      </trkpt>
      <trkpt lat="43.11493143439293" lon="-71.83384526520967">
        <ele>258.49</ele>
      </trkpt>
      <trkpt lat="43.11481995508075" lon="-71.83380997739732">
        <ele>259.46</ele>
      </trkpt>
      <trkpt lat="43.11475859954953" lon="-71.83378240093589">
        <ele>260.01</ele>
      </trkpt>
      <trkpt lat="43.11471593566239" lon="-71.8337631225586">
        <ele>260.35</ele>
      </trkpt>
      <trkpt lat="43.114673187956214" lon="-71.83374392800033">
        <ele>260.63</ele>
      </trkpt>
      <trkpt lat="43.11463044025004" lon="-71.83372464962304">
        <ele>260.83</ele>
      </trkpt>
      <trkpt lat="43.11458861455321" lon="-71.83370587415993">
        <ele>260.97</ele>
      </trkpt>
      <trkpt lat="43.11454586684704" lon="-71.83368659578264">
        <ele>261.03</ele>
      </trkpt>
      <trkpt lat="43.114503202959895" lon="-71.83366740122437">
        <ele>261.05</ele>
      </trkpt>
      <trkpt lat="43.11446045525372" lon="-71.83364820666611">
        <ele>261.02</ele>
      </trkpt>
      <trkpt lat="43.11429038643837" lon="-71.83357167989016">
        <ele>260.83</ele>
      </trkpt>
      <trkpt lat="43.11421997845173" lon="-71.83353999629617">
        <ele>260.76</ele>
      </trkpt>
      <trkpt lat="43.1142043042928" lon="-71.83353756554425">
        <ele>260.75</ele>
      </trkpt>
      <trkpt lat="43.11393700540066" lon="-71.83349741622806">
        <ele>260.65</ele>
      </trkpt>
      <trkpt lat="43.11375821940601" lon="-71.8334705941379">
        <ele>260.54</ele>
      </trkpt>
      <trkpt lat="43.11353559605777" lon="-71.83343715034425">
        <ele>260.35</ele>
      </trkpt>
      <trkpt lat="43.11340240761638" lon="-71.83341711759567">
        <ele>260.19</ele>
      </trkpt>
      <trkpt lat="43.11331297270954" lon="-71.8334037065506">
        <ele>260.1</ele>
      </trkpt>
      <trkpt lat="43.11322362162173" lon="-71.83339029550552">
        <ele>260.06</ele>
      </trkpt>
      <trkpt lat="43.11313510872424" lon="-71.83337696827948">
        <ele>260.09</ele>
      </trkpt>
      <trkpt lat="43.113045673817396" lon="-71.8333635572344">
        <ele>260.19</ele>
      </trkpt>
      <trkpt lat="43.11295632272959" lon="-71.83335014618933">
        <ele>260.36</ele>
      </trkpt>
      <trkpt lat="43.11291164718568" lon="-71.8333434406668">
        <ele>260.47</ele>
      </trkpt>
      <trkpt lat="43.11282313428819" lon="-71.83333011344075">
        <ele>260.75</ele>
      </trkpt>
      <trkpt lat="43.11273369938135" lon="-71.83331670239568">
        <ele>261.09</ele>
      </trkpt>
      <trkpt lat="43.11264434829354" lon="-71.83330320753157">
        <ele>261.47</ele>
      </trkpt>
      <trkpt lat="43.11242172494531" lon="-71.83326976373792">
        <ele>262.57</ele>
      </trkpt>
      <trkpt lat="43.1123770494014" lon="-71.83326305821538">
        <ele>262.75</ele>
      </trkpt>
      <trkpt lat="43.11228853650391" lon="-71.83324981480837">
        <ele>263.01</ele>
      </trkpt>
      <trkpt lat="43.11220094561577" lon="-71.83323665522039">
        <ele>262.78</ele>
      </trkpt>
      <trkpt lat="43.11215710826218" lon="-71.83323003351688">
        <ele>262.64</ele>
      </trkpt>
      <trkpt lat="43.11208996921778" lon="-71.83321997523308">
        <ele>262.38</ele>
      </trkpt>
      <trkpt lat="43.11203649267554" lon="-71.83341862633824">
        <ele>261.81</ele>
      </trkpt>
      <trkpt lat="43.112006317824125" lon="-71.83353069238365">
        <ele>261.5</ele>
      </trkpt>
      <trkpt lat="43.11199106276035" lon="-71.83358735404909">
        <ele>261.37</ele>
      </trkpt>
      <trkpt lat="43.11197580769658" lon="-71.83364401571453">
        <ele>261.27</ele>
      </trkpt>
      <trkpt lat="43.11196055263281" lon="-71.83370067737997">
        <ele>261.2</ele>
      </trkpt>
      <trkpt lat="43.11194529756904" lon="-71.83375725522637">
        <ele>261.16</ele>
      </trkpt>
      <trkpt lat="43.111914452165365" lon="-71.83387166820467">
        <ele>261.16</ele>
      </trkpt>
      <trkpt lat="43.111899280920625" lon="-71.8339283298701">
        <ele>261.2</ele>
      </trkpt>
      <trkpt lat="43.11186877079308" lon="-71.83404156938195">
        <ele>261.34</ele>
      </trkpt>
      <trkpt lat="43.11180775053799" lon="-71.83426813222468">
        <ele>261.72</ele>
      </trkpt>
      <trkpt lat="43.11177698895335" lon="-71.83438254520297">
        <ele>261.61</ele>
      </trkpt>
      <trkpt lat="43.111745808273554" lon="-71.8344981316477">
        <ele>261.53</ele>
      </trkpt>
      <trkpt lat="43.111739940941334" lon="-71.83451992459595">
        <ele>261.52</ele>
      </trkpt>
      <trkpt lat="43.11172250658274" lon="-71.83461698703468">
        <ele>261.5</ele>
      </trkpt>
      <trkpt lat="43.11170121654868" lon="-71.83473542332649">
        <ele>261.54</ele>
      </trkpt>
      <trkpt lat="43.11167967505753" lon="-71.83485503308475">
        <ele>261.68</ele>
      </trkpt>
      <trkpt lat="43.111669113859534" lon="-71.83491362258792">
        <ele>261.8</ele>
      </trkpt>
      <trkpt lat="43.11165830120444" lon="-71.83497346937656">
        <ele>261.95</ele>
      </trkpt>
      <trkpt lat="43.11164991930127" lon="-71.83501998893917">
        <ele>262.09</ele>
      </trkpt>
      <trkpt lat="43.111648075282574" lon="-71.83503339998424">
        <ele>262.13</ele>
      </trkpt>
      <trkpt lat="43.11163944192231" lon="-71.83509383350611">
        <ele>262.36</ele>
      </trkpt>
      <trkpt lat="43.11163080856204" lon="-71.83515426702797">
        <ele>262.62</ele>
      </trkpt>
      <trkpt lat="43.11162234283984" lon="-71.8352135270834">
        <ele>262.91</ele>
      </trkpt>
      <trkpt lat="43.11161370947957" lon="-71.83527396060526">
        <ele>263.24</ele>
      </trkpt>
      <trkpt lat="43.111605076119304" lon="-71.83533439412713">
        <ele>263.6</ele>
      </trkpt>
      <trkpt lat="43.111596358940005" lon="-71.835394827649">
        <ele>263.98</ele>
      </trkpt>
      <trkpt lat="43.111579259857535" lon="-71.83551452122629">
        <ele>264.8</ele>
      </trkpt>
      <trkpt lat="43.111561993137" lon="-71.83563547208905">
        <ele>265.69</ele>
      </trkpt>
      <trkpt lat="43.11155998148024" lon="-71.83564997278154">
        <ele>265.8</ele>
      </trkpt>
      <trkpt lat="43.11152905225754" lon="-71.83574837632477">
        <ele>266.62</ele>
      </trkpt>
      <trkpt lat="43.11149384826422" lon="-71.83586044237018">
        <ele>267.81</ele>
      </trkpt>
      <trkpt lat="43.11147641390562" lon="-71.83591584675014">
        <ele>268.44</ele>
      </trkpt>
      <trkpt lat="43.1114499270916" lon="-71.83599991723895">
        <ele>269.43</ele>
      </trkpt>
      <trkpt lat="43.11138354241848" lon="-71.83619362302125">
        <ele>271.77</ele>
      </trkpt>
      <trkpt lat="43.111345656216145" lon="-71.83630401268601">
        <ele>273.04</ele>
      </trkpt>
      <trkpt lat="43.11128907836974" lon="-71.83646896854043">
        <ele>274.84</ele>
      </trkpt>
      <trkpt lat="43.1112511921674" lon="-71.8365793582052">
        <ele>275.94</ele>
      </trkpt>
      <trkpt lat="43.11123250052333" lon="-71.83663400821388">
        <ele>276.44</ele>
      </trkpt>
      <trkpt lat="43.1112133897841" lon="-71.83668974786997">
        <ele>276.9</ele>
      </trkpt>
      <trkpt lat="43.11119461432099" lon="-71.83674439787865">
        <ele>277.3</ele>
      </trkpt>
      <trkpt lat="43.11117550358176" lon="-71.83680013753474">
        <ele>277.65</ele>
      </trkpt>
      <trkpt lat="43.11115672811866" lon="-71.83685478754342">
        <ele>277.95</ele>
      </trkpt>
      <trkpt lat="43.11113761737943" lon="-71.8369105271995">
        <ele>278.19</ele>
      </trkpt>
      <trkpt lat="43.111118925735354" lon="-71.83696517720819">
        <ele>278.39</ele>
      </trkpt>
      <trkpt lat="43.11109981499612" lon="-71.83702091686428">
        <ele>278.54</ele>
      </trkpt>
      <trkpt lat="43.11108103953302" lon="-71.83707556687295">
        <ele>278.64</ele>
      </trkpt>
      <trkpt lat="43.11106192879379" lon="-71.83713130652905">
        <ele>278.67</ele>
      </trkpt>
      <trkpt lat="43.111043153330684" lon="-71.83718595653772">
        <ele>278.64</ele>
      </trkpt>
      <trkpt lat="43.111023707315326" lon="-71.83724278584123">
        <ele>278.56</ele>
      </trkpt>
      <trkpt lat="43.11100535094738" lon="-71.83729634620249">
        <ele>278.43</ele>
      </trkpt>
      <trkpt lat="43.11098615638912" lon="-71.83735208585858">
        <ele>278.27</ele>
      </trkpt>
      <trkpt lat="43.110967464745045" lon="-71.83740665204823">
        <ele>278.07</ele>
      </trkpt>
      <trkpt lat="43.11094868928194" lon="-71.83746130205691">
        <ele>277.84</ele>
      </trkpt>
      <trkpt lat="43.11092999763787" lon="-71.83751595206559">
        <ele>277.58</ele>
      </trkpt>
      <trkpt lat="43.110891776159406" lon="-71.83762743137777">
        <ele>276.98</ele>
      </trkpt>
      <trkpt lat="43.11085388995707" lon="-71.83773782104254">
        <ele>276.24</ele>
      </trkpt>
      <trkpt lat="43.11079731211066" lon="-71.83790286071599">
        <ele>274.94</ele>
      </trkpt>
      <trkpt lat="43.11075942590833" lon="-71.83801325038075">
        <ele>274.02</ele>
      </trkpt>
      <trkpt lat="43.11073997989297" lon="-71.83806999586523">
        <ele>273.52</ele>
      </trkpt>
      <trkpt lat="43.11071768403053" lon="-71.83812079019845">
        <ele>273.06</ele>
      </trkpt>
      <trkpt lat="43.11055725440383" lon="-71.83848598971963">
        <ele>269.61</ele>
      </trkpt>
      <trkpt lat="43.11051132157445" lon="-71.83859051205218">
        <ele>268.71</ele>
      </trkpt>
      <trkpt lat="43.1104654725641" lon="-71.8386949505657">
        <ele>267.9</ele>
      </trkpt>
      <trkpt lat="43.110442254692316" lon="-71.83874775655568">
        <ele>267.53</ele>
      </trkpt>
      <trkpt lat="43.11041953973472" lon="-71.83879947289824">
        <ele>267.19</ele>
      </trkpt>
      <trkpt lat="43.11039640568197" lon="-71.83885227888823">
        <ele>266.89</ele>
      </trkpt>
      <trkpt lat="43.11037369072437" lon="-71.8389039952308">
        <ele>266.62</ele>
      </trkpt>
      <trkpt lat="43.11035047285259" lon="-71.83895680122077">
        <ele>266.38</ele>
      </trkpt>
      <trkpt lat="43.11032775789499" lon="-71.83900851756334">
        <ele>266.17</ele>
      </trkpt>
      <trkpt lat="43.11030454002321" lon="-71.83906123973429">
        <ele>266.0</ele>
      </trkpt>
      <trkpt lat="43.11028182506561" lon="-71.83911303989589">
        <ele>265.86</ele>
      </trkpt>
      <trkpt lat="43.11025869101286" lon="-71.83916576206684">
        <ele>265.76</ele>
      </trkpt>
      <trkpt lat="43.110235976055264" lon="-71.83921747840941">
        <ele>265.69</ele>
      </trkpt>
      <trkpt lat="43.11021326109767" lon="-71.83926919475198">
        <ele>265.66</ele>
      </trkpt>
      <trkpt lat="43.110190043225884" lon="-71.83932200074196">
        <ele>265.66</ele>
      </trkpt>
      <trkpt lat="43.11016732826829" lon="-71.83937371708453">
        <ele>265.71</ele>
      </trkpt>
      <trkpt lat="43.110144194215536" lon="-71.83942652307451">
        <ele>265.79</ele>
      </trkpt>
      <trkpt lat="43.11012147925794" lon="-71.83947823941708">
        <ele>265.91</ele>
      </trkpt>
      <trkpt lat="43.110098261386156" lon="-71.83953104540706">
        <ele>266.07</ele>
      </trkpt>
      <trkpt lat="43.110089963302016" lon="-71.83954998850822">
        <ele>266.14</ele>
      </trkpt>
      <trkpt lat="43.110074792057276" lon="-71.83958209119737">
        <ele>266.27</ele>
      </trkpt>
      <trkpt lat="43.11005048453808" lon="-71.83963389135897">
        <ele>266.5</ele>
      </trkpt>
      <trkpt lat="43.11002659611404" lon="-71.83968460187316">
        <ele>266.77</ele>
      </trkpt>
      <trkpt lat="43.11000220477581" lon="-71.83973640203476">
        <ele>267.08</ele>
      </trkpt>
      <trkpt lat="43.109954008832574" lon="-71.83983891271055">
        <ele>267.81</ele>
      </trkpt>
      <trkpt lat="43.10992995277047" lon="-71.83988995850086">
        <ele>268.22</ele>
      </trkpt>
      <trkpt lat="43.10990162193775" lon="-71.83993731625378">
        <ele>268.65</ele>
      </trkpt>
      <trkpt lat="43.10984579846263" lon="-71.84003069065511">
        <ele>269.59</ele>
      </trkpt>
      <trkpt lat="43.109789388254285" lon="-71.84012507088482">
        <ele>270.5</ele>
      </trkpt>
      <trkpt lat="43.109761476516724" lon="-71.84017175808549">
        <ele>270.98</ele>
      </trkpt>
      <trkpt lat="43.109676567837596" lon="-71.84031374752522">
        <ele>272.51</ele>
      </trkpt>
      <trkpt lat="43.10959224589169" lon="-71.84045481495559">
        <ele>274.14</ele>
      </trkpt>
      <trkpt lat="43.10947992838919" lon="-71.84064256958663">
        <ele>276.41</ele>
      </trkpt>
      <trkpt lat="43.10939736664295" lon="-71.8407807033509">
        <ele>278.43</ele>
      </trkpt>
      <trkpt lat="43.109349925071" lon="-71.8408599961549">
        <ele>279.49</ele>
      </trkpt>
      <trkpt lat="43.10931354761124" lon="-71.84091757982969">
        <ele>280.29</ele>
      </trkpt>
      <trkpt lat="43.10922713018954" lon="-71.84105462394655">
        <ele>281.86</ele>
      </trkpt>
      <trkpt lat="43.10916954651475" lon="-71.84114598669112">
        <ele>282.81</ele>
      </trkpt>
      <trkpt lat="43.10914071276784" lon="-71.84119158424437">
        <ele>283.25</ele>
      </trkpt>
      <trkpt lat="43.10908304527402" lon="-71.84128294698894">
        <ele>284.05</ele>
      </trkpt>
      <trkpt lat="43.10905421152711" lon="-71.84132862836123">
        <ele>284.41</ele>
      </trkpt>
      <trkpt lat="43.10902487486601" lon="-71.84137523174286">
        <ele>284.73</ele>
      </trkpt>
      <trkpt lat="43.1089960411191" lon="-71.84142091311514">
        <ele>285.02</ele>
      </trkpt>
      <trkpt lat="43.10896720737219" lon="-71.84146659448743">
        <ele>285.28</ele>
      </trkpt>
      <trkpt lat="43.10893837362528" lon="-71.84151219204068">
        <ele>285.51</ele>
      </trkpt>
      <trkpt lat="43.1089096236974" lon="-71.84155787341297">
        <ele>285.71</ele>
      </trkpt>
      <trkpt lat="43.10882312245667" lon="-71.84169491752982">
        <ele>286.21</ele>
      </trkpt>
      <trkpt lat="43.10879437252879" lon="-71.8417405989021">
        <ele>286.34</ele>
      </trkpt>
      <trkpt lat="43.10873670503497" lon="-71.84183187782764">
        <ele>286.55</ele>
      </trkpt>
      <trkpt lat="43.10864970088005" lon="-71.84196984395385">
        <ele>286.82</ele>
      </trkpt>
      <trkpt lat="43.10859203338623" lon="-71.84206120669842">
        <ele>287.03</ele>
      </trkpt>
      <trkpt lat="43.10853444971144" lon="-71.84215248562396">
        <ele>287.28</ele>
      </trkpt>
      <trkpt lat="43.10836329124868" lon="-71.84242372401059">
        <ele>288.16</ele>
      </trkpt>
      <trkpt lat="43.10828994959593" lon="-71.84253998100758">
        <ele>288.56</ele>
      </trkpt>
      <trkpt lat="43.10825273394585" lon="-71.84260217472911">
        <ele>288.78</ele>
      </trkpt>
      <trkpt lat="43.10819858685136" lon="-71.84269269928336">
        <ele>289.04</ele>
      </trkpt>
      <trkpt lat="43.10814443975687" lon="-71.84278322383761">
        <ele>289.24</ele>
      </trkpt>
      <trkpt lat="43.1081170309335" lon="-71.8428289052099">
        <ele>289.32</ele>
      </trkpt>
      <trkpt lat="43.10809029266238" lon="-71.84287374839187">
        <ele>289.39</ele>
      </trkpt>
      <trkpt lat="43.108036145567894" lon="-71.84296418912709">
        <ele>289.49</ele>
      </trkpt>
      <trkpt lat="43.10797914862633" lon="-71.84305949136615">
        <ele>289.38</ele>
      </trkpt>
      <trkpt lat="43.107950650155544" lon="-71.8431071843952">
        <ele>289.3</ele>
      </trkpt>
      <trkpt lat="43.10792215168476" lon="-71.84315479360521">
        <ele>289.18</ele>
      </trkpt>
      <trkpt lat="43.10789365321398" lon="-71.84320240281522">
        <ele>289.03</ele>
      </trkpt>
      <trkpt lat="43.10786507092416" lon="-71.84325009584427">
        <ele>288.86</ele>
      </trkpt>
      <trkpt lat="43.10783657245338" lon="-71.84329770505428">
        <ele>288.66</ele>
      </trkpt>
      <trkpt lat="43.107808073982596" lon="-71.8433453142643">
        <ele>288.44</ele>
      </trkpt>
      <trkpt lat="43.10775107704103" lon="-71.84344061650336">
        <ele>287.95</ele>
      </trkpt>
      <trkpt lat="43.10769408009946" lon="-71.84353591874242">
        <ele>287.42</ele>
      </trkpt>
      <trkpt lat="43.10758997686207" lon="-71.84370992705226">
        <ele>286.41</ele>
      </trkpt>
      <trkpt lat="43.107554437592626" lon="-71.8437771499157">
        <ele>286.04</ele>
      </trkpt>
      <trkpt lat="43.10747539624572" lon="-71.84392685070634">
        <ele>285.28</ele>
      </trkpt>
      <trkpt lat="43.10742267407477" lon="-71.84402659535408">
        <ele>284.82</ele>
      </trkpt>
      <trkpt lat="43.10736995190382" lon="-71.84412642382085">
        <ele>284.41</ele>
      </trkpt>
      <trkpt lat="43.10731722973287" lon="-71.8442261684686">
        <ele>284.05</ele>
      </trkpt>
      <trkpt lat="43.10730993747711" lon="-71.84423999860883">
        <ele>284.0</ele>
      </trkpt>
      <trkpt lat="43.10728881508112" lon="-71.84427394531667">
        <ele>283.9</ele>
      </trkpt>
      <trkpt lat="43.10725964605808" lon="-71.8443208001554">
        <ele>283.76</ele>
      </trkpt>
      <trkpt lat="43.10720130801201" lon="-71.84441450983286">
        <ele>283.56</ele>
      </trkpt>
      <trkpt lat="43.10717213898897" lon="-71.84446144849062">
        <ele>283.49</ele>
      </trkpt>
      <trkpt lat="43.1071138009429" lon="-71.84455515816808">
        <ele>283.4</ele>
      </trkpt>
      <trkpt lat="43.107056049630046" lon="-71.84464794583619">
        <ele>283.36</ele>
      </trkpt>
      <trkpt lat="43.10702998191118" lon="-71.84468993917108">
        <ele>283.36</ele>
      </trkpt>
      <trkpt lat="43.10700190253556" lon="-71.84474609792233">
        <ele>283.38</ele>
      </trkpt>
      <trkpt lat="43.10697650536895" lon="-71.84479689225554">
        <ele>283.41</ele>
      </trkpt>
      <trkpt lat="43.10692571103573" lon="-71.84489856474102">
        <ele>283.57</ele>
      </trkpt>
      <trkpt lat="43.10690023005009" lon="-71.84494935907423">
        <ele>283.7</ele>
      </trkpt>
      <trkpt lat="43.10687483288348" lon="-71.84500015340745">
        <ele>283.86</ele>
      </trkpt>
      <trkpt lat="43.10684943571687" lon="-71.84505094774067">
        <ele>284.07</ele>
      </trkpt>
      <trkpt lat="43.10682998970151" lon="-71.84508992359042">
        <ele>284.24</ele>
      </trkpt>
      <trkpt lat="43.10682504437864" lon="-71.84510258026421">
        <ele>284.3</ele>
      </trkpt>
      <trkpt lat="43.10678254812956" lon="-71.84521120972931">
        <ele>284.86</ele>
      </trkpt>
      <trkpt lat="43.10673996806145" lon="-71.84531992301345">
        <ele>285.52</ele>
      </trkpt>
      <trkpt lat="43.10673996806145" lon="-71.84531992301345">
        <ele>285.52</ele>
      </trkpt>
      <trkpt lat="43.10663611628115" lon="-71.84566081501544">
        <ele>287.71</ele>
      </trkpt>
      <trkpt lat="43.10654953122139" lon="-71.84594496153295">
        <ele>289.39</ele>
      </trkpt>
      <trkpt lat="43.10649764724076" lon="-71.84611553326249">
        <ele>290.5</ele>
      </trkpt>
      <trkpt lat="43.10646294616163" lon="-71.8462291918695">
        <ele>291.29</ele>
      </trkpt>
      <trkpt lat="43.106445679441094" lon="-71.846286021173">
        <ele>291.71</ele>
      </trkpt>
      <trkpt lat="43.10635909438133" lon="-71.84657025150955">
        <ele>293.86</ele>
      </trkpt>
      <trkpt lat="43.10627996921539" lon="-71.8468299228698">
        <ele>295.93</ele>
      </trkpt>
      <trkpt lat="43.106271252036095" lon="-71.84685221873224">
        <ele>296.12</ele>
      </trkpt>
      <trkpt lat="43.10622883960605" lon="-71.84696084819734">
        <ele>296.97</ele>
      </trkpt>
      <trkpt lat="43.10620763339102" lon="-71.84701524674892">
        <ele>297.37</ele>
      </trkpt>
      <trkpt lat="43.106186427176" lon="-71.84706956148148">
        <ele>297.75</ele>
      </trkpt>
      <trkpt lat="43.106165304780006" lon="-71.84712387621403">
        <ele>298.1</ele>
      </trkpt>
      <trkpt lat="43.10614409856498" lon="-71.84717819094658">
        <ele>298.42</ele>
      </trkpt>
      <trkpt lat="43.10611995868385" lon="-71.84723996557295">
        <ele>298.72</ele>
      </trkpt>
      <trkpt lat="43.10611995868385" lon="-71.84723996557295">
        <ele>298.72</ele>
      </trkpt>
      <trkpt lat="43.10610738582909" lon="-71.84729017317295">
        <ele>298.99</ele>
      </trkpt>
      <trkpt lat="43.106078300625086" lon="-71.84740676544607">
        <ele>299.48</ele>
      </trkpt>
      <trkpt lat="43.106029937043786" lon="-71.84759996831417">
        <ele>300.17</ele>
      </trkpt>
      <trkpt lat="43.10601593926549" lon="-71.84782602824271">
        <ele>300.95</ele>
      </trkpt>
      <trkpt lat="43.10599314048886" lon="-71.84819424524903">
        <ele>302.33</ele>
      </trkpt>
      <trkpt lat="43.105989368632436" lon="-71.84825560078025">
        <ele>302.54</ele>
      </trkpt>
      <trkpt lat="43.10598551295698" lon="-71.84831695631146">
        <ele>302.72</ele>
      </trkpt>
      <trkpt lat="43.10598174110055" lon="-71.84837839566171">
        <ele>302.85</ele>
      </trkpt>
      <trkpt lat="43.10597796924412" lon="-71.84843975119293">
        <ele>302.95</ele>
      </trkpt>
      <trkpt lat="43.105974113568664" lon="-71.84850110672414">
        <ele>303.01</ele>
      </trkpt>
      <trkpt lat="43.105970341712236" lon="-71.84856246225536">
        <ele>303.04</ele>
      </trkpt>
      <trkpt lat="43.10596656985581" lon="-71.84862381778657">
        <ele>303.04</ele>
      </trkpt>
      <trkpt lat="43.105959948152304" lon="-71.84872993268073">
        <ele>302.99</ele>
      </trkpt>
      <trkpt lat="43.10595978051424" lon="-71.84874661266804">
        <ele>302.99</ele>
      </trkpt>
      <trkpt lat="43.105956595391035" lon="-71.84899295680225">
        <ele>302.84</ele>
      </trkpt>
      <trkpt lat="43.105955086648464" lon="-71.84911608695984">
        <ele>302.82</ele>
      </trkpt>
      <trkpt lat="43.10595349408686" lon="-71.84923804365098">
        <ele>302.89</ele>
      </trkpt>
      <trkpt lat="43.10595039278269" lon="-71.8494843877852">
        <ele>303.16</ele>
      </trkpt>
      <trkpt lat="43.10594997368753" lon="-71.84951992705464">
        <ele>303.2</ele>
      </trkpt>
      <trkpt lat="43.10595441609621" lon="-71.84960735030472">
        <ele>303.33</ele>
      </trkpt>
      <trkpt lat="43.10596061870456" lon="-71.84973022900522">
        <ele>303.55</ele>
      </trkpt>
      <trkpt lat="43.10597310774028" lon="-71.8499759864062">
        <ele>304.1</ele>
      </trkpt>
      <trkpt lat="43.10597939416766" lon="-71.8500988651067">
        <ele>304.44</ele>
      </trkpt>
      <trkpt lat="43.105982495471835" lon="-71.85016030445695">
        <ele>304.63</ele>
      </trkpt>
      <trkpt lat="43.10598869808018" lon="-71.85028318315744">
        <ele>305.07</ele>
      </trkpt>
      <trkpt lat="43.10599498450756" lon="-71.85040606185794">
        <ele>305.63</ele>
      </trkpt>
      <trkpt lat="43.105998085811734" lon="-71.85046750120819">
        <ele>305.95</ele>
      </trkpt>
      <trkpt lat="43.10600118711591" lon="-71.85052894055843">
        <ele>306.31</ele>
      </trkpt>
      <trkpt lat="43.10600428842008" lon="-71.85059037990868">
        <ele>306.7</ele>
      </trkpt>
      <trkpt lat="43.106007473543286" lon="-71.85065181925893">
        <ele>307.13</ele>
      </trkpt>
      <trkpt lat="43.10601057484746" lon="-71.85071325860918">
        <ele>307.6</ele>
      </trkpt>
      <trkpt lat="43.10601367615163" lon="-71.85077469795942">
        <ele>308.12</ele>
      </trkpt>
      <trkpt lat="43.10601987875998" lon="-71.85089757665992">
        <ele>309.24</ele>
      </trkpt>
      <trkpt lat="43.10602616518736" lon="-71.85102045536041">
        <ele>310.45</ele>
      </trkpt>
      <trkpt lat="43.106032367795706" lon="-71.85114333406091">
        <ele>311.77</ele>
      </trkpt>
      <trkpt lat="43.106038654223084" lon="-71.8512662127614">
        <ele>313.17</ele>
      </trkpt>
      <trkpt lat="43.10604485683143" lon="-71.8513890914619">
        <ele>314.67</ele>
      </trkpt>
      <trkpt lat="43.106047958135605" lon="-71.85145053081214">
        <ele>315.45</ele>
      </trkpt>
      <trkpt lat="43.10605424456298" lon="-71.85157349333167">
        <ele>317.1</ele>
      </trkpt>
      <trkpt lat="43.106057262048125" lon="-71.85163367539644">
        <ele>317.96</ele>
      </trkpt>
      <trkpt lat="43.106063548475504" lon="-71.85175655409694">
        <ele>319.76</ele>
      </trkpt>
      <trkpt lat="43.10607997700572" lon="-71.8520799279213">
        <ele>324.74</ele>
      </trkpt>
      <trkpt lat="43.106097830459476" lon="-71.85224672779441">
        <ele>327.33</ele>
      </trkpt>
      <trkpt lat="43.106109984219074" lon="-71.85235996730626">
        <ele>329.17</ele>
      </trkpt>
      <trkpt lat="43.10611140914261" lon="-71.85236843302846">
        <ele>329.17</ele>
      </trkpt>
      <trkpt lat="43.10613135807216" lon="-71.85248854570091">
        <ele>330.92</ele>
      </trkpt>
      <trkpt lat="43.10614141635597" lon="-71.85254856012762">
        <ele>331.73</ele>
      </trkpt>
      <trkpt lat="43.10615139082074" lon="-71.85260865837336">
        <ele>332.49</ele>
      </trkpt>
      <trkpt lat="43.10616144910455" lon="-71.85266867280006">
        <ele>333.2</ele>
      </trkpt>
      <trkpt lat="43.10617142356932" lon="-71.85272868722677">
        <ele>333.87</ele>
      </trkpt>
      <trkpt lat="43.106181398034096" lon="-71.85278878547251">
        <ele>334.48</ele>
      </trkpt>
      <trkpt lat="43.10618994757533" lon="-71.85283999890089">
        <ele>335.05</ele>
      </trkpt>
      <trkpt lat="43.106192545965314" lon="-71.85284829698503">
        <ele>335.05</ele>
      </trkpt>
      <trkpt lat="43.10621039941907" lon="-71.85290487483144">
        <ele>335.58</ele>
      </trkpt>
      <trkpt lat="43.10622816905379" lon="-71.85296145267785">
        <ele>336.07</ele>
      </trkpt>
      <trkpt lat="43.10626370832324" lon="-71.85307460837066">
        <ele>336.95</ele>
      </trkpt>
      <trkpt lat="43.10629991814494" lon="-71.8531899433583">
        <ele>337.73</ele>
      </trkpt>
      <trkpt lat="43.10629991814494" lon="-71.8531899433583">
        <ele>337.73</ele>
      </trkpt>
      <trkpt lat="43.10643620789051" lon="-71.85350610874593">
        <ele>339.88</ele>
      </trkpt>
      <trkpt lat="43.10654995031655" lon="-71.85376997105777">
        <ele>341.79</ele>
      </trkpt>
      <trkpt lat="43.10656336136162" lon="-71.85383032076061">
        <ele>342.19</ele>
      </trkpt>
      <trkpt lat="43.10658926144242" lon="-71.85394699685276">
        <ele>342.9</ele>
      </trkpt>
      <trkpt lat="43.10660183429718" lon="-71.85400357469916">
        <ele>343.1</ele>
      </trkpt>
      <trkpt lat="43.10660996474326" lon="-71.85403995215893">
        <ele>343.2</ele>
      </trkpt>
      <trkpt lat="43.106612395495176" lon="-71.8540607392788">
        <ele>343.27</ele>
      </trkpt>
      <trkpt lat="43.10661926865578" lon="-71.8541191611439">
        <ele>343.41</ele>
      </trkpt>
      <trkpt lat="43.10662630945444" lon="-71.85417875647545">
        <ele>343.49</ele>
      </trkpt>
      <trkpt lat="43.10662999749184" lon="-71.85420993715525">
        <ele>343.51</ele>
      </trkpt>
      <trkpt lat="43.10662731528282" lon="-71.85423600487411">
        <ele>343.53</ele>
      </trkpt>
      <trkpt lat="43.10662136413157" lon="-71.85429451055825">
        <ele>343.54</ele>
      </trkpt>
      <trkpt lat="43.106609378010035" lon="-71.85441286303103">
        <ele>343.49</ele>
      </trkpt>
      <trkpt lat="43.106567887589335" lon="-71.85482282191515">
        <ele>343.16</ele>
      </trkpt>
      <trkpt lat="43.10654416680336" lon="-71.8550570961088">
        <ele>343.02</ele>
      </trkpt>
      <trkpt lat="43.1065318454057" lon="-71.85517913661897">
        <ele>343.18</ele>
      </trkpt>
      <trkpt lat="43.106519440189004" lon="-71.85530117712915">
        <ele>343.39</ele>
      </trkpt>
      <trkpt lat="43.10650711879134" lon="-71.8554231338203">
        <ele>343.66</ele>
      </trkpt>
      <trkpt lat="43.10649471357465" lon="-71.85554517433047">
        <ele>343.99</ele>
      </trkpt>
      <trkpt lat="43.10647618956864" lon="-71.85572815127671">
        <ele>344.59</ele>
      </trkpt>
      <trkpt lat="43.10646998696029" lon="-71.85578992590308">
        <ele>344.83</ele>
      </trkpt>
      <trkpt lat="43.10646998696029" lon="-71.8559699691832">
        <ele>345.54</ele>
      </trkpt>
      <trkpt lat="43.10647090896964" lon="-71.85597374103963">
        <ele>345.54</ele>
      </trkpt>
      <trkpt lat="43.106485074386" lon="-71.85603216290474">
        <ele>345.76</ele>
      </trkpt>
      <trkpt lat="43.10651348903775" lon="-71.85614909045398">
        <ele>346.14</ele>
      </trkpt>
      <trkpt lat="43.106527738273144" lon="-71.85620751231909">
        <ele>346.31</ele>
      </trkpt>
      <trkpt lat="43.106556152924895" lon="-71.8563243560493">
        <ele>346.58</ele>
      </trkpt>
      <trkpt lat="43.10655992478132" lon="-71.8563399463892">
        <ele>346.6</ele>
      </trkpt>
      <trkpt lat="43.10657987371087" lon="-71.8563759047538">
        <ele>346.69</ele>
      </trkpt>
      <trkpt lat="43.106661261990666" lon="-71.85652325861156">
        <ele>346.9</ele>
      </trkpt>
      <trkpt lat="43.10671557672322" lon="-71.8566214106977">
        <ele>347.0</ele>
      </trkpt>
      <trkpt lat="43.10676989145577" lon="-71.85671964660287">
        <ele>347.07</ele>
      </trkpt>
      <trkpt lat="43.10682420618832" lon="-71.85681779868901">
        <ele>347.09</ele>
      </trkpt>
      <trkpt lat="43.10687852092087" lon="-71.85691603459418">
        <ele>347.07</ele>
      </trkpt>
      <trkpt lat="43.10693275183439" lon="-71.85701418668032">
        <ele>347.02</ele>
      </trkpt>
      <trkpt lat="43.10702998191118" lon="-71.85718995518982">
        <ele>346.89</ele>
      </trkpt>
      <trkpt lat="43.10706300660968" lon="-71.85726480558515">
        <ele>346.84</ele>
      </trkpt>
      <trkpt lat="43.10717993415892" lon="-71.85752992518246">
        <ele>346.73</ele>
      </trkpt>
      <trkpt lat="43.10725998133421" lon="-71.8577699828893">
        <ele>346.65</ele>
      </trkpt>
      <trkpt lat="43.10730800963938" lon="-71.85798606835306">
        <ele>346.58</ele>
      </trkpt>
      <trkpt lat="43.10733416117728" lon="-71.85810383409262">
        <ele>346.5</ele>
      </trkpt>
      <trkpt lat="43.107339944690466" lon="-71.85812998563051">
        <ele>346.46</ele>
      </trkpt>
      <trkpt lat="43.10735343955457" lon="-71.85822411440313">
        <ele>346.35</ele>
      </trkpt>
      <trkpt lat="43.10736207291484" lon="-71.858284547925">
        <ele>346.24</ele>
      </trkpt>
      <trkpt lat="43.10736995190382" lon="-71.85833995230496">
        <ele>346.1</ele>
      </trkpt>
      <trkpt lat="43.10736995190382" lon="-71.8583450652659">
        <ele>346.1</ele>
      </trkpt>
      <trkpt lat="43.10736995190382" lon="-71.85846827924252">
        <ele>345.77</ele>
      </trkpt>
      <trkpt lat="43.10736995190382" lon="-71.85852997004986">
        <ele>345.55</ele>
      </trkpt>
      <trkpt lat="43.10735620558262" lon="-71.858588475734">
        <ele>345.35</ele>
      </trkpt>
      <trkpt lat="43.10732997022569" lon="-71.85869995504618">
        <ele>344.88</ele>
      </trkpt>
      <trkpt lat="43.107327623292804" lon="-71.85870506800711">
        <ele>344.88</ele>
      </trkpt>
      <trkpt lat="43.107303734868765" lon="-71.85875728726387">
        <ele>344.61</ele>
      </trkpt>
      <trkpt lat="43.107255874201655" lon="-71.85886155813932">
        <ele>344.02</ele>
      </trkpt>
      <trkpt lat="43.10723198577762" lon="-71.85891377739608">
        <ele>343.7</ele>
      </trkpt>
      <trkpt lat="43.10721999965608" lon="-71.85893992893398">
        <ele>343.52</ele>
      </trkpt>
      <trkpt lat="43.107206001877785" lon="-71.85896390117705">
        <ele>343.35</ele>
      </trkpt>
      <trkpt lat="43.10706552118063" lon="-71.85920429416001">
        <ele>341.39</ele>
      </trkpt>
      <trkpt lat="43.10700927861035" lon="-71.85930051840842">
        <ele>340.65</ele>
      </trkpt>
      <trkpt lat="43.1069531198591" lon="-71.8593966588378">
        <ele>339.96</ele>
      </trkpt>
      <trkpt lat="43.106813225895166" lon="-71.8596361298114">
        <ele>338.33</ele>
      </trkpt>
      <trkpt lat="43.106756983324885" lon="-71.85973235405982">
        <ele>337.64</ele>
      </trkpt>
      <trkpt lat="43.10672890394926" lon="-71.85978038236499">
        <ele>337.26</ele>
      </trkpt>
      <trkpt lat="43.10669998638332" lon="-71.85982991941273">
        <ele>336.82</ele>
      </trkpt>
      <trkpt lat="43.10667475685477" lon="-71.85987861827016">
        <ele>336.42</ele>
      </trkpt>
      <trkpt lat="43.106622621417046" lon="-71.85997903347015">
        <ele>335.48</ele>
      </trkpt>
      <trkpt lat="43.10657056979835" lon="-71.86007953248918">
        <ele>334.47</ele>
      </trkpt>
      <trkpt lat="43.106518518179655" lon="-71.86017994768918">
        <ele>333.42</ele>
      </trkpt>
      <trkpt lat="43.10641994699836" lon="-71.86036996543407">
        <ele>331.33</ele>
      </trkpt>
      <trkpt lat="43.10638482682407" lon="-71.86042729765177">
        <ele>330.66</ele>
      </trkpt>
      <trkpt lat="43.106326991692185" lon="-71.86052159406245">
        <ele>329.59</ele>
      </trkpt>
      <trkpt lat="43.10629799030721" lon="-71.8605687841773">
        <ele>329.1</ele>
      </trkpt>
      <trkpt lat="43.10626907274127" lon="-71.86061589047313">
        <ele>328.64</ele>
      </trkpt>
      <trkpt lat="43.106211237609386" lon="-71.86071027070284">
        <ele>327.79</ele>
      </trkpt>
      <trkpt lat="43.1061534024775" lon="-71.86080456711352">
        <ele>326.99</ele>
      </trkpt>
      <trkpt lat="43.10609556734562" lon="-71.8608988635242">
        <ele>326.26</ele>
      </trkpt>
      <trkpt lat="43.106037732213736" lon="-71.86099315993488">
        <ele>325.61</ele>
      </trkpt>
      <trkpt lat="43.105959948152304" lon="-71.86111997812986">
        <ele>324.78</ele>
      </trkpt>
      <trkpt lat="43.10592767782509" lon="-71.86118753626943">
        <ele>324.38</ele>
      </trkpt>
      <trkpt lat="43.105878392234445" lon="-71.8612905498594">
        <ele>323.83</ele>
      </trkpt>
      <trkpt lat="43.10584997758269" lon="-71.86134997755289">
        <ele>323.54</ele>
      </trkpt>
      <trkpt lat="43.10583514161408" lon="-71.86139800585806">
        <ele>323.33</ele>
      </trkpt>
      <trkpt lat="43.105800272896886" lon="-71.86151158064604">
        <ele>322.87</ele>
      </trkpt>
      <trkpt lat="43.105769930407405" lon="-71.86160998418927">
        <ele>322.49</ele>
      </trkpt>
      <trkpt lat="43.105731373652816" lon="-71.86180276796222">
        <ele>321.8</ele>
      </trkpt>
      <trkpt lat="43.10568384826183" lon="-71.86204039491713">
        <ele>321.0</ele>
      </trkpt>
      <trkpt lat="43.10563632287085" lon="-71.86227802187204">
        <ele>320.16</ele>
      </trkpt>
      <trkpt lat="43.105612602084875" lon="-71.86239679343998">
        <ele>319.77</ele>
      </trkpt>
      <trkpt lat="43.105599945411086" lon="-71.8624599929899">
        <ele>319.57</ele>
      </trkpt>
      <trkpt lat="43.105550576001406" lon="-71.86275637708604">
        <ele>318.67</ele>
      </trkpt>
      <trkpt lat="43.105530543252826" lon="-71.86287648975849">
        <ele>318.35</ele>
      </trkpt>
      <trkpt lat="43.105509923771024" lon="-71.86299995519221">
        <ele>318.1</ele>
      </trkpt>
      <trkpt lat="43.105509923771024" lon="-71.86299995519221">
        <ele>318.1</ele>
      </trkpt>
      <trkpt lat="43.1054990272969" lon="-71.86311872676015">
        <ele>317.93</ele>
      </trkpt>
      <trkpt lat="43.10548779554665" lon="-71.86324093490839">
        <ele>317.84</ele>
      </trkpt>
      <trkpt lat="43.105482095852494" lon="-71.86330203898251">
        <ele>317.83</ele>
      </trkpt>
      <trkpt lat="43.10547647997737" lon="-71.86336314305663">
        <ele>317.84</ele>
      </trkpt>
      <trkpt lat="43.105470864102244" lon="-71.86342424713075">
        <ele>317.89</ele>
      </trkpt>
      <trkpt lat="43.10546524822712" lon="-71.86348535120487">
        <ele>317.97</ele>
      </trkpt>
      <trkpt lat="43.105453848838806" lon="-71.86360873281956">
        <ele>318.21</ele>
      </trkpt>
      <trkpt lat="43.10543993487954" lon="-71.86375994235277">
        <ele>318.62</ele>
      </trkpt>
      <trkpt lat="43.10543934814632" lon="-71.86379112303257">
        <ele>318.71</ele>
      </trkpt>
      <trkpt lat="43.10543708503246" lon="-71.86391425319016">
        <ele>319.11</ele>
      </trkpt>
      <trkpt lat="43.10543482191861" lon="-71.86403738334775">
        <ele>319.6</ele>
      </trkpt>
      <trkpt lat="43.105431385338306" lon="-71.86422212049365">
        <ele>320.44</ele>
      </trkpt>
      <trkpt lat="43.10542803257704" lon="-71.86440551653504">
        <ele>321.38</ele>
      </trkpt>
      <trkpt lat="43.10542576946318" lon="-71.86452747322619">
        <ele>321.98</ele>
      </trkpt>
      <trkpt lat="43.10542459599674" lon="-71.86458899639547">
        <ele>322.22</ele>
      </trkpt>
      <trkpt lat="43.105423506349325" lon="-71.86465060338378">
        <ele>322.39</ele>
      </trkpt>
      <trkpt lat="43.10542233288288" lon="-71.86471221037209">
        <ele>322.5</ele>
      </trkpt>
      <trkpt lat="43.10542115941644" lon="-71.86477373354137">
        <ele>322.54</ele>
      </trkpt>
      <trkpt lat="43.10541998594999" lon="-71.86483995057642">
        <ele>322.51</ele>
      </trkpt>
      <trkpt lat="43.10541998594999" lon="-71.86483995057642">
        <ele>322.51</ele>
      </trkpt>
      <trkpt lat="43.10543096624315" lon="-71.8648948520422">
        <ele>322.41</ele>
      </trkpt>
      <trkpt lat="43.10544278472662" lon="-71.86495427973568">
        <ele>322.26</ele>
      </trkpt>
      <trkpt lat="43.10545443557203" lon="-71.8650124501437">
        <ele>322.07</ele>
      </trkpt>
      <trkpt lat="43.10546633787453" lon="-71.86507187783718">
        <ele>321.83</ele>
      </trkpt>
      <trkpt lat="43.105478240177035" lon="-71.86513130553067">
        <ele>321.56</ele>
      </trkpt>
      <trkpt lat="43.10549014247954" lon="-71.86519073322415">
        <ele>321.25</ele>
      </trkpt>
      <trkpt lat="43.10550196096301" lon="-71.86525007709861">
        <ele>320.91</ele>
      </trkpt>
      <trkpt lat="43.105509923771024" lon="-71.8652899749577">
        <ele>320.66</ele>
      </trkpt>
      <trkpt lat="43.105509001761675" lon="-71.86531017534435">
        <ele>320.54</ele>
      </trkpt>
      <trkpt lat="43.105506068095565" lon="-71.8653716146946">
        <ele>320.14</ele>
      </trkpt>
      <trkpt lat="43.10549994930625" lon="-71.86549994163215">
        <ele>319.28</ele>
      </trkpt>
      <trkpt lat="43.10549994930625" lon="-71.86549994163215">
        <ele>319.28</ele>
      </trkpt>
      <trkpt lat="43.10547991655767" lon="-71.86558996327221">
        <ele>318.51</ele>
      </trkpt>
      <trkpt lat="43.10542467981577" lon="-71.86571435071528">
        <ele>317.41</ele>
      </trkpt>
      <trkpt lat="43.10537790879607" lon="-71.86581954360008">
        <ele>316.5</ele>
      </trkpt>
      <trkpt lat="43.10528486967087" lon="-71.86602892354131">
        <ele>314.84</ele>
      </trkpt>
      <trkpt lat="43.105279924348" lon="-71.8660399876535">
        <ele>314.75</ele>
      </trkpt>
      <trkpt lat="43.1052453070879" lon="-71.86613948084414">
        <ele>313.98</ele>
      </trkpt>
      <trkpt lat="43.10519996099174" lon="-71.86626998707652">
        <ele>312.81</ele>
      </trkpt>
      <trkpt lat="43.10519359074533" lon="-71.86630804091692">
        <ele>312.5</ele>
      </trkpt>
      <trkpt lat="43.10517355799675" lon="-71.86642815358937">
        <ele>311.4</ele>
      </trkpt>
      <trkpt lat="43.10512376949191" lon="-71.8667271360755">
        <ele>308.47</ele>
      </trkpt>
      <trkpt lat="43.10509376227856" lon="-71.86690726317465">
        <ele>306.79</ele>
      </trkpt>
      <trkpt lat="43.105079932138324" lon="-71.86698999255896">
        <ele>306.05</ele>
      </trkpt>
      <trkpt lat="43.105057049542665" lon="-71.86727170832455">
        <ele>303.59</ele>
      </trkpt>
      <trkpt lat="43.10503223910928" lon="-71.8675765581429">
        <ele>301.06</ele>
      </trkpt>
      <trkpt lat="43.105017403140664" lon="-71.86775894835591">
        <ele>299.74</ele>
      </trkpt>
      <trkpt lat="43.10500994324684" lon="-71.86784997582436">
        <ele>299.11</ele>
      </trkpt>
      <trkpt lat="43.105006758123636" lon="-71.86788124032319">
        <ele>298.9</ele>
      </trkpt>
      <trkpt lat="43.10500047169626" lon="-71.86794226057827">
        <ele>298.5</ele>
      </trkpt>
      <trkpt lat="43.104988150298595" lon="-71.86806295998394">
        <ele>297.75</ele>
      </trkpt>
      <trkpt lat="43.10496308840811" lon="-71.86830695718527">
        <ele>296.38</ele>
      </trkpt>
      <trkpt lat="43.10495076701045" lon="-71.86842774040997">
        <ele>295.74</ele>
      </trkpt>
      <trkpt lat="43.10491958633065" lon="-71.86873141676188">
        <ele>294.19</ele>
      </trkpt>
      <trkpt lat="43.10490097850561" lon="-71.86891322024167">
        <ele>293.2</ele>
      </trkpt>
      <trkpt lat="43.10488220304251" lon="-71.8690961971879">
        <ele>292.12</ele>
      </trkpt>
      <trkpt lat="43.10482621192932" lon="-71.86964261345565">
        <ele>288.71</ele>
      </trkpt>
      <trkpt lat="43.1048013176769" lon="-71.8698853533715">
        <ele>287.28</ele>
      </trkpt>
      <trkpt lat="43.1047825422138" lon="-71.87006833031774">
        <ele>286.31</ele>
      </trkpt>
      <trkpt lat="43.10475144535303" lon="-71.87037209048867">
        <ele>284.81</ele>
      </trkpt>
      <trkpt lat="43.10473904013634" lon="-71.87049287371337">
        <ele>284.19</ele>
      </trkpt>
      <trkpt lat="43.10471414588392" lon="-71.87073561362922">
        <ele>282.86</ele>
      </trkpt>
      <trkpt lat="43.10467676259577" lon="-71.87110031023622">
        <ele>280.76</ele>
      </trkpt>
      <trkpt lat="43.10465798713267" lon="-71.87128328718245">
        <ele>279.79</ele>
      </trkpt>
      <trkpt lat="43.104645581915975" lon="-71.87140398658812">
        <ele>279.18</ele>
      </trkpt>
      <trkpt lat="43.10463937930763" lon="-71.87146500684321">
        <ele>278.9</ele>
      </trkpt>
      <trkpt lat="43.10462077148259" lon="-71.871646810323">
        <ele>278.13</ele>
      </trkpt>
      <trkpt lat="43.10460233129561" lon="-71.87182609923184">
        <ele>277.23</ele>
      </trkpt>
      <trkpt lat="43.104583974927664" lon="-71.87200538814068">
        <ele>276.28</ele>
      </trkpt>
      <trkpt lat="43.10457173734903" lon="-71.8721249140799">
        <ele>275.61</ele>
      </trkpt>
      <trkpt lat="43.10455941595137" lon="-71.87224444001913">
        <ele>274.86</ele>
      </trkpt>
      <trkpt lat="43.104553297162056" lon="-71.87230420298874">
        <ele>274.44</ele>
      </trkpt>
      <trkpt lat="43.10454717837274" lon="-71.87236404977739">
        <ele>273.99</ele>
      </trkpt>
      <trkpt lat="43.10453494079411" lon="-71.87248357571661">
        <ele>273.04</ele>
      </trkpt>
      <trkpt lat="43.10450694523752" lon="-71.87275682576">
        <ele>270.78</ele>
      </trkpt>
      <trkpt lat="43.10450694523752" lon="-71.87275682576">
        <ele>271.11</ele>
      </trkpt>
      <trkpt lat="43.10450015589595" lon="-71.8728226236999">
        <ele>270.57</ele>
      </trkpt>
      <trkpt lat="43.10448791831732" lon="-71.87294223345816">
        <ele>269.65</ele>
      </trkpt>
      <trkpt lat="43.104479955509305" lon="-71.87301993370056">
        <ele>269.09</ele>
      </trkpt>
      <trkpt lat="43.104479955509305" lon="-71.87298992648721">
        <ele>268.8</ele>
      </trkpt>
      <trkpt lat="43.10447869822383" lon="-71.87300199642777">
        <ele>268.8</ele>
      </trkpt>
      <trkpt lat="43.10446612536907" lon="-71.873121522367">
        <ele>268.02</ele>
      </trkpt>
      <trkpt lat="43.104447182267904" lon="-71.87330072745681">
        <ele>266.96</ele>
      </trkpt>
      <trkpt lat="43.10442203655839" lon="-71.87353969551623">
        <ele>265.6</ele>
      </trkpt>
      <trkpt lat="43.1044093798846" lon="-71.87365913763642">
        <ele>264.95</ele>
      </trkpt>
      <trkpt lat="43.10439680702984" lon="-71.87377857975662">
        <ele>264.33</ele>
      </trkpt>
      <trkpt lat="43.10438398271799" lon="-71.87390053644776">
        <ele>263.8</ele>
      </trkpt>
      <trkpt lat="43.10437752865255" lon="-71.87396147288382">
        <ele>263.51</ele>
      </trkpt>
      <trkpt lat="43.10433913953602" lon="-71.87432600185275">
        <ele>261.57</ele>
      </trkpt>
      <trkpt lat="43.104306953027844" lon="-71.87463076785207">
        <ele>260.05</ele>
      </trkpt>
      <trkpt lat="43.104255655780435" lon="-71.87511716969311">
        <ele>257.57</ele>
      </trkpt>
      <trkpt lat="43.10424283146858" lon="-71.87523912638426">
        <ele>256.91</ele>
      </trkpt>
      <trkpt lat="43.10422363691032" lon="-71.87542076222599">
        <ele>255.83</ele>
      </trkpt>
      <trkpt lat="43.10419153422117" lon="-71.8757255282253">
        <ele>253.94</ele>
      </trkpt>
      <trkpt lat="43.10417870990932" lon="-71.87584740109742">
        <ele>253.13</ele>
      </trkpt>
      <trkpt lat="43.10415951535106" lon="-71.87602912075818">
        <ele>251.86</ele>
      </trkpt>
      <trkpt lat="43.10414995998144" lon="-71.87611998058856">
        <ele>251.24</ele>
      </trkpt>
      <trkpt lat="43.10413369908929" lon="-71.87621016986668">
        <ele>250.62</ele>
      </trkpt>
      <trkpt lat="43.10409078374505" lon="-71.87644813209772">
        <ele>249.06</ele>
      </trkpt>
      <trkpt lat="43.10403998941183" lon="-71.87672993168235">
        <ele>246.92</ele>
      </trkpt>
      <trkpt lat="43.103999588638544" lon="-71.87689639627934">
        <ele>245.63</ele>
      </trkpt>
      <trkpt lat="43.10397268272936" lon="-71.87700745649636">
        <ele>244.72</ele>
      </trkpt>
      <trkpt lat="43.10389054007828" lon="-71.87734642066061">
        <ele>241.78</ele>
      </trkpt>
      <trkpt lat="43.103879978880286" lon="-71.87738992273808">
        <ele>241.41</ele>
      </trkpt>
      <trkpt lat="43.103816360235214" lon="-71.87763190828264">
        <ele>239.37</ele>
      </trkpt>
      <trkpt lat="43.103696750476956" lon="-71.87808738090098">
        <ele>235.71</ele>
      </trkpt>
      <trkpt lat="43.10365165583789" lon="-71.8782589584589">
        <ele>234.51</ele>
      </trkpt>
      <trkpt lat="43.1036218162626" lon="-71.87837253324687">
        <ele>233.77</ele>
      </trkpt>
      <trkpt lat="43.103591641411185" lon="-71.8784872815013">
        <ele>233.07</ele>
      </trkpt>
      <trkpt lat="43.10357672162354" lon="-71.87854402698576">
        <ele>232.76</ele>
      </trkpt>
      <trkpt lat="43.10354688204825" lon="-71.87865760177374">
        <ele>232.18</ele>
      </trkpt>
      <trkpt lat="43.10351704247296" lon="-71.87877117656171">
        <ele>231.68</ele>
      </trkpt>
      <trkpt lat="43.10344219207764" lon="-71.87905632890761">
        <ele>230.56</ele>
      </trkpt>
      <trkpt lat="43.10341201722622" lon="-71.87917107716203">
        <ele>230.08</ele>
      </trkpt>
      <trkpt lat="43.10336725786328" lon="-71.87934139743447">
        <ele>229.3</ele>
      </trkpt>
      <trkpt lat="43.10332249850035" lon="-71.87951180152595">
        <ele>228.47</ele>
      </trkpt>
      <trkpt lat="43.10326189734042" lon="-71.87974247150123">
        <ele>227.23</ele>
      </trkpt>
      <trkpt lat="43.103231722489" lon="-71.87985713593662">
        <ele>226.65</ele>
      </trkpt>
      <trkpt lat="43.10321655124426" lon="-71.87991513870656">
        <ele>226.38</ele>
      </trkpt>
      <trkpt lat="43.10318637639284" lon="-71.88002988696098">
        <ele>225.89</ele>
      </trkpt>
      <trkpt lat="43.10314103029668" lon="-71.88020255416632">
        <ele>225.23</ele>
      </trkpt>
      <trkpt lat="43.103095600381494" lon="-71.88037522137165">
        <ele>224.66</ele>
      </trkpt>
      <trkpt lat="43.102929051965475" lon="-71.88100922852755">
        <ele>222.79</ele>
      </trkpt>
      <trkpt lat="43.10289896093309" lon="-71.88112397678196">
        <ele>222.47</ele>
      </trkpt>
      <trkpt lat="43.10280818492174" lon="-71.88146931119263">
        <ele>221.57</ele>
      </trkpt>
      <trkpt lat="43.10276283882558" lon="-71.88164197839797">
        <ele>221.08</ele>
      </trkpt>
      <trkpt lat="43.10273232869804" lon="-71.88175790011883">
        <ele>220.69</ele>
      </trkpt>
      <trkpt lat="43.10270223766565" lon="-71.88187264837325">
        <ele>220.26</ele>
      </trkpt>
      <trkpt lat="43.10267181135714" lon="-71.88198857009411">
        <ele>219.75</ele>
      </trkpt>
      <trkpt lat="43.102656891569495" lon="-71.88204531557858">
        <ele>219.46</ele>
      </trkpt>
      <trkpt lat="43.10262638144195" lon="-71.88216123729944">
        <ele>218.83</ele>
      </trkpt>
      <trkpt lat="43.102589920163155" lon="-71.88229995779693">
        <ele>218.01</ele>
      </trkpt>
      <trkpt lat="43.102559158578515" lon="-71.88245225697756">
        <ele>217.15</ele>
      </trkpt>
      <trkpt lat="43.10251138173044" lon="-71.88268845900893">
        <ele>215.95</ele>
      </trkpt>
      <trkpt lat="43.10248757712543" lon="-71.8828059732914">
        <ele>215.33</ele>
      </trkpt>
      <trkpt lat="43.10246360488236" lon="-71.8829246610403">
        <ele>214.65</ele>
      </trkpt>
      <trkpt lat="43.10243980027735" lon="-71.88304217532277">
        <ele>213.87</ele>
      </trkpt>
      <trkpt lat="43.10242781415582" lon="-71.88310160301626">
        <ele>213.43</ele>
      </trkpt>
      <trkpt lat="43.10241607949138" lon="-71.88315968960524">
        <ele>212.95</ele>
      </trkpt>
      <trkpt lat="43.10240996070206" lon="-71.88318994827569">
        <ele>212.67</ele>
      </trkpt>
      <trkpt lat="43.10240166261792" lon="-71.88321794383228">
        <ele>212.41</ele>
      </trkpt>
      <trkpt lat="43.102384731173515" lon="-71.88327502459288">
        <ele>211.8</ele>
      </trkpt>
      <trkpt lat="43.10236821882427" lon="-71.88333093188703">
        <ele>211.15</ele>
      </trkpt>
      <trkpt lat="43.102329997345805" lon="-71.88345992937684">
        <ele>209.56</ele>
      </trkpt>
      <trkpt lat="43.10231407172978" lon="-71.88349848613143">
        <ele>209.06</ele>
      </trkpt>
      <trkpt lat="43.102291859686375" lon="-71.88355213031173">
        <ele>208.41</ele>
      </trkpt>
      <trkpt lat="43.10224802233279" lon="-71.88365824520588">
        <ele>207.24</ele>
      </trkpt>
      <trkpt lat="43.10218381695449" lon="-71.88381372950971">
        <ele>206.62</ele>
      </trkpt>
      <trkpt lat="43.10216261073947" lon="-71.88386519439518">
        <ele>206.43</ele>
      </trkpt>
      <trkpt lat="43.102139979600906" lon="-71.8839199282229">
        <ele>206.25</ele>
      </trkpt>
      <trkpt lat="43.10216277837753" lon="-71.88396560959518">
        <ele>206.11</ele>
      </trkpt>
      <trkpt lat="43.10221206396818" lon="-71.88406418077648">
        <ele>205.83</ele>
      </trkpt>
      <trkpt lat="43.10226134955883" lon="-71.88416275195777">
        <ele>205.59</ele>
      </trkpt>
      <trkpt lat="43.10233452357352" lon="-71.88430909998715">
        <ele>205.32</ele>
      </trkpt>
      <trkpt lat="43.102407194674015" lon="-71.88445435836911">
        <ele>204.96</ele>
      </trkpt>
      <trkpt lat="43.102459916844964" lon="-71.88455997034907">
        <ele>204.76</ele>
      </trkpt>
      <trkpt lat="43.102459916844964" lon="-71.88455997034907">
        <ele>204.76</ele>
      </trkpt>
      <trkpt lat="43.10257248580456" lon="-71.88479642383754">
        <ele>204.33</ele>
      </trkpt>
      <trkpt lat="43.10266577638686" lon="-71.88499247655272">
        <ele>204.04</ele>
      </trkpt>
      <trkpt lat="43.10271439142525" lon="-71.88509465195239">
        <ele>203.83</ele>
      </trkpt>
      <trkpt lat="43.10276350937784" lon="-71.88519783318043">
        <ele>203.65</ele>
      </trkpt>
      <trkpt lat="43.10286073945463" lon="-71.88540210016072">
        <ele>203.37</ele>
      </trkpt>
      <trkpt lat="43.10290935449302" lon="-71.88550427556038">
        <ele>203.27</ele>
      </trkpt>
      <trkpt lat="43.1030797585845" lon="-71.88586235046387">
        <ele>202.97</ele>
      </trkpt>
      <trkpt lat="43.103128373622894" lon="-71.88596452586353">
        <ele>202.9</ele>
      </trkpt>
      <trkpt lat="43.10314999893308" lon="-71.88600995577872">
        <ele>202.88</ele>
      </trkpt>
      <trkpt lat="43.10322996228933" lon="-71.88614993356168">
        <ele>202.81</ele>
      </trkpt>
      <trkpt lat="43.10323666781187" lon="-71.88615747727454">
        <ele>202.81</ele>
      </trkpt>
      <trkpt lat="43.10333582572639" lon="-71.88626761548221">
        <ele>202.24</ele>
      </trkpt>
      <trkpt lat="43.103409921750426" lon="-71.88634992577136">
        <ele>201.84</ele>
      </trkpt>
      <trkpt lat="43.103441689163446" lon="-71.88636342063546">
        <ele>201.71</ele>
      </trkpt>
      <trkpt lat="43.10376816429198" lon="-71.88650180585682">
        <ele>200.35</ele>
      </trkpt>
      <trkpt lat="43.10389095917344" lon="-71.88655385747552">
        <ele>199.87</ele>
      </trkpt>
      <trkpt lat="43.10401299968362" lon="-71.88660557381809">
        <ele>199.46</ele>
      </trkpt>
      <trkpt lat="43.104120371863246" lon="-71.88665108755231">
        <ele>199.36</ele>
      </trkpt>
      <trkpt lat="43.10423889197409" lon="-71.88670137897134">
        <ele>199.0</ele>
      </trkpt>
      <trkpt lat="43.104329919442534" lon="-71.88673993572593">
        <ele>198.7</ele>
      </trkpt>
      <trkpt lat="43.10443569906056" lon="-71.88678863458335">
        <ele>198.36</ele>
      </trkpt>
      <trkpt lat="43.104514153674245" lon="-71.88682467676699">
        <ele>198.15</ele>
      </trkpt>
      <trkpt lat="43.10459168627858" lon="-71.8868603836745">
        <ele>197.97</ele>
      </trkpt>
      <trkpt lat="43.10490030795336" lon="-71.8870022892952">
        <ele>197.46</ele>
      </trkpt>
      <trkpt lat="43.1050640065223" lon="-71.88707764260471">
        <ele>197.26</ele>
      </trkpt>
      <trkpt lat="43.10514925047755" lon="-71.88711686991155">
        <ele>197.04</ele>
      </trkpt>
      <trkpt lat="43.105191914364696" lon="-71.88713648356497">
        <ele>196.96</ele>
      </trkpt>
      <trkpt lat="43.10523449443281" lon="-71.8871560972184">
        <ele>196.91</ele>
      </trkpt>
      <trkpt lat="43.10531973838806" lon="-71.8871952407062">
        <ele>196.85</ele>
      </trkpt>
      <trkpt lat="43.10540506616235" lon="-71.88723446801305">
        <ele>196.86</ele>
      </trkpt>
      <trkpt lat="43.10548938810825" lon="-71.88727327622473">
        <ele>196.92</ele>
      </trkpt>
      <trkpt lat="43.1055320519954" lon="-71.88729288987815">
        <ele>196.98</ele>
      </trkpt>
      <trkpt lat="43.1056232471019" lon="-71.88733488321304">
        <ele>197.16</ele>
      </trkpt>
      <trkpt lat="43.1056232471019" lon="-71.88733488321304">
        <ele>197.15</ele>
      </trkpt>
      <trkpt lat="43.10566507279873" lon="-71.8873540777713">
        <ele>197.26</ele>
      </trkpt>
      <trkpt lat="43.10575031675398" lon="-71.88739330507815">
        <ele>197.53</ele>
      </trkpt>
      <trkpt lat="43.105792896822095" lon="-71.88741291873157">
        <ele>197.68</ele>
      </trkpt>
      <trkpt lat="43.10582994483411" lon="-71.88742993399501">
        <ele>197.82</ele>
      </trkpt>
      <trkpt lat="43.105877218768" lon="-71.88745222985744">
        <ele>198.02</ele>
      </trkpt>
      <trkpt lat="43.10604728758335" lon="-71.88753227703273">
        <ele>198.81</ele>
      </trkpt>
      <trkpt lat="43.106259098276496" lon="-71.88763193786144">
        <ele>199.91</ele>
      </trkpt>
      <trkpt lat="43.1063399836421" lon="-71.88766999170184">
        <ele>200.31</ele>
      </trkpt>
      <trkpt lat="43.106344090774655" lon="-71.88767217099667">
        <ele>200.31</ele>
      </trkpt>
      <trkpt lat="43.10642790980637" lon="-71.88771684654057">
        <ele>200.66</ele>
      </trkpt>
      <trkpt lat="43.10646981932223" lon="-71.88773922622204">
        <ele>200.81</ele>
      </trkpt>
      <trkpt lat="43.10655280016363" lon="-71.88778348267078">
        <ele>201.06</ele>
      </trkpt>
      <trkpt lat="43.10658875852823" lon="-71.88780267722905">
        <ele>201.09</ele>
      </trkpt>
      <trkpt lat="43.10671281069517" lon="-71.88786881044507">
        <ele>201.34</ele>
      </trkpt>
      <trkpt lat="43.10678992420435" lon="-71.88790996558964">
        <ele>201.44</ele>
      </trkpt>
      <trkpt lat="43.1068323366344" lon="-71.88794483430684">
        <ele>201.51</ele>
      </trkpt>
      <trkpt lat="43.10713592916727" lon="-71.8881950341165">
        <ele>201.78</ele>
      </trkpt>
      <trkpt lat="43.10736324638128" lon="-71.88838236965239">
        <ele>201.91</ele>
      </trkpt>
      <trkpt lat="43.10754278674722" lon="-71.8885303940624">
        <ele>201.86</ele>
      </trkpt>
      <trkpt lat="43.107683854177594" lon="-71.88864656724036">
        <ele>201.8</ele>
      </trkpt>
      <trkpt lat="43.107869932428" lon="-71.8887999560684">
        <ele>201.53</ele>
      </trkpt>
      <trkpt lat="43.108000522479415" lon="-71.88891688361764">
        <ele>201.35</ele>
      </trkpt>
      <trkpt lat="43.10823689214885" lon="-71.88912844285369">
        <ele>201.04</ele>
      </trkpt>
      <trkpt lat="43.10834610834718" lon="-71.88922617584467">
        <ele>200.98</ele>
      </trkpt>
      <trkpt lat="43.108418360352516" lon="-71.88929088413715">
        <ele>200.97</ele>
      </trkpt>
      <trkpt lat="43.108746595680714" lon="-71.88958466984332">
        <ele>201.09</ele>
      </trkpt>
      <trkpt lat="43.1091099511832" lon="-71.8899099715054">
        <ele>201.3</ele>
      </trkpt>
      <trkpt lat="43.1091099511832" lon="-71.8899099715054">
        <ele>201.3</ele>
      </trkpt>
      <trkpt lat="43.10921749100089" lon="-71.8899979814887">
        <ele>201.41</ele>
      </trkpt>
      <trkpt lat="43.10948076657951" lon="-71.89021339640021">
        <ele>201.71</ele>
      </trkpt>
      <trkpt lat="43.10955570079386" lon="-71.8902746681124">
        <ele>201.77</ele>
      </trkpt>
      <trkpt lat="43.1096313893795" lon="-71.8903365265578">
        <ele>201.81</ele>
      </trkpt>
      <trkpt lat="43.109659971669316" lon="-71.89035999588668">
        <ele>201.8</ele>
      </trkpt>
      <trkpt lat="43.10970942489803" lon="-71.89038924872875">
        <ele>201.79</ele>
      </trkpt>
      <trkpt lat="43.10978955589235" lon="-71.89043660648167">
        <ele>201.71</ele>
      </trkpt>
      <trkpt lat="43.10986960306764" lon="-71.89048404805362">
        <ele>201.55</ele>
      </trkpt>
      <trkpt lat="43.10995048843324" lon="-71.89053190872073">
        <ele>201.35</ele>
      </trkpt>
      <trkpt lat="43.110071858391166" lon="-71.89060374163091">
        <ele>201.13</ele>
      </trkpt>
      <trkpt lat="43.110149977728724" lon="-71.89064992591739">
        <ele>201.02</ele>
      </trkpt>
      <trkpt lat="43.11031300574541" lon="-71.89075520262122">
        <ele>200.79</ele>
      </trkpt>
      <trkpt lat="43.11067258939147" lon="-71.89098729752004">
        <ele>200.2</ele>
      </trkpt>
      <trkpt lat="43.110792115330696" lon="-71.89106457866728">
        <ele>199.97</ele>
      </trkpt>
      <trkpt lat="43.110872665420175" lon="-71.89111654646695">
        <ele>199.76</ele>
      </trkpt>
      <trkpt lat="43.11093997210264" lon="-71.89115996472538">
        <ele>199.54</ele>
      </trkpt>
      <trkpt lat="43.11098934151232" lon="-71.89120111986995">
        <ele>199.37</ele>
      </trkpt>
      <trkpt lat="43.111064694821835" lon="-71.8912639003247">
        <ele>199.04</ele>
      </trkpt>
      <trkpt lat="43.111119931563735" lon="-71.89130991697311">
        <ele>198.77</ele>
      </trkpt>
      <trkpt lat="43.111139042302966" lon="-71.89133062027395">
        <ele>198.68</ele>
      </trkpt>
      <trkpt lat="43.1112081091851" lon="-71.89140563830733">
        <ele>198.28</ele>
      </trkpt>
      <trkpt lat="43.11127717606723" lon="-71.89148057252169">
        <ele>197.84</ele>
      </trkpt>
      <trkpt lat="43.11134699732065" lon="-71.89155626110733">
        <ele>197.37</ele>
      </trkpt>
      <trkpt lat="43.111416064202785" lon="-71.89163127914071">
        <ele>196.88</ele>
      </trkpt>
      <trkpt lat="43.111589988693595" lon="-71.8918199557811">
        <ele>196.3</ele>
      </trkpt>
      <trkpt lat="43.111589988693595" lon="-71.8918199557811">
        <ele>196.3</ele>
      </trkpt>
      <trkpt lat="43.11167950741947" lon="-71.89193462021649">
        <ele>195.89</ele>
      </trkpt>
      <trkpt lat="43.11171303503215" lon="-71.89197753556073">
        <ele>196.01</ele>
      </trkpt>
      <trkpt lat="43.11177673749626" lon="-71.89205909147859">
        <ele>196.54</ele>
      </trkpt>
      <trkpt lat="43.11180900782347" lon="-71.89210033044219">
        <ele>196.77</ele>
      </trkpt>
      <trkpt lat="43.11183993704617" lon="-71.89213997684419">
        <ele>196.97</ele>
      </trkpt>
      <trkpt lat="43.11184043996036" lon="-71.89213779754937">
        <ele>196.97</ele>
      </trkpt>
      <trkpt lat="43.111853348091245" lon="-71.89208004623652">
        <ele>197.13</ele>
      </trkpt>
      <trkpt lat="43.1118661724031" lon="-71.89202229492366">
        <ele>197.25</ele>
      </trkpt>
      <trkpt lat="43.11187908053398" lon="-71.89196462742984">
        <ele>197.31</ele>
      </trkpt>
      <trkpt lat="43.111891988664865" lon="-71.89190687611699">
        <ele>197.31</ele>
      </trkpt>
      <trkpt lat="43.11190489679575" lon="-71.89184912480414">
        <ele>197.25</ele>
      </trkpt>
      <trkpt lat="43.1119177211076" lon="-71.89179145731032">
        <ele>197.14</ele>
      </trkpt>
      <trkpt lat="43.111930629238486" lon="-71.89173370599747">
        <ele>196.98</ele>
      </trkpt>
      <trkpt lat="43.11194353736937" lon="-71.89167595468462">
        <ele>196.79</ele>
      </trkpt>
      <trkpt lat="43.11196926981211" lon="-71.89156053587794">
        <ele>196.31</ele>
      </trkpt>
      <trkpt lat="43.111995086073875" lon="-71.89144511707127">
        <ele>195.76</ele>
      </trkpt>
      <trkpt lat="43.11202081851661" lon="-71.89132961444557">
        <ele>195.1</ele>
      </trkpt>
      <trkpt lat="43.112033726647496" lon="-71.89127186313272">
        <ele>194.72</ele>
      </trkpt>
      <trkpt lat="43.11204663477838" lon="-71.8912141956389">
        <ele>194.32</ele>
      </trkpt>
      <trkpt lat="43.11205945909023" lon="-71.89115644432604">
        <ele>193.88</ele>
      </trkpt>
      <trkpt lat="43.11207161284983" lon="-71.89110229723155">
        <ele>193.42</ele>
      </trkpt>
      <trkpt lat="43.11207161284983" lon="-71.89110229723155">
        <ele>193.46</ele>
      </trkpt>
      <trkpt lat="43.11208628118038" lon="-71.89103624783456">
        <ele>192.84</ele>
      </trkpt>
      <trkpt lat="43.11208996921778" lon="-71.89101998694241">
        <ele>192.66</ele>
      </trkpt>
      <trkpt lat="43.11210195533931" lon="-71.89097992144525">
        <ele>192.23</ele>
      </trkpt>
      <trkpt lat="43.112135482952" lon="-71.890868274495">
        <ele>190.86</ele>
      </trkpt>
      <trkpt lat="43.112149983644485" lon="-71.89081999473274">
        <ele>190.22</ele>
      </trkpt>
      <trkpt lat="43.112149983644485" lon="-71.89082996919751">
        <ele>190.1</ele>
      </trkpt>
      <trkpt lat="43.112237909808755" lon="-71.89055521041155">
        <ele>186.47</ele>
      </trkpt>
      <trkpt lat="43.11230865307152" lon="-71.89033409580588">
        <ele>183.71</ele>
      </trkpt>
      <trkpt lat="43.11234402470291" lon="-71.89022353850305">
        <ele>182.39</ele>
      </trkpt>
      <trkpt lat="43.1123617105186" lon="-71.89016821794212">
        <ele>181.77</ele>
      </trkpt>
      <trkpt lat="43.11237939633429" lon="-71.89011289738119">
        <ele>181.18</ele>
      </trkpt>
      <trkpt lat="43.11238995753229" lon="-71.89007995650172">
        <ele>180.84</ele>
      </trkpt>
      <trkpt lat="43.11242926865816" lon="-71.89001449383795">
        <ele>180.05</ele>
      </trkpt>
      <trkpt lat="43.112512584775686" lon="-71.88987552188337">
        <ele>179.04</ele>
      </trkpt>
      <trkpt lat="43.11256991699338" lon="-71.88977996818721">
        <ele>178.41</ele>
      </trkpt>
      <trkpt lat="43.11256991699338" lon="-71.88977996818721">
        <ele>178.41</ele>
      </trkpt>
      <trkpt lat="43.112554997205734" lon="-71.88966530375183">
        <ele>177.85</ele>
      </trkpt>
      <trkpt lat="43.112547285854816" lon="-71.88960587605834">
        <ele>177.6</ele>
      </trkpt>
      <trkpt lat="43.11253999359906" lon="-71.88954996876419">
        <ele>177.4</ele>
      </trkpt>
      <trkpt lat="43.1125361379236" lon="-71.88948743976653">
        <ele>177.18</ele>
      </trkpt>
      <trkpt lat="43.1125324498862" lon="-71.88942734152079">
        <ele>177.0</ele>
      </trkpt>
      <trkpt lat="43.11252507381141" lon="-71.88930697739124">
        <ele>176.71</ele>
      </trkpt>
      <trkpt lat="43.11251778155565" lon="-71.88918795436621">
        <ele>176.49</ele>
      </trkpt>
      <trkpt lat="43.1125099863857" lon="-71.88905996270478">
        <ele>176.3</ele>
      </trkpt>
      <trkpt lat="43.11251996085048" lon="-71.88887991942465">
        <ele>176.06</ele>
      </trkpt>
      <trkpt lat="43.11251996085048" lon="-71.88887991942465">
        <ele>176.06</ele>
      </trkpt>
      <trkpt lat="43.112543346360326" lon="-71.88877095468342">
        <ele>175.82</ele>
      </trkpt>
      <trkpt lat="43.112556003034115" lon="-71.88871186226606">
        <ele>175.66</ele>
      </trkpt>
      <trkpt lat="43.112568659707904" lon="-71.8886527698487">
        <ele>175.47</ele>
      </trkpt>
      <trkpt lat="43.112579975277185" lon="-71.88859996385872">
        <ele>175.24</ele>
      </trkpt>
      <trkpt lat="43.11258173547685" lon="-71.88859384506941">
        <ele>175.24</ele>
      </trkpt>
      <trkpt lat="43.11259791254997" lon="-71.88853642903268">
        <ele>174.97</ele>
      </trkpt>
      <trkpt lat="43.112614173442125" lon="-71.88847892917693">
        <ele>174.67</ele>
      </trkpt>
      <trkpt lat="43.11263043433428" lon="-71.8884215131402">
        <ele>174.33</ele>
      </trkpt>
      <trkpt lat="43.11269514262676" lon="-71.88819293864071">
        <ele>172.83</ele>
      </trkpt>
      <trkpt lat="43.112729927524924" lon="-71.88806997612119">
        <ele>172.15</ele>
      </trkpt>
      <trkpt lat="43.112729927524924" lon="-71.88806997612119">
        <ele>172.15</ele>
      </trkpt>
      <trkpt lat="43.11274191364646" lon="-71.88801968470216">
        <ele>171.85</ele>
      </trkpt>
      <trkpt lat="43.11276965774596" lon="-71.88790250569582">
        <ele>171.35</ele>
      </trkpt>
      <trkpt lat="43.11278357170522" lon="-71.88784391619265">
        <ele>171.14</ele>
      </trkpt>
      <trkpt lat="43.11279748566449" lon="-71.88778532668948">
        <ele>170.97</ele>
      </trkpt>
      <trkpt lat="43.11281139962375" lon="-71.88772673718631">
        <ele>170.83</ele>
      </trkpt>
      <trkpt lat="43.112838892266154" lon="-71.88761073164642">
        <ele>170.64</ele>
      </trkpt>
      <trkpt lat="43.11285272240639" lon="-71.88755214214325">
        <ele>170.58</ele>
      </trkpt>
      <trkpt lat="43.11288055032492" lon="-71.88743504695594">
        <ele>170.5</ele>
      </trkpt>
      <trkpt lat="43.11292220838368" lon="-71.88725927844644">
        <ele>170.46</ele>
      </trkpt>
      <trkpt lat="43.11296361498535" lon="-71.88708468340337">
        <ele>170.47</ele>
      </trkpt>
      <trkpt lat="43.112991442903876" lon="-71.88696750439703">
        <ele>170.51</ele>
      </trkpt>
      <trkpt lat="43.11303310096264" lon="-71.88679181970656">
        <ele>170.61</ele>
      </trkpt>
      <trkpt lat="43.1130747590214" lon="-71.88661605119705">
        <ele>170.65</ele>
      </trkpt>
      <trkpt lat="43.11309998854995" lon="-71.8865099363029">
        <ele>170.63</ele>
      </trkpt>
      <trkpt lat="43.11318967491388" lon="-71.88621623441577">
        <ele>170.59</ele>
      </trkpt>
      <trkpt lat="43.11320995911956" lon="-71.88614993356168">
        <ele>170.59</ele>
      </trkpt>
      <trkpt lat="43.11329009011388" lon="-71.88601431436837">
        <ele>170.59</ele>
      </trkpt>
      <trkpt lat="43.11333996243775" lon="-71.88592999242246">
        <ele>170.55</ele>
      </trkpt>
      <trkpt lat="43.11348203569651" lon="-71.88575782813132">
        <ele>170.47</ele>
      </trkpt>
      <trkpt lat="43.1135824508965" lon="-71.8856362067163">
        <ele>170.46</ele>
      </trkpt>
      <trkpt lat="43.11364975757897" lon="-71.88555456697941">
        <ele>170.48</ele>
      </trkpt>
      <trkpt lat="43.11385997571051" lon="-71.88529992476106">
        <ele>170.65</ele>
      </trkpt>
      <trkpt lat="43.114059548825026" lon="-71.88498753122985">
        <ele>170.84</ele>
      </trkpt>
      <trkpt lat="43.11408997513354" lon="-71.88493992201984">
        <ele>170.85</ele>
      </trkpt>
      <trkpt lat="43.11415418051183" lon="-71.88477932475507">
        <ele>170.88</ele>
      </trkpt>
      <trkpt lat="43.1142299529165" lon="-71.88458997756243">
        <ele>170.81</ele>
      </trkpt>
      <trkpt lat="43.114238418638706" lon="-71.88456315547228">
        <ele>170.81</ele>
      </trkpt>
      <trkpt lat="43.114345790818334" lon="-71.88422410748899">
        <ele>170.67</ele>
      </trkpt>
      <trkpt lat="43.1144199706614" lon="-71.88398991711438">
        <ele>170.64</ele>
      </trkpt>
      <trkpt lat="43.11447126790881" lon="-71.883764276281">
        <ele>170.62</ele>
      </trkpt>
      <trkpt lat="43.114551147446036" lon="-71.88341257162392">
        <ele>170.55</ele>
      </trkpt>
      <trkpt lat="43.11456992290914" lon="-71.88332992605865">
        <ele>170.51</ele>
      </trkpt>
      <trkpt lat="43.11466279439628" lon="-71.88281728886068">
        <ele>170.33</ele>
      </trkpt>
      <trkpt lat="43.11472616158426" lon="-71.88246692530811">
        <ele>170.33</ele>
      </trkpt>
      <trkpt lat="43.11474954709411" lon="-71.88233776018023">
        <ele>170.33</ele>
      </trkpt>
      <trkpt lat="43.11477997340262" lon="-71.88216995447874">
        <ele>170.29</ele>
      </trkpt>
      <trkpt lat="43.11477997340262" lon="-71.88217992894351">
        <ele>170.29</ele>
      </trkpt>
      <trkpt lat="43.11478005722165" lon="-71.88217934221029">
        <ele>170.29</ele>
      </trkpt>
      <trkpt lat="43.114847699180245" lon="-71.8818215187639">
        <ele>170.17</ele>
      </trkpt>
      <trkpt lat="43.114926321431994" lon="-71.8814052734524">
        <ele>170.11</ele>
      </trkpt>
      <trkpt lat="43.11494995839894" lon="-71.88127996399999">
        <ele>170.06</ele>
      </trkpt>
      <trkpt lat="43.11498457565904" lon="-71.88098316080868">
        <ele>169.96</ele>
      </trkpt>
      <trkpt lat="43.11501299031079" lon="-71.88073991797864">
        <ele>169.83</ele>
      </trkpt>
      <trkpt lat="43.11502715572715" lon="-71.8806182127446">
        <ele>169.8</ele>
      </trkpt>
      <trkpt lat="43.115048445761204" lon="-71.88043573871255">
        <ele>169.8</ele>
      </trkpt>
      <trkpt lat="43.11509085819125" lon="-71.88007204793394">
        <ele>169.86</ele>
      </trkpt>
      <trkpt lat="43.115119272843" lon="-71.87982872128487">
        <ele>169.85</ele>
      </trkpt>
      <trkpt lat="43.115159925073385" lon="-71.8794799502939">
        <ele>169.91</ele>
      </trkpt>
      <trkpt lat="43.11516243964434" lon="-71.87946511432528">
        <ele>169.92</ele>
      </trkpt>
      <trkpt lat="43.115202421322465" lon="-71.87922497279942">
        <ele>169.92</ele>
      </trkpt>
      <trkpt lat="43.11521993950009" lon="-71.87911994755268">
        <ele>169.9</ele>
      </trkpt>
      <trkpt lat="43.11524810269475" lon="-71.87898801639676">
        <ele>169.89</ele>
      </trkpt>
      <trkpt lat="43.115336280316114" lon="-71.87857537530363">
        <ele>169.71</ele>
      </trkpt>
      <trkpt lat="43.115412052720785" lon="-71.8782206531614">
        <ele>169.66</ele>
      </trkpt>
      <trkpt lat="43.11543728224933" lon="-71.87810238450766">
        <ele>169.66</ele>
      </trkpt>
      <trkpt lat="43.115439964458346" lon="-71.87808997929096">
        <ele>169.66</ele>
      </trkpt>
      <trkpt lat="43.11550207436085" lon="-71.8778738938272">
        <ele>169.71</ele>
      </trkpt>
      <trkpt lat="43.115584468469024" lon="-71.87758731655777">
        <ele>169.73</ele>
      </trkpt>
      <trkpt lat="43.11566996388137" lon="-71.87728992663324">
        <ele>169.62</ele>
      </trkpt>
      <trkpt lat="43.11568203382194" lon="-71.87725614756346">
        <ele>169.61</ele>
      </trkpt>
      <trkpt lat="43.115758476778865" lon="-71.87704266048968">
        <ele>169.55</ele>
      </trkpt>
      <trkpt lat="43.11579686589539" lon="-71.87693528831005">
        <ele>169.56</ele>
      </trkpt>
      <trkpt lat="43.115854281932116" lon="-71.87677494250238">
        <ele>169.61</ele>
      </trkpt>
      <trkpt lat="43.115912117064" lon="-71.87661342322826">
        <ele>169.71</ele>
      </trkpt>
      <trkpt lat="43.11598847620189" lon="-71.87639993615448">
        <ele>169.92</ele>
      </trkpt>
      <trkpt lat="43.11600993387401" lon="-71.87633992172778">
        <ele>170.0</ele>
      </trkpt>
      <trkpt lat="43.116032062098384" lon="-71.87629675492644">
        <ele>170.08</ele>
      </trkpt>
      <trkpt lat="43.116106828674674" lon="-71.87615040689707">
        <ele>170.38</ele>
      </trkpt>
      <trkpt lat="43.11623993329704" lon="-71.87588998116553">
        <ele>171.02</ele>
      </trkpt>
      <trkpt lat="43.11629827134311" lon="-71.87581144273281">
        <ele>171.25</ele>
      </trkpt>
      <trkpt lat="43.11655484139919" lon="-71.87546610832214">
        <ele>172.36</ele>
      </trkpt>
      <trkpt lat="43.11668316833675" lon="-71.87529335729778">
        <ele>172.97</ele>
      </trkpt>
      <trkpt lat="43.11677939258516" lon="-71.87516385689378">
        <ele>173.54</ele>
      </trkpt>
      <trkpt lat="43.11684351414442" lon="-71.87507752329111">
        <ele>174.02</ele>
      </trkpt>
      <trkpt lat="43.116875533014536" lon="-71.87503435648978">
        <ele>174.3</ele>
      </trkpt>
      <trkpt lat="43.11693973839283" lon="-71.87494793906808">
        <ele>174.92</ele>
      </trkpt>
      <trkpt lat="43.11700385995209" lon="-71.87486160546541">
        <ele>175.66</ele>
      </trkpt>
      <trkpt lat="43.117067981511354" lon="-71.87477527186275">
        <ele>176.48</ele>
      </trkpt>
      <trkpt lat="43.11713218688965" lon="-71.87468893826008">
        <ele>177.38</ele>
      </trkpt>
      <trkpt lat="43.11719630844891" lon="-71.87460260465741">
        <ele>178.35</ele>
      </trkpt>
      <trkpt lat="43.11726043000817" lon="-71.87451618723571">
        <ele>179.4</ele>
      </trkpt>
      <trkpt lat="43.117388086393476" lon="-71.8743443582207">
        <ele>181.56</ele>
      </trkpt>
      <trkpt lat="43.117539966478944" lon="-71.87413992360234">
        <ele>183.99</ele>
      </trkpt>
      <trkpt lat="43.11766737140715" lon="-71.87394361943007">
        <ele>186.19</ele>
      </trkpt>
      <trkpt lat="43.11778689734638" lon="-71.87375946901739">
        <ele>188.31</ele>
      </trkpt>
      <trkpt lat="43.11784666031599" lon="-71.87366743572056">
        <ele>189.41</ele>
      </trkpt>
      <trkpt lat="43.117909943684936" lon="-71.87356995418668">
        <ele>190.61</ele>
      </trkpt>
      <trkpt lat="43.11795067973435" lon="-71.87346828170121">
        <ele>191.68</ele>
      </trkpt>
      <trkpt lat="43.118015471845865" lon="-71.87330617569387">
        <ele>193.45</ele>
      </trkpt>
      <trkpt lat="43.1180499214679" lon="-71.87321992591023">
        <ele>194.43</ele>
      </trkpt>
      <trkpt lat="43.118055537343025" lon="-71.87319628894329">
        <ele>194.68</ele>
      </trkpt>
      <trkpt lat="43.118152767419815" lon="-71.87278616242111">
        <ele>199.07</ele>
      </trkpt>
      <trkpt lat="43.118180595338345" lon="-71.87266898341477">
        <ele>200.39</ele>
      </trkpt>
      <trkpt lat="43.11819417402148" lon="-71.87261156737804">
        <ele>201.09</ele>
      </trkpt>
      <trkpt lat="43.118235832080245" lon="-71.87243579886854">
        <ele>203.33</ele>
      </trkpt>
      <trkpt lat="43.1183469761163" lon="-71.87196708284318">
        <ele>209.63</ele>
      </trkpt>
      <trkpt lat="43.11836994253099" lon="-71.87186993658543">
        <ele>210.88</ele>
      </trkpt>
      <trkpt lat="43.118418054655194" lon="-71.87174160964787">
        <ele>212.66</ele>
      </trkpt>
      <trkpt lat="43.118489971384406" lon="-71.87154999934137">
        <ele>215.19</ele>
      </trkpt>
      <trkpt lat="43.11856993474066" lon="-71.87137993052602">
        <ele>217.57</ele>
      </trkpt>
      <trkpt lat="43.11857680790126" lon="-71.87137020751834">
        <ele>217.73</ele>
      </trkpt>
      <trkpt lat="43.11867009848356" lon="-71.87123676761985">
        <ele>219.84</ele>
      </trkpt>
      <trkpt lat="43.11876338906586" lon="-71.87110324390233">
        <ele>221.88</ele>
      </trkpt>
      <trkpt lat="43.118825582787395" lon="-71.87101431190968">
        <ele>223.17</ele>
      </trkpt>
      <trkpt lat="43.11888777650893" lon="-71.870925296098">
        <ele>224.37</ele>
      </trkpt>
      <trkpt lat="43.11894997023046" lon="-71.87083628028631">
        <ele>225.51</ele>
      </trkpt>
      <trkpt lat="43.11901216395199" lon="-71.87074734829366">
        <ele>226.6</ele>
      </trkpt>
      <trkpt lat="43.119073770940304" lon="-71.87065925449133">
        <ele>227.64</ele>
      </trkpt>
      <trkpt lat="43.11913596466184" lon="-71.87057023867965">
        <ele>228.63</ele>
      </trkpt>
      <trkpt lat="43.1192899402231" lon="-71.8703499622643">
        <ele>230.93</ele>
      </trkpt>
      <trkpt lat="43.11939999461174" lon="-71.87023999169469">
        <ele>232.34</ele>
      </trkpt>
      <trkpt lat="43.119472581893206" lon="-71.87016732059419">
        <ele>233.16</ele>
      </trkpt>
      <trkpt lat="43.119479957968" lon="-71.8701599445194">
        <ele>233.23</ele>
      </trkpt>
      <trkpt lat="43.119510719552636" lon="-71.87013479880989">
        <ele>233.53</ele>
      </trkpt>
      <trkpt lat="43.11954936012626" lon="-71.87010319903493">
        <ele>233.87</ele>
      </trkpt>
      <trkpt lat="43.11958716250956" lon="-71.87007226981223">
        <ele>234.17</ele>
      </trkpt>
      <trkpt lat="43.11962580308318" lon="-71.87004067003727">
        <ele>234.44</ele>
      </trkpt>
      <trkpt lat="43.11966435983777" lon="-71.87000907026231">
        <ele>234.68</ele>
      </trkpt>
      <trkpt lat="43.11970375478268" lon="-71.8699767999351">
        <ele>234.89</ele>
      </trkpt>
      <trkpt lat="43.1197801977396" lon="-71.86991427093744">
        <ele>235.24</ele>
      </trkpt>
      <trkpt lat="43.11980995349586" lon="-71.86988996341825">
        <ele>235.35</ele>
      </trkpt>
      <trkpt lat="43.11986066401005" lon="-71.86985677108169">
        <ele>235.53</ele>
      </trkpt>
      <trkpt lat="43.12006996013224" lon="-71.86971997842193">
        <ele>236.2</ele>
      </trkpt>
      <trkpt lat="43.12006996013224" lon="-71.86971997842193">
        <ele>236.2</ele>
      </trkpt>
      <trkpt lat="43.12014707364142" lon="-71.86968209221959">
        <ele>236.52</ele>
      </trkpt>
      <trkpt lat="43.120231814682484" lon="-71.86964060179889">
        <ele>236.91</ele>
      </trkpt>
      <trkpt lat="43.1203156337142" lon="-71.86959944665432">
        <ele>237.38</ele>
      </trkpt>
      <trkpt lat="43.12035880051553" lon="-71.8695782404393">
        <ele>237.64</ele>
      </trkpt>
      <trkpt lat="43.120443457737565" lon="-71.8695367500186">
        <ele>238.22</ele>
      </trkpt>
      <trkpt lat="43.1205281149596" lon="-71.86949517577887">
        <ele>238.86</ele>
      </trkpt>
      <trkpt lat="43.120570443570614" lon="-71.86947447247803">
        <ele>239.2</ele>
      </trkpt>
      <trkpt lat="43.12059994786978" lon="-71.86945997178555">
        <ele>239.45</ele>
      </trkpt>
      <trkpt lat="43.12065786682069" lon="-71.86944756656885">
        <ele>239.93</ele>
      </trkpt>
      <trkpt lat="43.12074579298496" lon="-71.86942870728672">
        <ele>240.76</ele>
      </trkpt>
      <trkpt lat="43.12083464115858" lon="-71.86940968036652">
        <ele>241.68</ele>
      </trkpt>
      <trkpt lat="43.12087998725474" lon="-71.86939995735884">
        <ele>242.2</ele>
      </trkpt>
      <trkpt lat="43.1209234893322" lon="-71.86939065344632">
        <ele>242.7</ele>
      </trkpt>
      <trkpt lat="43.12096791341901" lon="-71.8693810980767">
        <ele>243.25</ele>
      </trkpt>
      <trkpt lat="43.1210199650377" lon="-71.86936995014548">
        <ele>243.94</ele>
      </trkpt>
      <trkpt lat="43.121102191507816" lon="-71.86937296763062">
        <ele>245.03</ele>
      </trkpt>
      <trkpt lat="43.12146001495421" lon="-71.86938587576151">
        <ele>249.97</ele>
      </trkpt>
      <trkpt lat="43.121640644967556" lon="-71.86939241364598">
        <ele>252.42</ele>
      </trkpt>
      <trkpt lat="43.121775509789586" lon="-71.86939727514982">
        <ele>254.22</ele>
      </trkpt>
      <trkpt lat="43.12184994108975" lon="-71.86939995735884">
        <ele>255.18</ele>
      </trkpt>
      <trkpt lat="43.12186544761062" lon="-71.86939886771142">
        <ele>255.39</ele>
      </trkpt>
      <trkpt lat="43.121955217793584" lon="-71.86939249746501">
        <ele>256.52</ele>
      </trkpt>
      <trkpt lat="43.12208991497755" lon="-71.86938285827637">
        <ele>258.11</ele>
      </trkpt>
      <trkpt lat="43.12217976897955" lon="-71.86937648802996">
        <ele>259.14</ele>
      </trkpt>
      <trkpt lat="43.12231354415417" lon="-71.86936701647937">
        <ele>260.61</ele>
      </trkpt>
      <trkpt lat="43.122403398156166" lon="-71.86936056241393">
        <ele>261.53</ele>
      </trkpt>
      <trkpt lat="43.122448325157166" lon="-71.86935737729073">
        <ele>261.96</ele>
      </trkpt>
      <trkpt lat="43.12253809534013" lon="-71.86935100704432">
        <ele>262.76</ele>
      </trkpt>
      <trkpt lat="43.1227626465261" lon="-71.86933508142829">
        <ele>264.6</ele>
      </trkpt>
      <trkpt lat="43.122897343710065" lon="-71.86932544223964">
        <ele>265.66</ele>
      </trkpt>
      <trkpt lat="43.123031202703714" lon="-71.86931597068906">
        <ele>266.63</ele>
      </trkpt>
      <trkpt lat="43.12325567007065" lon="-71.869299961254">
        <ele>268.12</ele>
      </trkpt>
      <trkpt lat="43.12334552407265" lon="-71.86929359100759">
        <ele>268.67</ele>
      </trkpt>
      <trkpt lat="43.12339045107365" lon="-71.86929040588439">
        <ele>268.92</ele>
      </trkpt>
      <trkpt lat="43.123480221256614" lon="-71.86928403563797">
        <ele>269.38</ele>
      </trkpt>
      <trkpt lat="43.12357007525861" lon="-71.86927758157253">
        <ele>269.74</ele>
      </trkpt>
      <trkpt lat="43.12361491844058" lon="-71.86927439644933">
        <ele>269.89</ele>
      </trkpt>
      <trkpt lat="43.12365984544158" lon="-71.86927121132612">
        <ele>270.0</ele>
      </trkpt>
      <trkpt lat="43.12374969944358" lon="-71.86926484107971">
        <ele>270.17</ele>
      </trkpt>
      <trkpt lat="43.123973328620195" lon="-71.86924891546369">
        <ele>270.47</ele>
      </trkpt>
      <trkpt lat="43.12406309880316" lon="-71.86924254521728">
        <ele>270.62</ele>
      </trkpt>
      <trkpt lat="43.12415295280516" lon="-71.86923617497087">
        <ele>270.82</ele>
      </trkpt>
      <trkpt lat="43.12423995696008" lon="-71.86922997236252">
        <ele>271.08</ele>
      </trkpt>
      <trkpt lat="43.12428664416075" lon="-71.86922444030643">
        <ele>271.22</ele>
      </trkpt>
      <trkpt lat="43.12437708489597" lon="-71.86921362765133">
        <ele>271.54</ele>
      </trkpt>
      <trkpt lat="43.12446668744087" lon="-71.8692029826343">
        <ele>271.94</ele>
      </trkpt>
      <trkpt lat="43.12465997412801" lon="-71.86917993240058">
        <ele>273.02</ele>
      </trkpt>
      <trkpt lat="43.1246895622462" lon="-71.86917372979224">
        <ele>273.19</ele>
      </trkpt>
      <trkpt lat="43.12477849423885" lon="-71.8691551219672">
        <ele>273.62</ele>
      </trkpt>
      <trkpt lat="43.12486734241247" lon="-71.86913643032312">
        <ele>273.97</ele>
      </trkpt>
      <trkpt lat="43.12500069849193" lon="-71.86910851858556">
        <ele>274.4</ele>
      </trkpt>
      <trkpt lat="43.12508963048458" lon="-71.86908991076052">
        <ele>274.61</ele>
      </trkpt>
      <trkpt lat="43.1251784786582" lon="-71.86907121911645">
        <ele>274.76</ele>
      </trkpt>
      <trkpt lat="43.12526741065085" lon="-71.86905261129141">
        <ele>274.86</ele>
      </trkpt>
      <trkpt lat="43.12527998350561" lon="-71.8690499290824">
        <ele>274.86</ele>
      </trkpt>
      <trkpt lat="43.12539833597839" lon="-71.86901355162263">
        <ele>274.94</ele>
      </trkpt>
      <trkpt lat="43.12552993185818" lon="-71.86897306703031">
        <ele>274.96</ele>
      </trkpt>
      <trkpt lat="43.125661527737975" lon="-71.86893258243799">
        <ele>274.92</ele>
      </trkpt>
      <trkpt lat="43.12579312361777" lon="-71.86889201402664">
        <ele>274.8</ele>
      </trkpt>
      <trkpt lat="43.12592480331659" lon="-71.86885152943432">
        <ele>274.6</ele>
      </trkpt>
      <trkpt lat="43.12623099423945" lon="-71.86875731684268">
        <ele>273.95</ele>
      </trkpt>
      <trkpt lat="43.12644992955029" lon="-71.86868992634118">
        <ele>273.45</ele>
      </trkpt>
      <trkpt lat="43.12662695534527" lon="-71.86864256858826">
        <ele>273.05</ele>
      </trkpt>
      <trkpt lat="43.126803478226066" lon="-71.8685953784734">
        <ele>272.6</ele>
      </trkpt>
      <trkpt lat="43.12702325172722" lon="-71.86853653751314">
        <ele>271.94</ele>
      </trkpt>
      <trkpt lat="43.12711151316762" lon="-71.8685129005462">
        <ele>271.72</ele>
      </trkpt>
      <trkpt lat="43.12742038629949" lon="-71.86843025498092">
        <ele>271.13</ele>
      </trkpt>
      <trkpt lat="43.1275528203696" lon="-71.8683947995305">
        <ele>270.96</ele>
      </trkpt>
      <trkpt lat="43.12764015980065" lon="-71.86837141402066">
        <ele>270.88</ele>
      </trkpt>
      <trkpt lat="43.12781316228211" lon="-71.86832514591515">
        <ele>270.64</ele>
      </trkpt>
      <trkpt lat="43.12786999158561" lon="-71.86830997467041">
        <ele>270.58</ele>
      </trkpt>
      <trkpt lat="43.12794283032417" lon="-71.86828440986574">
        <ele>270.51</ele>
      </trkpt>
      <trkpt lat="43.12802908010781" lon="-71.86825415119529">
        <ele>270.47</ele>
      </trkpt>
      <trkpt lat="43.12828615307808" lon="-71.8681640457362">
        <ele>270.42</ele>
      </trkpt>
      <trkpt lat="43.12841506674886" lon="-71.86811878345907">
        <ele>270.37</ele>
      </trkpt>
      <trkpt lat="43.128544902428985" lon="-71.86807326972485">
        <ele>270.25</ele>
      </trkpt>
      <trkpt lat="43.12863995321095" lon="-71.86803999356925">
        <ele>270.11</ele>
      </trkpt>
      <trkpt lat="43.12867616303265" lon="-71.86803119257092">
        <ele>270.06</ele>
      </trkpt>
      <trkpt lat="43.128763837739825" lon="-71.86801007017493">
        <ele>269.89</ele>
      </trkpt>
      <trkpt lat="43.128929967060685" lon="-71.86796992085874">
        <ele>269.51</ele>
      </trkpt>
      <trkpt lat="43.129029627889395" lon="-71.86795575544238">
        <ele>269.3</ele>
      </trkpt>
      <trkpt lat="43.12916382215917" lon="-71.86793656088412">
        <ele>269.06</ele>
      </trkpt>
      <trkpt lat="43.129252418875694" lon="-71.86792390421033">
        <ele>268.97</ele>
      </trkpt>
      <trkpt lat="43.1292970944196" lon="-71.86791753396392">
        <ele>268.94</ele>
      </trkpt>
      <trkpt lat="43.12938569113612" lon="-71.86790487729013">
        <ele>268.98</ele>
      </trkpt>
      <trkpt lat="43.12947512604296" lon="-71.86789205297828">
        <ele>269.07</ele>
      </trkpt>
      <trkpt lat="43.12955995090306" lon="-71.86787998303771">
        <ele>269.17</ele>
      </trkpt>
      <trkpt lat="43.129699509590864" lon="-71.86787998303771">
        <ele>269.35</ele>
      </trkpt>
      <trkpt lat="43.12996840104461" lon="-71.86787998303771">
        <ele>269.59</ele>
      </trkpt>
      <trkpt lat="43.13010234385729" lon="-71.86787998303771">
        <ele>269.75</ele>
      </trkpt>
      <trkpt lat="43.13011994585395" lon="-71.86787998303771">
        <ele>269.78</ele>
      </trkpt>
      <trkpt lat="43.130192114040256" lon="-71.86787260696292">
        <ele>269.91</ele>
      </trkpt>
      <trkpt lat="43.13023695722222" lon="-71.86786799691617">
        <ele>270.01</ele>
      </trkpt>
      <trkpt lat="43.13032664358616" lon="-71.86785886064172">
        <ele>270.24</ele>
      </trkpt>
      <trkpt lat="43.13050417229533" lon="-71.86784067191184">
        <ele>270.75</ele>
      </trkpt>
      <trkpt lat="43.13059385865927" lon="-71.86783145181835">
        <ele>270.96</ele>
      </trkpt>
      <trkpt lat="43.13077323138714" lon="-71.86781317926943">
        <ele>271.31</ele>
      </trkpt>
      <trkpt lat="43.130862917751074" lon="-71.86780395917594">
        <ele>271.45</ele>
      </trkpt>
      <trkpt lat="43.131086211651564" lon="-71.86778116039932">
        <ele>271.72</ele>
      </trkpt>
      <trkpt lat="43.1311758980155" lon="-71.86777194030583">
        <ele>271.85</ele>
      </trkpt>
      <trkpt lat="43.131309589371085" lon="-71.86775827780366">
        <ele>272.15</ele>
      </trkpt>
      <trkpt lat="43.13135443255305" lon="-71.86775366775692">
        <ele>272.28</ele>
      </trkpt>
      <trkpt lat="43.13144403509796" lon="-71.86774453148246">
        <ele>272.59</ele>
      </trkpt>
      <trkpt lat="43.13157772645354" lon="-71.86773086898029">
        <ele>273.11</ele>
      </trkpt>
      <trkpt lat="43.13166741281748" lon="-71.86772173270583">
        <ele>273.48</ele>
      </trkpt>
      <trkpt lat="43.131756177172065" lon="-71.86771259643137">
        <ele>273.9</ele>
      </trkpt>
      <trkpt lat="43.13180102035403" lon="-71.86770807020366">
        <ele>274.13</ele>
      </trkpt>
      <trkpt lat="43.13187997788191" lon="-71.86769993975759">
        <ele>274.57</ele>
      </trkpt>
      <trkpt lat="43.131890622898936" lon="-71.8676975928247">
        <ele>274.64</ele>
      </trkpt>
      <trkpt lat="43.13197938725352" lon="-71.86767814680934">
        <ele>275.22</ele>
      </trkpt>
      <trkpt lat="43.13206731341779" lon="-71.86765886843204">
        <ele>275.86</ele>
      </trkpt>
      <trkpt lat="43.132244925946" lon="-71.86761980876327">
        <ele>277.21</ele>
      </trkpt>
      <trkpt lat="43.13228993676603" lon="-71.86760991811752">
        <ele>277.53</ele>
      </trkpt>
      <trkpt lat="43.13233142718673" lon="-71.86759231612086">
        <ele>277.84</ele>
      </trkpt>
      <trkpt lat="43.132417257875204" lon="-71.867555687204">
        <ele>278.38</ele>
      </trkpt>
      <trkpt lat="43.132460257038474" lon="-71.86753741465509">
        <ele>278.61</ele>
      </trkpt>
      <trkpt lat="43.13250317238271" lon="-71.86751914210618">
        <ele>278.8</ele>
      </trkpt>
      <trkpt lat="43.13258816488087" lon="-71.86748293228447">
        <ele>279.1</ele>
      </trkpt>
      <trkpt lat="43.13271699473262" lon="-71.8674280308187">
        <ele>279.39</ele>
      </trkpt>
      <trkpt lat="43.13280290924013" lon="-71.86739148572087">
        <ele>279.5</ele>
      </trkpt>
      <trkpt lat="43.13282998278737" lon="-71.8673799186945">
        <ele>279.51</ele>
      </trkpt>
      <trkpt lat="43.132845405489206" lon="-71.86737631447613">
        <ele>279.53</ele>
      </trkpt>
      <trkpt lat="43.132889745756984" lon="-71.86736583709717">
        <ele>279.54</ele>
      </trkpt>
      <trkpt lat="43.13297834247351" lon="-71.86734479852021">
        <ele>279.51</ele>
      </trkpt>
      <trkpt lat="43.13306434080005" lon="-71.8673244304955">
        <ele>279.17</ele>
      </trkpt>
      <trkpt lat="43.133151177316904" lon="-71.86730389483273">
        <ele>278.77</ele>
      </trkpt>
      <trkpt lat="43.13319459557533" lon="-71.86729358509183">
        <ele>278.52</ele>
      </trkpt>
      <trkpt lat="43.13320993445814" lon="-71.86728998087347">
        <ele>278.41</ele>
      </trkpt>
      <trkpt lat="43.13323834910989" lon="-71.86729316599667">
        <ele>278.23</ele>
      </trkpt>
      <trkpt lat="43.13328227028251" lon="-71.86729819513857">
        <ele>277.9</ele>
      </trkpt>
      <trkpt lat="43.133326191455126" lon="-71.86730314046144">
        <ele>277.52</ele>
      </trkpt>
      <trkpt lat="43.133370112627745" lon="-71.86730816960335">
        <ele>277.1</ele>
      </trkpt>
      <trkpt lat="43.13341403380036" lon="-71.86731311492622">
        <ele>276.65</ele>
      </trkpt>
      <trkpt lat="43.1335018761456" lon="-71.867323089391">
        <ele>275.67</ele>
      </trkpt>
      <trkpt lat="43.13358879648149" lon="-71.86733298003674">
        <ele>274.62</ele>
      </trkpt>
      <trkpt lat="43.13364998437464" lon="-71.86733993701637">
        <ele>273.86</ele>
      </trkpt>
      <trkpt lat="43.13375987112522" lon="-71.86738586984575">
        <ele>272.44</ele>
      </trkpt>
      <trkpt lat="43.133844109252095" lon="-71.86742107383907">
        <ele>271.42</ele>
      </trkpt>
      <trkpt lat="43.133928431198" lon="-71.86745636165142">
        <ele>270.47</ele>
      </trkpt>
      <trkpt lat="43.13409707508981" lon="-71.86752676963806">
        <ele>268.68</ele>
      </trkpt>
      <trkpt lat="43.134181313216686" lon="-71.86756205745041">
        <ele>268.11</ele>
      </trkpt>
      <trkpt lat="43.134224312379956" lon="-71.8675799947232">
        <ele>267.79</ele>
      </trkpt>
      <trkpt lat="43.13430863432586" lon="-71.86761519871652">
        <ele>267.12</ele>
      </trkpt>
      <trkpt lat="43.13431994989514" lon="-71.86761997640133">
        <ele>267.0</ele>
      </trkpt>
      <trkpt lat="43.134394297376275" lon="-71.86764361336827">
        <ele>266.29</ele>
      </trkpt>
      <trkpt lat="43.134524803608656" lon="-71.86768510378897">
        <ele>265.08</ele>
      </trkpt>
      <trkpt lat="43.134539974853396" lon="-71.86768996529281">
        <ele>264.93</ele>
      </trkpt>
      <trkpt lat="43.13461231067777" lon="-71.86769801191986">
        <ele>264.25</ele>
      </trkpt>
      <trkpt lat="43.13470107503235" lon="-71.86770781874657">
        <ele>263.36</ele>
      </trkpt>
      <trkpt lat="43.13471993431449" lon="-71.86770999804139">
        <ele>263.16</ele>
      </trkpt>
      <trkpt lat="43.135011876001954" lon="-71.86772818677127">
        <ele>260.15</ele>
      </trkpt>
      <trkpt lat="43.135189739987254" lon="-71.86773933470249">
        <ele>258.45</ele>
      </trkpt>
      <trkpt lat="43.135277749970555" lon="-71.86774478293955">
        <ele>257.57</ele>
      </trkpt>
      <trkpt lat="43.135322676971555" lon="-71.86774763278663">
        <ele>257.09</ele>
      </trkpt>
      <trkpt lat="43.13535997644067" lon="-71.86774997971952">
        <ele>256.66</ele>
      </trkpt>
      <trkpt lat="43.13541169278324" lon="-71.86774997971952">
        <ele>256.08</ele>
      </trkpt>
      <trkpt lat="43.135456619784236" lon="-71.86774997971952">
        <ele>255.53</ele>
      </trkpt>
      <trkpt lat="43.135456619784236" lon="-71.86774997971952">
        <ele>255.58</ele>
      </trkpt>
      <trkpt lat="43.135637417435646" lon="-71.86774997971952">
        <ele>253.35</ele>
      </trkpt>
      <trkpt lat="43.13568997196853" lon="-71.86774997971952">
        <ele>252.74</ele>
      </trkpt>
      <trkpt lat="43.13577052205801" lon="-71.86774997971952">
        <ele>251.81</ele>
      </trkpt>
      <trkpt lat="43.135903626680374" lon="-71.86774997971952">
        <ele>250.38</ele>
      </trkpt>
      <trkpt lat="43.135992642492056" lon="-71.86774997971952">
        <ele>249.47</ele>
      </trkpt>
      <trkpt lat="43.13608165830374" lon="-71.86774997971952">
        <ele>248.62</ele>
      </trkpt>
      <trkpt lat="43.13612574711442" lon="-71.86774997971952">
        <ele>248.23</ele>
      </trkpt>
      <trkpt lat="43.13617067411542" lon="-71.86774997971952">
        <ele>247.87</ele>
      </trkpt>
      <trkpt lat="43.136258851736784" lon="-71.86774997971952">
        <ele>247.25</ele>
      </trkpt>
      <trkpt lat="43.13630377873778" lon="-71.86774997971952">
        <ele>246.98</ele>
      </trkpt>
      <trkpt lat="43.136347867548466" lon="-71.86774997971952">
        <ele>246.74</ele>
      </trkpt>
      <trkpt lat="43.13635993748903" lon="-71.86774997971952">
        <ele>246.68</ele>
      </trkpt>
      <trkpt lat="43.136436296626925" lon="-71.86773631721735">
        <ele>246.32</ele>
      </trkpt>
      <trkpt lat="43.13652455806732" lon="-71.86772055923939">
        <ele>245.96</ele>
      </trkpt>
      <trkpt lat="43.136639976873994" lon="-71.86769993975759">
        <ele>245.54</ele>
      </trkpt>
      <trkpt lat="43.136656153947115" lon="-71.86769440770149">
        <ele>245.49</ele>
      </trkpt>
      <trkpt lat="43.13674257136881" lon="-71.86766490340233">
        <ele>245.25</ele>
      </trkpt>
      <trkpt lat="43.13682898879051" lon="-71.86763539910316">
        <ele>245.06</ele>
      </trkpt>
      <trkpt lat="43.136958153918386" lon="-71.86759131029248">
        <ele>244.96</ele>
      </trkpt>
      <trkpt lat="43.137049935758114" lon="-71.86755996197462">
        <ele>244.91</ele>
      </trkpt>
      <trkpt lat="43.1370868999511" lon="-71.86754520982504">
        <ele>244.9</ele>
      </trkpt>
      <trkpt lat="43.13734330236912" lon="-71.86744261533022">
        <ele>244.84</ele>
      </trkpt>
      <trkpt lat="43.137499960139394" lon="-71.8673799186945">
        <ele>244.84</ele>
      </trkpt>
      <trkpt lat="43.13759417273104" lon="-71.86731998808682">
        <ele>244.85</ele>
      </trkpt>
      <trkpt lat="43.137634908780456" lon="-71.86729408800602">
        <ele>244.83</ele>
      </trkpt>
      <trkpt lat="43.1376757286489" lon="-71.86726810410619">
        <ele>244.79</ele>
      </trkpt>
      <trkpt lat="43.137716548517346" lon="-71.86724212020636">
        <ele>244.72</ele>
      </trkpt>
      <trkpt lat="43.137798104435205" lon="-71.86719023622572">
        <ele>244.5</ele>
      </trkpt>
      <trkpt lat="43.13783884048462" lon="-71.86716425232589">
        <ele>244.35</ele>
      </trkpt>
      <trkpt lat="43.137879660353065" lon="-71.86713835224509">
        <ele>244.17</ele>
      </trkpt>
      <trkpt lat="43.13792039640248" lon="-71.86711236834526">
        <ele>243.96</ele>
      </trkpt>
      <trkpt lat="43.137961216270924" lon="-71.86708646826446">
        <ele>243.71</ele>
      </trkpt>
      <trkpt lat="43.13800119794905" lon="-71.86706098727882">
        <ele>243.4</ele>
      </trkpt>
      <trkpt lat="43.13804998062551" lon="-71.86702997423708">
        <ele>243.04</ele>
      </trkpt>
      <trkpt lat="43.13804998062551" lon="-71.86702997423708">
        <ele>243.04</ele>
      </trkpt>
      <trkpt lat="43.13808107748628" lon="-71.86700239777565">
        <ele>242.62</ele>
      </trkpt>
      <trkpt lat="43.13811879605055" lon="-71.866968953982">
        <ele>242.15</ele>
      </trkpt>
      <trkpt lat="43.138194316998124" lon="-71.86690198257565">
        <ele>241.12</ele>
      </trkpt>
      <trkpt lat="43.13838316127658" lon="-71.86673467978835">
        <ele>238.42</ele>
      </trkpt>
      <trkpt lat="43.13842096365988" lon="-71.8667012359947">
        <ele>237.92</ele>
      </trkpt>
      <trkpt lat="43.138458682224154" lon="-71.86666779220104">
        <ele>237.47</ele>
      </trkpt>
      <trkpt lat="43.138494892045856" lon="-71.8666356895119">
        <ele>237.08</ele>
      </trkpt>
      <trkpt lat="43.138533448800445" lon="-71.86660157516599">
        <ele>236.76</ele>
      </trkpt>
      <trkpt lat="43.13857116736472" lon="-71.86656813137233">
        <ele>236.5</ele>
      </trkpt>
      <trkpt lat="43.13864668831229" lon="-71.86650115996599">
        <ele>236.07</ele>
      </trkpt>
      <trkpt lat="43.13872145488858" lon="-71.86643494293094">
        <ele>236.43</ele>
      </trkpt>
      <trkpt lat="43.138759257271886" lon="-71.86640149913728">
        <ele>236.65</ele>
      </trkpt>
      <trkpt lat="43.13879697583616" lon="-71.8663679715246">
        <ele>236.91</ele>
      </trkpt>
      <trkpt lat="43.13883997499943" lon="-71.8663299176842">
        <ele>237.22</ele>
      </trkpt>
      <trkpt lat="43.13883997499943" lon="-71.8663299176842">
        <ele>237.22</ele>
      </trkpt>
      <trkpt lat="43.13887467607856" lon="-71.86630611307919">
        <ele>237.58</ele>
      </trkpt>
      <trkpt lat="43.13891398720443" lon="-71.86627903953195">
        <ele>238.0</ele>
      </trkpt>
      <trkpt lat="43.138954220339656" lon="-71.86625137925148">
        <ele>238.48</ele>
      </trkpt>
      <trkpt lat="43.13899998553097" lon="-71.86621994711459">
        <ele>239.04</ele>
      </trkpt>
      <trkpt lat="43.13899998553097" lon="-71.86621994711459">
        <ele>239.04</ele>
      </trkpt>
      <trkpt lat="43.139035273343325" lon="-71.86619807034731">
        <ele>239.65</ele>
      </trkpt>
      <trkpt lat="43.13907626084983" lon="-71.8661726731807">
        <ele>240.32</ele>
      </trkpt>
      <trkpt lat="43.13911724835634" lon="-71.86614727601409">
        <ele>241.03</ele>
      </trkpt>
      <trkpt lat="43.13915815204382" lon="-71.86612187884748">
        <ele>241.79</ele>
      </trkpt>
      <trkpt lat="43.13919830136001" lon="-71.86609698459506">
        <ele>242.58</ele>
      </trkpt>
      <trkpt lat="43.13932126387954" lon="-71.86602087691426">
        <ele>245.11</ele>
      </trkpt>
      <trkpt lat="43.139484291896224" lon="-71.86591979116201">
        <ele>248.61</ele>
      </trkpt>
      <trkpt lat="43.13956626690924" lon="-71.8658689968288">
        <ele>250.27</ele>
      </trkpt>
      <trkpt lat="43.13964824192226" lon="-71.86581820249557">
        <ele>251.8</ele>
      </trkpt>
      <trkpt lat="43.139689145609736" lon="-71.86579280532897">
        <ele>252.51</ele>
      </trkpt>
      <trkpt lat="43.1397099327296" lon="-71.86577998101711">
        <ele>252.85</ele>
      </trkpt>
      <trkpt lat="43.13976684585214" lon="-71.86573346145451">
        <ele>253.84</ele>
      </trkpt>
      <trkpt lat="43.139819987118244" lon="-71.86568995937705">
        <ele>254.25</ele>
      </trkpt>
      <trkpt lat="43.13985946588218" lon="-71.86562089249492">
        <ele>254.68</ele>
      </trkpt>
      <trkpt lat="43.1398999504745" lon="-71.86554998159409">
        <ele>255.08</ele>
      </trkpt>
      <trkpt lat="43.13990833237767" lon="-71.86552827246487">
        <ele>255.2</ele>
      </trkpt>
      <trkpt lat="43.139928029850125" lon="-71.86547697521746">
        <ele>255.42</ele>
      </trkpt>
      <trkpt lat="43.139949990436435" lon="-71.8654199782759">
        <ele>255.6</ele>
      </trkpt>
      <trkpt lat="43.139949990436435" lon="-71.8654199782759">
        <ele>255.6</ele>
      </trkpt>
      <trkpt lat="43.13995719887316" lon="-71.86537077650428">
        <ele>255.74</ele>
      </trkpt>
      <trkpt lat="43.1399654969573" lon="-71.8653140310198">
        <ele>255.85</ele>
      </trkpt>
      <trkpt lat="43.13997371122241" lon="-71.86525845900178">
        <ele>255.91</ele>
      </trkpt>
      <trkpt lat="43.13998200930655" lon="-71.86520162969828">
        <ele>255.94</ele>
      </trkpt>
      <trkpt lat="43.13999868929386" lon="-71.8650880549103">
        <ele>255.92</ele>
      </trkpt>
      <trkpt lat="43.14001520164311" lon="-71.8649757374078">
        <ele>255.84</ele>
      </trkpt>
      <trkpt lat="43.140068259090185" lon="-71.86461447738111">
        <ele>255.29</ele>
      </trkpt>
      <trkpt lat="43.140139086171985" lon="-71.86413235031068">
        <ele>254.63</ele>
      </trkpt>
      <trkpt lat="43.14015995711088" lon="-71.8639899417758">
        <ele>254.4</ele>
      </trkpt>
      <trkpt lat="43.14016968011856" lon="-71.86395264230669">
        <ele>254.34</ele>
      </trkpt>
      <trkpt lat="43.140214774757624" lon="-71.86377838253975">
        <ele>254.0</ele>
      </trkpt>
      <trkpt lat="43.140229946002364" lon="-71.86371996067464">
        <ele>253.9</ele>
      </trkpt>
      <trkpt lat="43.140229946002364" lon="-71.86371996067464">
        <ele>253.9</ele>
      </trkpt>
      <trkpt lat="43.14024914056063" lon="-71.86366464011371">
        <ele>253.83</ele>
      </trkpt>
      <trkpt lat="43.14026841893792" lon="-71.86360898427665">
        <ele>253.78</ele>
      </trkpt>
      <trkpt lat="43.14028778113425" lon="-71.86355341225863">
        <ele>253.78</ele>
      </trkpt>
      <trkpt lat="43.14030705951154" lon="-71.86349775642157">
        <ele>253.81</ele>
      </trkpt>
      <trkpt lat="43.14032600261271" lon="-71.86344319023192">
        <ele>253.89</ele>
      </trkpt>
      <trkpt lat="43.140345280990005" lon="-71.86338753439486">
        <ele>254.0</ele>
      </trkpt>
      <trkpt lat="43.14039993099868" lon="-71.86322995461524">
        <ele>254.41</ele>
      </trkpt>
      <trkpt lat="43.14043303951621" lon="-71.86310422606766">
        <ele>254.74</ele>
      </trkpt>
      <trkpt lat="43.14044997096062" lon="-71.86303993687034">
        <ele>254.86</ele>
      </trkpt>
      <trkpt lat="43.14044997096062" lon="-71.86303993687034">
        <ele>254.86</ele>
      </trkpt>
      <trkpt lat="43.14045994542539" lon="-71.86286995187402">
        <ele>255.16</ele>
      </trkpt>
      <trkpt lat="43.140453239902854" lon="-71.86280130408704">
        <ele>255.28</ele>
      </trkpt>
      <trkpt lat="43.1404472887516" lon="-71.86274028383195">
        <ele>255.42</ele>
      </trkpt>
      <trkpt lat="43.14044133760035" lon="-71.86267917975783">
        <ele>255.6</ele>
      </trkpt>
      <trkpt lat="43.14043547026813" lon="-71.86261933296919">
        <ele>255.82</ele>
      </trkpt>
      <trkpt lat="43.14042951911688" lon="-71.86255822889507">
        <ele>256.07</ele>
      </trkpt>
      <trkpt lat="43.14042356796563" lon="-71.86249712482095">
        <ele>256.36</ele>
      </trkpt>
      <trkpt lat="43.14041996374726" lon="-71.8624599929899">
        <ele>256.56</ele>
      </trkpt>
      <trkpt lat="43.1404232326895" lon="-71.86243627220392">
        <ele>256.69</ele>
      </trkpt>
      <trkpt lat="43.14043161459267" lon="-71.86237575486302">
        <ele>257.05</ele>
      </trkpt>
      <trkpt lat="43.140440080314875" lon="-71.86231523752213">
        <ele>257.46</ele>
      </trkpt>
      <trkpt lat="43.140448462218046" lon="-71.8622546363622">
        <ele>257.9</ele>
      </trkpt>
      <trkpt lat="43.14045684412122" lon="-71.8621941190213">
        <ele>258.37</ele>
      </trkpt>
      <trkpt lat="43.140469919890165" lon="-71.86209999024868">
        <ele>259.15</ele>
      </trkpt>
      <trkpt lat="43.14050696790218" lon="-71.86195808462799">
        <ele>260.38</ele>
      </trkpt>
      <trkpt lat="43.14053697511554" lon="-71.86184325255454">
        <ele>261.31</ele>
      </trkpt>
      <trkpt lat="43.140552062541246" lon="-71.86178516596556">
        <ele>261.73</ele>
      </trkpt>
      <trkpt lat="43.14056723378599" lon="-71.86172716319561">
        <ele>262.12</ele>
      </trkpt>
      <trkpt lat="43.140582321211696" lon="-71.86166916042566">
        <ele>262.48</ele>
      </trkpt>
      <trkpt lat="43.140597492456436" lon="-71.86161107383668">
        <ele>262.81</ele>
      </trkpt>
      <trkpt lat="43.14061266370118" lon="-71.86155307106674">
        <ele>263.11</ele>
      </trkpt>
      <trkpt lat="43.140627751126885" lon="-71.86149506829679">
        <ele>263.37</ele>
      </trkpt>
      <trkpt lat="43.140642922371626" lon="-71.86143698170781">
        <ele>263.6</ele>
      </trkpt>
      <trkpt lat="43.140658009797335" lon="-71.86137897893786">
        <ele>263.77</ele>
      </trkpt>
      <trkpt lat="43.140673181042075" lon="-71.86132097616792">
        <ele>263.9</ele>
      </trkpt>
      <trkpt lat="43.140688352286816" lon="-71.86126297339797">
        <ele>263.96</ele>
      </trkpt>
      <trkpt lat="43.140703439712524" lon="-71.86120488680899">
        <ele>263.95</ele>
      </trkpt>
      <trkpt lat="43.140718610957265" lon="-71.86114688403904">
        <ele>263.89</ele>
      </trkpt>
      <trkpt lat="43.140733698382974" lon="-71.8610888812691">
        <ele>263.77</ele>
      </trkpt>
      <trkpt lat="43.14074853435159" lon="-71.86103196814656">
        <ele>263.59</ele>
      </trkpt>
      <trkpt lat="43.14076370559633" lon="-71.86097396537662">
        <ele>263.38</ele>
      </trkpt>
      <trkpt lat="43.140769992023706" lon="-71.86094999313354">
        <ele>263.27</ele>
      </trkpt>
      <trkpt lat="43.140777703374624" lon="-71.86091537587345">
        <ele>263.13</ele>
      </trkpt>
      <trkpt lat="43.140790862962604" lon="-71.86085653491318">
        <ele>262.85</ele>
      </trkpt>
      <trkpt lat="43.140843668952584" lon="-71.860620835796">
        <ele>261.61</ele>
      </trkpt>
      <trkpt lat="43.14086998812854" lon="-71.8605029862374">
        <ele>261.03</ele>
      </trkpt>
      <trkpt lat="43.14089639112353" lon="-71.86038522049785">
        <ele>260.51</ele>
      </trkpt>
      <trkpt lat="43.14090955071151" lon="-71.86032629571855">
        <ele>260.29</ele>
      </trkpt>
      <trkpt lat="43.140919944271445" lon="-71.86027994379401">
        <ele>260.1</ele>
      </trkpt>
      <trkpt lat="43.14092178829014" lon="-71.8602682929486">
        <ele>260.1</ele>
      </trkpt>
      <trkpt lat="43.14093109220266" lon="-71.8602080270648">
        <ele>259.94</ele>
      </trkpt>
      <trkpt lat="43.140949783846736" lon="-71.86008741147816">
        <ele>259.72</ele>
      </trkpt>
      <trkpt lat="43.14095917157829" lon="-71.86002714559436">
        <ele>259.65</ele>
      </trkpt>
      <trkpt lat="43.14097786322236" lon="-71.85990661382675">
        <ele>259.62</ele>
      </trkpt>
      <trkpt lat="43.14099655486643" lon="-71.85978599824011">
        <ele>259.7</ele>
      </trkpt>
      <trkpt lat="43.14100585877895" lon="-71.85972573235631">
        <ele>259.78</ele>
      </trkpt>
      <trkpt lat="43.141024550423026" lon="-71.8596052005887">
        <ele>259.99</ele>
      </trkpt>
      <trkpt lat="43.14106176607311" lon="-71.85936531051993">
        <ele>260.5</ele>
      </trkpt>
      <trkpt lat="43.14107132144272" lon="-71.85930378735065">
        <ele>260.61</ele>
      </trkpt>
      <trkpt lat="43.14107132144272" lon="-71.85930378735065">
        <ele>260.57</ele>
      </trkpt>
      <trkpt lat="43.141083642840385" lon="-71.85922424308956">
        <ele>260.72</ele>
      </trkpt>
      <trkpt lat="43.14110233448446" lon="-71.85910371132195">
        <ele>260.88</ele>
      </trkpt>
      <trkpt lat="43.14111163839698" lon="-71.85904336161911">
        <ele>260.94</ele>
      </trkpt>
      <trkpt lat="43.14111993648112" lon="-71.85898996889591">
        <ele>260.96</ele>
      </trkpt>
      <trkpt lat="43.14111993648112" lon="-71.85900991782546">
        <ele>260.97</ele>
      </trkpt>
      <trkpt lat="43.141127647832036" lon="-71.85896247625351">
        <ele>260.99</ele>
      </trkpt>
      <trkpt lat="43.14114701002836" lon="-71.85884336940944">
        <ele>260.96</ele>
      </trkpt>
      <trkpt lat="43.14115681685507" lon="-71.8587832711637">
        <ele>260.9</ele>
      </trkpt>
      <trkpt lat="43.14116653986275" lon="-71.85872308909893">
        <ele>260.79</ele>
      </trkpt>
      <trkpt lat="43.14117634668946" lon="-71.85866290703416">
        <ele>260.63</ele>
      </trkpt>
      <trkpt lat="43.14118615351617" lon="-71.85860280878842">
        <ele>260.4</ele>
      </trkpt>
      <trkpt lat="43.14119587652385" lon="-71.85854262672365">
        <ele>260.1</ele>
      </trkpt>
      <trkpt lat="43.14120568335056" lon="-71.85848252847791">
        <ele>259.74</ele>
      </trkpt>
      <trkpt lat="43.14121540635824" lon="-71.85842234641314">
        <ele>259.32</ele>
      </trkpt>
      <trkpt lat="43.14122521318495" lon="-71.85836216434836">
        <ele>258.85</ele>
      </trkpt>
      <trkpt lat="43.14124993979931" lon="-71.85820994898677">
        <ele>257.55</ele>
      </trkpt>
      <trkpt lat="43.14127198420465" lon="-71.85812462121248">
        <ele>256.8</ele>
      </trkpt>
      <trkpt lat="43.141301991418004" lon="-71.8580083642155">
        <ele>255.83</ele>
      </trkpt>
      <trkpt lat="43.141316659748554" lon="-71.85795145109296">
        <ele>255.38</ele>
      </trkpt>
      <trkpt lat="43.1413299869746" lon="-71.85789998620749">
        <ele>254.97</ele>
      </trkpt>
      <trkpt lat="43.141331914812326" lon="-71.85789353214204">
        <ele>254.97</ele>
      </trkpt>
      <trkpt lat="43.14134934917092" lon="-71.85783670283854">
        <ele>254.59</ele>
      </trkpt>
      <trkpt lat="43.14136686734855" lon="-71.85777995735407">
        <ele>254.25</ele>
      </trkpt>
      <trkpt lat="43.141401736065745" lon="-71.85766629874706">
        <ele>253.67</ele>
      </trkpt>
      <trkpt lat="43.14143660478294" lon="-71.85755272395909">
        <ele>253.19</ele>
      </trkpt>
      <trkpt lat="43.141471557319164" lon="-71.85743914917111">
        <ele>252.79</ele>
      </trkpt>
      <trkpt lat="43.141523860394955" lon="-71.85726874507964">
        <ele>252.25</ele>
      </trkpt>
      <trkpt lat="43.14154129475355" lon="-71.85721191577613">
        <ele>252.05</ele>
      </trkpt>
      <trkpt lat="43.14155839383602" lon="-71.85715625993907">
        <ele>251.82</ele>
      </trkpt>
      <trkpt lat="43.14157591201365" lon="-71.8570995144546">
        <ele>251.55</ele>
      </trkpt>
      <trkpt lat="43.14159334637225" lon="-71.8570426851511">
        <ele>251.22</ele>
      </trkpt>
      <trkpt lat="43.14161078073084" lon="-71.85698593966663">
        <ele>250.85</ele>
      </trkpt>
      <trkpt lat="43.14162821508944" lon="-71.85692911036313">
        <ele>250.44</ele>
      </trkpt>
      <trkpt lat="43.14168060198426" lon="-71.85675870627165">
        <ele>249.15</ele>
      </trkpt>
      <trkpt lat="43.14169803634286" lon="-71.85670196078718">
        <ele>248.75</ele>
      </trkpt>
      <trkpt lat="43.141715470701456" lon="-71.85664513148367">
        <ele>248.39</ele>
      </trkpt>
      <trkpt lat="43.14173290506005" lon="-71.85658830218017">
        <ele>248.08</ele>
      </trkpt>
      <trkpt lat="43.14175033941865" lon="-71.8565315566957">
        <ele>247.82</ele>
      </trkpt>
      <trkpt lat="43.14176785759628" lon="-71.8564747273922">
        <ele>247.64</ele>
      </trkpt>
      <trkpt lat="43.14178495667875" lon="-71.85641907155514">
        <ele>247.52</ele>
      </trkpt>
      <trkpt lat="43.141802391037345" lon="-71.85636224225163">
        <ele>247.47</ele>
      </trkpt>
      <trkpt lat="43.14181982539594" lon="-71.85630549676716">
        <ele>247.5</ele>
      </trkpt>
      <trkpt lat="43.14183994196355" lon="-71.85623995028436">
        <ele>247.61</ele>
      </trkpt>
      <trkpt lat="43.14183994196355" lon="-71.85623995028436">
        <ele>247.61</ele>
      </trkpt>
      <trkpt lat="43.141860561445355" lon="-71.85619611293077">
        <ele>247.79</ele>
      </trkpt>
      <trkpt lat="43.14188486896455" lon="-71.85614422895014">
        <ele>248.04</ele>
      </trkpt>
      <trkpt lat="43.14190909266472" lon="-71.85609234496951">
        <ele>248.35</ele>
      </trkpt>
      <trkpt lat="43.141933400183916" lon="-71.85604054480791">
        <ele>248.72</ele>
      </trkpt>
      <trkpt lat="43.141957707703114" lon="-71.85598866082728">
        <ele>249.12</ele>
      </trkpt>
      <trkpt lat="43.141989978030324" lon="-71.85591992922127">
        <ele>249.7</ele>
      </trkpt>
      <trkpt lat="43.14200783148408" lon="-71.85588640160859">
        <ele>250.01</ele>
      </trkpt>
      <trkpt lat="43.14211327582598" lon="-71.85568825341761">
        <ele>251.92</ele>
      </trkpt>
      <trkpt lat="43.14227228052914" lon="-71.85538952238858">
        <ele>254.66</ele>
      </trkpt>
      <trkpt lat="43.14231997355819" lon="-71.85529991984367">
        <ele>255.46</ele>
      </trkpt>
      <trkpt lat="43.14232491888106" lon="-71.85528952628374">
        <ele>255.55</ele>
      </trkpt>
      <trkpt lat="43.14237378537655" lon="-71.8551860935986">
        <ele>256.37</ele>
      </trkpt>
      <trkpt lat="43.14242223277688" lon="-71.85508375056088">
        <ele>257.11</ele>
      </trkpt>
      <trkpt lat="43.1424711830914" lon="-71.85498031787574">
        <ele>257.76</ele>
      </trkpt>
      <trkpt lat="43.142520133405924" lon="-71.85487696900964">
        <ele>258.35</ele>
      </trkpt>
      <trkpt lat="43.14264250919223" lon="-71.8546183872968">
        <ele>259.77</ele>
      </trkpt>
      <trkpt lat="43.14271585084498" lon="-71.85446332208812">
        <ele>260.56</ele>
      </trkpt>
      <trkpt lat="43.14278634265065" lon="-71.85431437566876">
        <ele>261.36</ele>
      </trkpt>
      <trkpt lat="43.142849961295724" lon="-71.85417992994189">
        <ele>261.99</ele>
      </trkpt>
      <trkpt lat="43.142849961295724" lon="-71.85417992994189">
        <ele>261.99</ele>
      </trkpt>
      <trkpt lat="43.142849961295724" lon="-71.85417992994189">
        <ele>261.94</ele>
      </trkpt>
      <trkpt lat="43.142875442281365" lon="-71.85409837402403">
        <ele>262.29</ele>
      </trkpt>
      <trkpt lat="43.14290947280824" lon="-71.85398957692087">
        <ele>262.67</ele>
      </trkpt>
      <trkpt lat="43.14294995740056" lon="-71.85385999269783">
        <ele>263.05</ele>
      </trkpt>
      <trkpt lat="43.142939982935786" lon="-71.85387994162738">
        <ele>263.16</ele>
      </trkpt>
      <trkpt lat="43.14294341951609" lon="-71.85386870987713">
        <ele>263.16</ele>
      </trkpt>
      <trkpt lat="43.14297745004296" lon="-71.853759996593">
        <ele>263.43</ele>
      </trkpt>
      <trkpt lat="43.14301139675081" lon="-71.85365119948983">
        <ele>263.64</ele>
      </trkpt>
      <trkpt lat="43.14306235872209" lon="-71.85348800383508">
        <ele>263.89</ele>
      </trkpt>
      <trkpt lat="43.14316453412175" lon="-71.85316052287817">
        <ele>264.34</ele>
      </trkpt>
      <trkpt lat="43.14319923520088" lon="-71.85304946266115">
        <ele>263.76</ele>
      </trkpt>
      <trkpt lat="43.143216921016574" lon="-71.85299280099571">
        <ele>263.5</ele>
      </trkpt>
      <trkpt lat="43.14323427155614" lon="-71.85293722897768">
        <ele>263.27</ele>
      </trkpt>
      <trkpt lat="43.14325153827667" lon="-71.85288174077868">
        <ele>263.07</ele>
      </trkpt>
      <trkpt lat="43.143269224092364" lon="-71.85282507911325">
        <ele>262.91</ele>
      </trkpt>
      <trkpt lat="43.14328657463193" lon="-71.85276959091425">
        <ele>262.79</ele>
      </trkpt>
      <trkpt lat="43.143303925171494" lon="-71.85271401889622">
        <ele>262.71</ele>
      </trkpt>
      <trkpt lat="43.14332127571106" lon="-71.85265853069723">
        <ele>262.69</ele>
      </trkpt>
      <trkpt lat="43.14333896152675" lon="-71.85260186903179">
        <ele>262.71</ele>
      </trkpt>
      <trkpt lat="43.14335664734244" lon="-71.85254520736635">
        <ele>262.79</ele>
      </trkpt>
      <trkpt lat="43.14337399788201" lon="-71.85248963534832">
        <ele>262.91</ele>
      </trkpt>
      <trkpt lat="43.14339126460254" lon="-71.85243414714932">
        <ele>263.06</ele>
      </trkpt>
      <trkpt lat="43.143408950418234" lon="-71.85237748548388">
        <ele>263.25</ele>
      </trkpt>
      <trkpt lat="43.143443651497364" lon="-71.85226642526686">
        <ele>263.73</ele>
      </trkpt>
      <trkpt lat="43.143461337313056" lon="-71.85220976360142">
        <ele>264.01</ele>
      </trkpt>
      <trkpt lat="43.14351372420788" lon="-71.85204204171896">
        <ele>264.97</ele>
      </trkpt>
      <trkpt lat="43.14352998510003" lon="-71.85198999010026">
        <ele>265.28</ele>
      </trkpt>
      <trkpt lat="43.143552113324404" lon="-71.85193207114935">
        <ele>265.64</ele>
      </trkpt>
      <trkpt lat="43.143634255975485" lon="-71.85171690769494">
        <ele>267.03</ele>
      </trkpt>
      <trkpt lat="43.14369603060186" lon="-71.85155530460179">
        <ele>267.99</ele>
      </trkpt>
      <trkpt lat="43.1437577214092" lon="-71.85139370150864">
        <ele>268.9</ele>
      </trkpt>
      <trkpt lat="43.14379904419184" lon="-71.85128565877676">
        <ele>269.47</ele>
      </trkpt>
      <trkpt lat="43.14384036697447" lon="-71.85117753222585">
        <ele>269.98</ele>
      </trkpt>
      <trkpt lat="43.14386995509267" lon="-71.85109999962151">
        <ele>270.31</ele>
      </trkpt>
      <trkpt lat="43.14388412050903" lon="-71.8510730098933">
        <ele>270.44</ele>
      </trkpt>
      <trkpt lat="43.143936255946755" lon="-71.85097401961684">
        <ele>270.82</ele>
      </trkpt>
      <trkpt lat="43.143962575122714" lon="-71.85092406347394">
        <ele>270.98</ele>
      </trkpt>
      <trkpt lat="43.14401412382722" lon="-71.85082607902586">
        <ele>271.26</ele>
      </trkpt>
      <trkpt lat="43.14409199170768" lon="-71.85067813843489">
        <ele>271.59</ele>
      </trkpt>
      <trkpt lat="43.144196178764105" lon="-71.850480241701">
        <ele>271.98</ele>
      </trkpt>
      <trkpt lat="43.144269939512014" lon="-71.85033992864192">
        <ele>272.3</ele>
      </trkpt>
      <trkpt lat="43.14435996115208" lon="-71.85014999471605">
        <ele>272.72</ele>
      </trkpt>
      <trkpt lat="43.144367169588804" lon="-71.85012619011104">
        <ele>272.77</ele>
      </trkpt>
      <trkpt lat="43.144463477656245" lon="-71.84980994090438">
        <ele>273.53</ele>
      </trkpt>
      <trkpt lat="43.144463477656245" lon="-71.84980994090438">
        <ele>273.51</ele>
      </trkpt>
      <trkpt lat="43.144569927826524" lon="-71.84945999644697">
        <ele>274.48</ele>
      </trkpt>
      <trkpt lat="43.144569927826524" lon="-71.84946997091174">
        <ele>274.52</ele>
      </trkpt>
      <trkpt lat="43.14457126893103" lon="-71.84946502558887">
        <ele>274.52</ele>
      </trkpt>
      <trkpt lat="43.14460203051567" lon="-71.84935052879155">
        <ele>274.79</ele>
      </trkpt>
      <trkpt lat="43.14464838244021" lon="-71.84917819686234">
        <ele>275.13</ele>
      </trkpt>
      <trkpt lat="43.144756173714995" lon="-71.84877687133849">
        <ele>275.88</ele>
      </trkpt>
      <trkpt lat="43.14480219036341" lon="-71.84860571287572">
        <ele>276.26</ele>
      </trkpt>
      <trkpt lat="43.14483328722417" lon="-71.84849004261196">
        <ele>276.59</ele>
      </trkpt>
      <trkpt lat="43.14486404880881" lon="-71.84837554581463">
        <ele>277.01</ele>
      </trkpt>
      <trkpt lat="43.144879303872585" lon="-71.8483188841492">
        <ele>277.26</ele>
      </trkpt>
      <trkpt lat="43.14489481039345" lon="-71.84826104901731">
        <ele>277.53</ele>
      </trkpt>
      <trkpt lat="43.14492557197809" lon="-71.84814646840096">
        <ele>278.16</ele>
      </trkpt>
      <trkpt lat="43.144940827041864" lon="-71.84808980673552">
        <ele>278.52</ele>
      </trkpt>
      <trkpt lat="43.14497192390263" lon="-71.84797413647175">
        <ele>279.31</ele>
      </trkpt>
      <trkpt lat="43.1449871789664" lon="-71.84791747480631">
        <ele>279.73</ele>
      </trkpt>
      <trkpt lat="43.14501794055104" lon="-71.84780297800899">
        <ele>280.62</ele>
      </trkpt>
      <trkpt lat="43.14509497024119" lon="-71.84751614928246">
        <ele>282.95</ele>
      </trkpt>
      <trkpt lat="43.14512573182583" lon="-71.84740165248513">
        <ele>283.85</ele>
      </trkpt>
      <trkpt lat="43.14515649341047" lon="-71.84728715568781">
        <ele>284.69</ele>
      </trkpt>
      <trkpt lat="43.14517996273935" lon="-71.84719998389482">
        <ele>285.29</ele>
      </trkpt>
      <trkpt lat="43.14518541097641" lon="-71.84717182070017">
        <ele>285.48</ele>
      </trkpt>
      <trkpt lat="43.14521994441748" lon="-71.84699437581003">
        <ele>286.59</ele>
      </trkpt>
      <trkpt lat="43.145242827013135" lon="-71.8468764424324">
        <ele>287.28</ele>
      </trkpt>
      <trkpt lat="43.14524995163083" lon="-71.84683998115361">
        <ele>287.47</ele>
      </trkpt>
      <trkpt lat="43.14527132548392" lon="-71.8466969858855">
        <ele>288.23</ele>
      </trkpt>
      <trkpt lat="43.145297979936004" lon="-71.84651828370988">
        <ele>289.07</ele>
      </trkpt>
      <trkpt lat="43.14532480202615" lon="-71.84633840806782">
        <ele>289.87</ele>
      </trkpt>
      <trkpt lat="43.14534265547991" lon="-71.84621879830956">
        <ele>290.43</ele>
      </trkpt>
      <trkpt lat="43.14536067657173" lon="-71.8460980989039">
        <ele>291.01</ele>
      </trkpt>
      <trkpt lat="43.14537853002548" lon="-71.84597848914564">
        <ele>291.65</ele>
      </trkpt>
      <trkpt lat="43.1453965511173" lon="-71.84585778973997">
        <ele>292.34</ele>
      </trkpt>
      <trkpt lat="43.14544139429927" lon="-71.84555704705417">
        <ele>294.13</ele>
      </trkpt>
      <trkpt lat="43.145449943840504" lon="-71.84549996629357">
        <ele>294.48</ele>
      </trkpt>
      <trkpt lat="43.14551222138107" lon="-71.84526778757572">
        <ele>295.97</ele>
      </trkpt>
      <trkpt lat="43.145559998229146" lon="-71.84508992359042">
        <ele>297.07</ele>
      </trkpt>
      <trkpt lat="43.14557726494968" lon="-71.8450393807143">
        <ele>297.4</ele>
      </trkpt>
      <trkpt lat="43.14561557024717" lon="-71.84492790140212">
        <ele>298.08</ele>
      </trkpt>
      <trkpt lat="43.14567248336971" lon="-71.84476160444319">
        <ele>299.05</ele>
      </trkpt>
      <trkpt lat="43.1457107886672" lon="-71.84465012513101">
        <ele>299.65</ele>
      </trkpt>
      <trkpt lat="43.14574867486954" lon="-71.84453965164721">
        <ele>300.2</ele>
      </trkpt>
      <trkpt lat="43.145786896348" lon="-71.844428088516">
        <ele>300.67</ele>
      </trkpt>
      <trkpt lat="43.14579997211695" lon="-71.84438995085657">
        <ele>300.81</ele>
      </trkpt>
      <trkpt lat="43.145871218293905" lon="-71.84421183541417">
        <ele>301.53</ele>
      </trkpt>
      <trkpt lat="43.14591404981911" lon="-71.84410479851067">
        <ele>301.89</ele>
      </trkpt>
      <trkpt lat="43.14593559131026" lon="-71.84405073523521">
        <ele>302.04</ele>
      </trkpt>
      <trkpt lat="43.14597842283547" lon="-71.84394378215075">
        <ele>302.29</ele>
      </trkpt>
      <trkpt lat="43.146021673455834" lon="-71.84383565559983">
        <ele>302.49</ele>
      </trkpt>
      <trkpt lat="43.1460649240762" lon="-71.84372761286795">
        <ele>302.6</ele>
      </trkpt>
      <trkpt lat="43.14608604647219" lon="-71.84367463923991">
        <ele>302.63</ele>
      </trkpt>
      <trkpt lat="43.14612929709256" lon="-71.84356659650803">
        <ele>302.59</ele>
      </trkpt>
      <trkpt lat="43.14614706672728" lon="-71.84352225624025">
        <ele>302.53</ele>
      </trkpt>
      <trkpt lat="43.14614706672728" lon="-71.84352225624025">
        <ele>302.54</ele>
      </trkpt>
      <trkpt lat="43.14617472700775" lon="-71.84345310553908">
        <ele>302.46</ele>
      </trkpt>
      <trkpt lat="43.14617992378771" lon="-71.8434399459511">
        <ele>302.44</ele>
      </trkpt>
      <trkpt lat="43.14629995264113" lon="-71.8431999720633">
        <ele>302.05</ele>
      </trkpt>
      <trkpt lat="43.14630037173629" lon="-71.84319913387299">
        <ele>302.05</ele>
      </trkpt>
      <trkpt lat="43.14633993431926" lon="-71.84312998317182">
        <ele>301.97</ele>
      </trkpt>
      <trkpt lat="43.14635862596333" lon="-71.84310550801456">
        <ele>301.95</ele>
      </trkpt>
      <trkpt lat="43.14639039337635" lon="-71.84306376613677">
        <ele>301.93</ele>
      </trkpt>
      <trkpt lat="43.146422915160656" lon="-71.84302110224962">
        <ele>301.93</ele>
      </trkpt>
      <trkpt lat="43.146487874910235" lon="-71.84293585829437">
        <ele>302.0</ele>
      </trkpt>
      <trkpt lat="43.14655216410756" lon="-71.84285145252943">
        <ele>302.16</ele>
      </trkpt>
      <trkpt lat="43.14661712385714" lon="-71.84276620857418">
        <ele>302.38</ele>
      </trkpt>
      <trkpt lat="43.14668074250221" lon="-71.84268264099956">
        <ele>302.65</ele>
      </trkpt>
      <trkpt lat="43.146712593734264" lon="-71.84264089912176">
        <ele>302.83</ele>
      </trkpt>
      <trkpt lat="43.14674503169954" lon="-71.84259823523462">
        <ele>303.05</ele>
      </trkpt>
      <trkpt lat="43.14677688293159" lon="-71.84255649335682">
        <ele>303.3</ele>
      </trkpt>
      <trkpt lat="43.14681996591389" lon="-71.84249999932945">
        <ele>303.68</ele>
      </trkpt>
      <trkpt lat="43.146842177957296" lon="-71.84247359633446">
        <ele>303.88</ele>
      </trkpt>
      <trkpt lat="43.146975450217724" lon="-71.84231542982161">
        <ele>305.1</ele>
      </trkpt>
      <trkpt lat="43.147043427452445" lon="-71.84223471209407">
        <ele>305.68</ele>
      </trkpt>
      <trkpt lat="43.14711006358266" lon="-71.84215567074716">
        <ele>306.2</ele>
      </trkpt>
      <trkpt lat="43.14714333973825" lon="-71.84211610816419">
        <ele>306.44</ele>
      </trkpt>
      <trkpt lat="43.147177370265126" lon="-71.84207579120994">
        <ele>306.66</ele>
      </trkpt>
      <trkpt lat="43.14724400639534" lon="-71.841996666044">
        <ele>307.0</ele>
      </trkpt>
      <trkpt lat="43.147277953103185" lon="-71.84195634908974">
        <ele>307.13</ele>
      </trkpt>
      <trkpt lat="43.14731131307781" lon="-71.84191678650677">
        <ele>307.23</ele>
      </trkpt>
      <trkpt lat="43.1473445892334" lon="-71.84187730774283">
        <ele>307.28</ele>
      </trkpt>
      <trkpt lat="43.147411895915866" lon="-71.84179734438658">
        <ele>307.33</ele>
      </trkpt>
      <trkpt lat="43.147472413256764" lon="-71.84172559529543">
        <ele>307.5</ele>
      </trkpt>
      <trkpt lat="43.14753293059766" lon="-71.84165376238525">
        <ele>307.63</ele>
      </trkpt>
      <trkpt lat="43.14759344793856" lon="-71.84158192947507">
        <ele>307.72</ele>
      </trkpt>
      <trkpt lat="43.14768380485475" lon="-71.84147464111447">
        <ele>307.8</ele>
      </trkpt>
      <trkpt lat="43.14775111153722" lon="-71.84139476157725">
        <ele>307.48</ele>
      </trkpt>
      <trkpt lat="43.147785142064095" lon="-71.84135436080396">
        <ele>307.28</ele>
      </trkpt>
      <trkpt lat="43.14781908877194" lon="-71.8413140438497">
        <ele>307.06</ele>
      </trkpt>
      <trkpt lat="43.147853119298816" lon="-71.84127372689545">
        <ele>306.8</ele>
      </trkpt>
      <trkpt lat="43.14788999967277" lon="-71.8412299733609">
        <ele>306.5</ele>
      </trkpt>
      <trkpt lat="43.14788999967277" lon="-71.8412299733609">
        <ele>306.5</ele>
      </trkpt>
      <trkpt lat="43.14791983924806" lon="-71.84119108133018">
        <ele>306.17</ele>
      </trkpt>
      <trkpt lat="43.1479524448514" lon="-71.84114866890013">
        <ele>305.81</ele>
      </trkpt>
      <trkpt lat="43.14798513427377" lon="-71.84110625647008">
        <ele>305.41</ele>
      </trkpt>
      <trkpt lat="43.14804967492819" lon="-71.8410222698003">
        <ele>304.54</ele>
      </trkpt>
      <trkpt lat="43.14808999188244" lon="-71.84096996672451">
        <ele>303.93</ele>
      </trkpt>
      <trkpt lat="43.148108599707484" lon="-71.84093032032251">
        <ele>303.56</ele>
      </trkpt>
      <trkpt lat="43.14815738238394" lon="-71.84082671999931">
        <ele>302.52</ele>
      </trkpt>
      <trkpt lat="43.1481699552387" lon="-71.8407999817282">
        <ele>302.24</ele>
      </trkpt>
      <trkpt lat="43.1483599729836" lon="-71.84016999788582">
        <ele>296.27</ele>
      </trkpt>
      <trkpt lat="43.14838151447475" lon="-71.84002608060837">
        <ele>294.99</ele>
      </trkpt>
      <trkpt lat="43.1483996193856" lon="-71.8399053812027">
        <ele>293.97</ele>
      </trkpt>
      <trkpt lat="43.1484358292073" lon="-71.83966389857233">
        <ele>292.0</ele>
      </trkpt>
      <trkpt lat="43.148444881662726" lon="-71.83960354886949">
        <ele>291.48</ele>
      </trkpt>
      <trkpt lat="43.14847187139094" lon="-71.8394235894084">
        <ele>289.78</ele>
      </trkpt>
      <trkpt lat="43.14847991801798" lon="-71.8393699452281">
        <ele>289.22</ele>
      </trkpt>
      <trkpt lat="43.14849827438593" lon="-71.83917984366417">
        <ele>287.28</ele>
      </trkpt>
      <trkpt lat="43.14851000905037" lon="-71.83905763551593">
        <ele>286.09</ele>
      </trkpt>
      <trkpt lat="43.14852165989578" lon="-71.83893668465316">
        <ele>285.0</ele>
      </trkpt>
      <trkpt lat="43.14853339456022" lon="-71.83881447650492">
        <ele>283.99</ele>
      </trkpt>
      <trkpt lat="43.14854512922466" lon="-71.83869226835668">
        <ele>283.05</ele>
      </trkpt>
      <trkpt lat="43.1485568638891" lon="-71.83857006020844">
        <ele>282.23</ele>
      </trkpt>
      <trkpt lat="43.14856273122132" lon="-71.83850895613432">
        <ele>281.85</ele>
      </trkpt>
      <trkpt lat="43.14857438206673" lon="-71.83838792145252">
        <ele>281.14</ele>
      </trkpt>
      <trkpt lat="43.14857999794185" lon="-71.83832991868258">
        <ele>280.83</ele>
      </trkpt>
      <trkpt lat="43.14858687110245" lon="-71.83808047324419">
        <ele>279.52</ele>
      </trkpt>
      <trkpt lat="43.148589972406626" lon="-71.83796999976039">
        <ele>278.88</ele>
      </trkpt>
      <trkpt lat="43.14858972094953" lon="-71.83795725926757">
        <ele>278.81</ele>
      </trkpt>
      <trkpt lat="43.14858871512115" lon="-71.83789565227926">
        <ele>278.42</ele>
      </trkpt>
      <trkpt lat="43.14858762547374" lon="-71.83783530257642">
        <ele>277.98</ele>
      </trkpt>
      <trkpt lat="43.148586535826325" lon="-71.83777369558811">
        <ele>277.49</ele>
      </trkpt>
      <trkpt lat="43.148585529997945" lon="-71.8377120885998">
        <ele>276.95</ele>
      </trkpt>
      <trkpt lat="43.14858444035053" lon="-71.83765048161149">
        <ele>276.38</ele>
      </trkpt>
      <trkpt lat="43.14858335070312" lon="-71.83758879080415">
        <ele>275.77</ele>
      </trkpt>
      <trkpt lat="43.14858125522733" lon="-71.83746557682753">
        <ele>274.45</ele>
      </trkpt>
      <trkpt lat="43.14857999794185" lon="-71.83738997206092">
        <ele>273.57</ele>
      </trkpt>
      <trkpt lat="43.1485862005502" lon="-71.83734311722219">
        <ele>273.03</ele>
      </trkpt>
      <trkpt lat="43.148602209985256" lon="-71.83722308836877">
        <ele>271.51</ele>
      </trkpt>
      <trkpt lat="43.14861997961998" lon="-71.83708998374641">
        <ele>269.91</ele>
      </trkpt>
      <trkpt lat="43.14861997961998" lon="-71.83708998374641">
        <ele>269.91</ele>
      </trkpt>
      <trkpt lat="43.148649567738175" lon="-71.83698638342321">
        <ele>268.23</ele>
      </trkpt>
      <trkpt lat="43.14865996129811" lon="-71.83694992214441">
        <ele>267.68</ele>
      </trkpt>
      <trkpt lat="43.14874495379627" lon="-71.8367799371481">
        <ele>264.8</ele>
      </trkpt>
      <trkpt lat="43.14877043478191" lon="-71.83672905899584">
        <ele>264.0</ele>
      </trkpt>
      <trkpt lat="43.1487899646163" lon="-71.83668999932706">
        <ele>263.43</ele>
      </trkpt>
      <trkpt lat="43.14879742451012" lon="-71.83668010868132">
        <ele>263.26</ele>
      </trkpt>
      <trkpt lat="43.14882977865636" lon="-71.83663736097515">
        <ele>262.57</ele>
      </trkpt>
      <trkpt lat="43.14886221662164" lon="-71.83659461326897">
        <ele>261.94</ele>
      </trkpt>
      <trkpt lat="43.14889457076788" lon="-71.8365518655628">
        <ele>261.39</ele>
      </trkpt>
      <trkpt lat="43.14892700873315" lon="-71.83650911785662">
        <ele>260.89</ele>
      </trkpt>
      <trkpt lat="43.148959362879395" lon="-71.83646637015045">
        <ele>260.46</ele>
      </trkpt>
      <trkpt lat="43.14899171702564" lon="-71.83642362244427">
        <ele>260.09</ele>
      </trkpt>
      <trkpt lat="43.14902348443866" lon="-71.83638171292841">
        <ele>259.79</ele>
      </trkpt>
      <trkpt lat="43.149039996787906" lon="-71.83635991998017">
        <ele>259.67</ele>
      </trkpt>
      <trkpt lat="43.14905374310911" lon="-71.83633628301322">
        <ele>259.56</ele>
      </trkpt>
      <trkpt lat="43.14908190630376" lon="-71.83628817088902">
        <ele>259.39</ele>
      </trkpt>
      <trkpt lat="43.14910998567939" lon="-71.83624005876482">
        <ele>259.29</ele>
      </trkpt>
      <trkpt lat="43.14913806505501" lon="-71.83619194664061">
        <ele>259.25</ele>
      </trkpt>
      <trkpt lat="43.14916622824967" lon="-71.8361438345164">
        <ele>259.29</ele>
      </trkpt>
      <trkpt lat="43.149194307625294" lon="-71.8360957223922">
        <ele>259.4</ele>
      </trkpt>
      <trkpt lat="43.14922247081995" lon="-71.836047610268">
        <ele>259.59</ele>
      </trkpt>
      <trkpt lat="43.149250550195575" lon="-71.83599958196282">
        <ele>259.84</ele>
      </trkpt>
      <trkpt lat="43.1492786295712" lon="-71.83595146983862">
        <ele>260.17</ele>
      </trkpt>
      <trkpt lat="43.149306206032634" lon="-71.83590427972376">
        <ele>260.56</ele>
      </trkpt>
      <trkpt lat="43.149333698675036" lon="-71.83585717342794">
        <ele>261.01</ele>
      </trkpt>
      <trkpt lat="43.149362448602915" lon="-71.83580805547535">
        <ele>261.53</ele>
      </trkpt>
      <trkpt lat="43.14939052797854" lon="-71.83575994335115">
        <ele>262.11</ele>
      </trkpt>
      <trkpt lat="43.149418607354164" lon="-71.83571183122694">
        <ele>262.75</ele>
      </trkpt>
      <trkpt lat="43.14944677054882" lon="-71.83566371910274">
        <ele>263.45</ele>
      </trkpt>
      <trkpt lat="43.149474849924445" lon="-71.83561560697854">
        <ele>264.2</ele>
      </trkpt>
      <trkpt lat="43.14950292930007" lon="-71.83556749485433">
        <ele>265.0</ele>
      </trkpt>
      <trkpt lat="43.149559926241636" lon="-71.83546992950141">
        <ele>266.72</ele>
      </trkpt>
      <trkpt lat="43.14965187571943" lon="-71.83533866889775">
        <ele>269.23</ele>
      </trkpt>
      <trkpt lat="43.149682972580194" lon="-71.83529424481094">
        <ele>270.05</ele>
      </trkpt>
      <trkpt lat="43.14971415325999" lon="-71.8352497369051">
        <ele>270.83</ele>
      </trkpt>
      <trkpt lat="43.14974525012076" lon="-71.83520522899926">
        <ele>271.55</ele>
      </trkpt>
      <trkpt lat="43.149776346981525" lon="-71.83516080491245">
        <ele>272.2</ele>
      </trkpt>
      <trkpt lat="43.14980752766132" lon="-71.8351162970066">
        <ele>272.76</ele>
      </trkpt>
      <trkpt lat="43.1498399656266" lon="-71.83506994508207">
        <ele>273.21</ele>
      </trkpt>
      <trkpt lat="43.1498399656266" lon="-71.83506994508207">
        <ele>273.21</ele>
      </trkpt>
      <trkpt lat="43.14987081103027" lon="-71.83503055013716">
        <ele>273.55</ele>
      </trkpt>
      <trkpt lat="43.1499036680907" lon="-71.83498855680227">
        <ele>273.8</ele>
      </trkpt>
      <trkpt lat="43.149936608970165" lon="-71.83494647964835">
        <ele>273.98</ele>
      </trkpt>
      <trkpt lat="43.15000232309103" lon="-71.83486240915954">
        <ele>274.2</ele>
      </trkpt>
      <trkpt lat="43.15001992508769" lon="-71.83483994565904">
        <ele>274.15</ele>
      </trkpt>
      <trkpt lat="43.150070970878005" lon="-71.83478889986873">
        <ele>274.05</ele>
      </trkpt>
      <trkpt lat="43.150106593966484" lon="-71.83475336059928">
        <ele>273.95</ele>
      </trkpt>
      <trkpt lat="43.15014221705496" lon="-71.8347177375108">
        <ele>273.82</ele>
      </trkpt>
      <trkpt lat="43.15021337941289" lon="-71.83464649133384">
        <ele>273.51</ele>
      </trkpt>
      <trkpt lat="43.15022997558117" lon="-71.8346299789846">
        <ele>273.42</ele>
      </trkpt>
      <trkpt lat="43.15029200166464" lon="-71.83459293097258">
        <ele>273.15</ele>
      </trkpt>
      <trkpt lat="43.150371965020895" lon="-71.83454523794353">
        <ele>272.75</ele>
      </trkpt>
      <trkpt lat="43.15045276656747" lon="-71.8344970420003">
        <ele>272.31</ele>
      </trkpt>
      <trkpt lat="43.15054262056947" lon="-71.83444339782">
        <ele>271.78</ele>
      </trkpt>
      <trkpt lat="43.15069517120719" lon="-71.83435245417058">
        <ele>270.88</ele>
      </trkpt>
      <trkpt lat="43.150799944996834" lon="-71.83428992517292">
        <ele>270.29</ele>
      </trkpt>
      <trkpt lat="43.150896755978465" lon="-71.83423351496458">
        <ele>269.76</ele>
      </trkpt>
      <trkpt lat="43.15113924443722" lon="-71.83409202843904">
        <ele>267.09</ele>
      </trkpt>
      <trkpt lat="43.15115994773805" lon="-71.83407995849848">
        <ele>266.87</ele>
      </trkpt>
      <trkpt lat="43.15133839845657" lon="-71.8339629471302">
        <ele>264.97</ele>
      </trkpt>
      <trkpt lat="43.15141785889864" lon="-71.83391081169248">
        <ele>264.08</ele>
      </trkpt>
      <trkpt lat="43.151457672938704" lon="-71.83388474397361">
        <ele>263.61</ele>
      </trkpt>
      <trkpt lat="43.15153713338077" lon="-71.83383260853589">
        <ele>262.61</ele>
      </trkpt>
      <trkpt lat="43.15173586830497" lon="-71.83370226994157">
        <ele>259.92</ele>
      </trkpt>
      <trkpt lat="43.151769982650876" lon="-71.83367997407913">
        <ele>259.5</ele>
      </trkpt>
      <trkpt lat="43.1518136523664" lon="-71.83364560827613">
        <ele>258.94</ele>
      </trkpt>
      <trkpt lat="43.151890095323324" lon="-71.83358551003039">
        <ele>258.02</ele>
      </trkpt>
      <trkpt lat="43.15196653828025" lon="-71.83352541178465">
        <ele>257.19</ele>
      </trkpt>
      <trkpt lat="43.15204298123717" lon="-71.83346522971988">
        <ele>256.42</ele>
      </trkpt>
      <trkpt lat="43.15215764567256" lon="-71.83337512426078">
        <ele>255.34</ele>
      </trkpt>
      <trkpt lat="43.15227239392698" lon="-71.83328493498266">
        <ele>254.33</ele>
      </trkpt>
      <trkpt lat="43.1523488368839" lon="-71.83322483673692">
        <ele>253.63</ele>
      </trkpt>
      <trkpt lat="43.152387058362365" lon="-71.83319474570453">
        <ele>253.26</ele>
      </trkpt>
      <trkpt lat="43.15246350131929" lon="-71.83313464745879">
        <ele>252.48</ele>
      </trkpt>
      <trkpt lat="43.15257892012596" lon="-71.83304387144744">
        <ele>251.35</ele>
      </trkpt>
      <trkpt lat="43.15273339860141" lon="-71.83292241767049">
        <ele>249.78</ele>
      </trkpt>
      <trkpt lat="43.15281059592962" lon="-71.83286173269153">
        <ele>249.07</ele>
      </trkpt>
      <trkpt lat="43.152887877076864" lon="-71.83280096389353">
        <ele>248.45</ele>
      </trkpt>
      <trkpt lat="43.152965074405074" lon="-71.83274027891457">
        <ele>247.93</ele>
      </trkpt>
      <trkpt lat="43.1530431099236" lon="-71.83267892338336">
        <ele>247.48</ele>
      </trkpt>
      <trkpt lat="43.153079990297556" lon="-71.83264992199838">
        <ele>247.28</ele>
      </trkpt>
      <trkpt lat="43.15319255925715" lon="-71.83254657313228">
        <ele>246.65</ele>
      </trkpt>
      <trkpt lat="43.153266571462154" lon="-71.83247859589756">
        <ele>246.18</ele>
      </trkpt>
      <trkpt lat="43.15334058366716" lon="-71.83241070248187">
        <ele>245.65</ele>
      </trkpt>
      <trkpt lat="43.15359681844711" lon="-71.83217542245984">
        <ele>243.58</ele>
      </trkpt>
      <trkpt lat="43.15367007628083" lon="-71.8321081995964">
        <ele>242.96</ele>
      </trkpt>
      <trkpt lat="43.15368994139135" lon="-71.83208992704749">
        <ele>242.76</ele>
      </trkpt>
      <trkpt lat="43.15374534577131" lon="-71.83204541914165">
        <ele>242.26</ele>
      </trkpt>
      <trkpt lat="43.15378331579268" lon="-71.83201482519507">
        <ele>241.86</ele>
      </trkpt>
      <trkpt lat="43.153859339654446" lon="-71.83195372112095">
        <ele>240.98</ele>
      </trkpt>
      <trkpt lat="43.15393536351621" lon="-71.8318925332278">
        <ele>240.0</ele>
      </trkpt>
      <trkpt lat="43.1541499402374" lon="-71.8317199498415">
        <ele>237.04</ele>
      </trkpt>
      <trkpt lat="43.15422026440501" lon="-71.83161718770862">
        <ele>235.82</ele>
      </trkpt>
      <trkpt lat="43.15427994355559" lon="-71.8315299320966">
        <ele>234.82</ele>
      </trkpt>
      <trkpt lat="43.1543296482414" lon="-71.83142867870629">
        <ele>233.81</ele>
      </trkpt>
      <trkpt lat="43.15437885001302" lon="-71.83132843114436">
        <ele>232.87</ele>
      </trkpt>
      <trkpt lat="43.15445210784674" lon="-71.83117906562984">
        <ele>231.58</ele>
      </trkpt>
      <trkpt lat="43.15452645532787" lon="-71.83102768845856">
        <ele>230.43</ele>
      </trkpt>
      <trkpt lat="43.15455101430416" lon="-71.8309775646776">
        <ele>230.08</ele>
      </trkpt>
      <trkpt lat="43.15460021607578" lon="-71.83087731711566">
        <ele>229.46</ele>
      </trkpt>
      <trkpt lat="43.15467397682369" lon="-71.83072694577277">
        <ele>228.6</ele>
      </trkpt>
      <trkpt lat="43.15477187745273" lon="-71.83052754029632">
        <ele>227.5</ele>
      </trkpt>
      <trkpt lat="43.15480993129313" lon="-71.83044992387295">
        <ele>227.05</ele>
      </trkpt>
      <trkpt lat="43.15485041588545" lon="-71.83038194663823">
        <ele>226.63</ele>
      </trkpt>
      <trkpt lat="43.15493389964104" lon="-71.83024146594107">
        <ele>225.66</ele>
      </trkpt>
      <trkpt lat="43.15499014221132" lon="-71.83014683425426">
        <ele>224.95</ele>
      </trkpt>
      <trkpt lat="43.15502995625138" lon="-71.83007994666696">
        <ele>224.4</ele>
      </trkpt>
      <trkpt lat="43.15504873171449" lon="-71.83005513623357">
        <ele>224.18</ele>
      </trkpt>
      <trkpt lat="43.155134143307805" lon="-71.82994214817882">
        <ele>223.09</ele>
      </trkpt>
      <trkpt lat="43.155134143307805" lon="-71.82994214817882">
        <ele>223.02</ele>
      </trkpt>
      <trkpt lat="43.15523514524102" lon="-71.8298086244613">
        <ele>221.74</ele>
      </trkpt>
      <trkpt lat="43.15533027984202" lon="-71.82968281209469">
        <ele>220.6</ele>
      </trkpt>
      <trkpt lat="43.155339919030666" lon="-71.82966998778284">
        <ele>220.49</ele>
      </trkpt>
      <trkpt lat="43.155339919030666" lon="-71.82965992949903">
        <ele>220.43</ele>
      </trkpt>
      <trkpt lat="43.155422480776906" lon="-71.82955557480454">
        <ele>219.52</ele>
      </trkpt>
      <trkpt lat="43.15552029758692" lon="-71.82943185791373">
        <ele>218.55</ele>
      </trkpt>
      <trkpt lat="43.15561811439693" lon="-71.82930814102292">
        <ele>217.68</ele>
      </trkpt>
      <trkpt lat="43.15571601502597" lon="-71.82918442413211">
        <ele>216.93</ele>
      </trkpt>
      <trkpt lat="43.15578139387071" lon="-71.82910161092877">
        <ele>216.52</ele>
      </trkpt>
      <trkpt lat="43.155813831835985" lon="-71.8290607072413">
        <ele>216.36</ele>
      </trkpt>
      <trkpt lat="43.15584618598223" lon="-71.82901971973479">
        <ele>216.23</ele>
      </trkpt>
      <trkpt lat="43.155911648646" lon="-71.82893699035048">
        <ele>216.05</ele>
      </trkpt>
      <trkpt lat="43.155977027490735" lon="-71.82885417714715">
        <ele>215.96</ele>
      </trkpt>
      <trkpt lat="43.15601994283497" lon="-71.82879994623363">
        <ele>215.96</ele>
      </trkpt>
      <trkpt lat="43.15604232251644" lon="-71.82877295650542">
        <ele>215.96</ele>
      </trkpt>
      <trkpt lat="43.15607610158622" lon="-71.82873230427504">
        <ele>216.0</ele>
      </trkpt>
      <trkpt lat="43.15610912628472" lon="-71.82869240641594">
        <ele>216.06</ele>
      </trkpt>
      <trkpt lat="43.15630903467536" lon="-71.82845134288073">
        <ele>216.62</ele>
      </trkpt>
      <trkpt lat="43.15635999664664" lon="-71.82838998734951">
        <ele>216.73</ele>
      </trkpt>
      <trkpt lat="43.15637592226267" lon="-71.82837280444801">
        <ele>216.77</ele>
      </trkpt>
      <trkpt lat="43.156446078792214" lon="-71.82829761877656">
        <ele>216.87</ele>
      </trkpt>
      <trkpt lat="43.156480779871345" lon="-71.82826040312648">
        <ele>216.9</ele>
      </trkpt>
      <trkpt lat="43.15651623532176" lon="-71.82822243310511">
        <ele>216.9</ele>
      </trkpt>
      <trkpt lat="43.15658563748002" lon="-71.82814800180495">
        <ele>216.82</ele>
      </trkpt>
      <trkpt lat="43.156621009111404" lon="-71.82811003178358">
        <ele>216.73</ele>
      </trkpt>
      <trkpt lat="43.156655794009566" lon="-71.8280728161335">
        <ele>216.62</ele>
      </trkpt>
      <trkpt lat="43.1566904950887" lon="-71.82803551666439">
        <ele>216.48</ele>
      </trkpt>
      <trkpt lat="43.15679526887834" lon="-71.82792311534286">
        <ele>215.99</ele>
      </trkpt>
      <trkpt lat="43.156898031011224" lon="-71.82781297713518">
        <ele>215.46</ele>
      </trkpt>
      <trkpt lat="43.15696676261723" lon="-71.8277393002063">
        <ele>215.15</ele>
      </trkpt>
      <trkpt lat="43.157035410404205" lon="-71.82766562327743">
        <ele>214.93</ele>
      </trkpt>
      <trkpt lat="43.15710414201021" lon="-71.82759194634855">
        <ele>214.81</ele>
      </trkpt>
      <trkpt lat="43.15717287361622" lon="-71.82751826941967">
        <ele>214.77</ele>
      </trkpt>
      <trkpt lat="43.15718997269869" lon="-71.82749999687076">
        <ele>214.77</ele>
      </trkpt>
      <trkpt lat="43.157206485047936" lon="-71.82747937738895">
        <ele>214.78</ele>
      </trkpt>
      <trkpt lat="43.15727110952139" lon="-71.82739899493754">
        <ele>214.85</ele>
      </trkpt>
      <trkpt lat="43.15733573399484" lon="-71.82731869630516">
        <ele>214.97</ele>
      </trkpt>
      <trkpt lat="43.15749691799283" lon="-71.82711820118129">
        <ele>215.36</ele>
      </trkpt>
      <trkpt lat="43.15765080973506" lon="-71.82692684233189">
        <ele>215.41</ele>
      </trkpt>
      <trkpt lat="43.15780461765826" lon="-71.82673548348248">
        <ele>215.42</ele>
      </trkpt>
      <trkpt lat="43.15793520770967" lon="-71.82657312601805">
        <ele>215.48</ele>
      </trkpt>
      <trkpt lat="43.158000418916345" lon="-71.82649190537632">
        <ele>215.46</ele>
      </trkpt>
      <trkpt lat="43.15806571394205" lon="-71.82641076855361">
        <ele>215.38</ele>
      </trkpt>
      <trkpt lat="43.15809840336442" lon="-71.82637020014226">
        <ele>215.3</ele>
      </trkpt>
      <trkpt lat="43.158163614571095" lon="-71.82628897950053">
        <ele>215.06</ele>
      </trkpt>
      <trkpt lat="43.15819630399346" lon="-71.82624841108918">
        <ele>214.9</ele>
      </trkpt>
      <trkpt lat="43.15826151520014" lon="-71.82616719044745">
        <ele>214.5</ele>
      </trkpt>
      <trkpt lat="43.158326810225844" lon="-71.82608605362475">
        <ele>214.0</ele>
      </trkpt>
      <trkpt lat="43.15837995149195" lon="-71.82601992040873">
        <ele>213.52</ele>
      </trkpt>
      <trkpt lat="43.15839369781315" lon="-71.8260076828301">
        <ele>213.42</ele>
      </trkpt>
      <trkpt lat="43.15846737474203" lon="-71.82594146579504">
        <ele>212.78</ele>
      </trkpt>
      <trkpt lat="43.15865169279277" lon="-71.8257759232074">
        <ele>211.07</ele>
      </trkpt>
      <trkpt lat="43.15872620791197" lon="-71.8257090356201">
        <ele>210.42</ele>
      </trkpt>
      <trkpt lat="43.158799884840846" lon="-71.82564290240407">
        <ele>209.84</ele>
      </trkpt>
      <trkpt lat="43.15886995755136" lon="-71.82557995431125">
        <ele>209.31</ele>
      </trkpt>
      <trkpt lat="43.15887347795069" lon="-71.82557643391192">
        <ele>209.31</ele>
      </trkpt>
      <trkpt lat="43.159051509574056" lon="-71.82539840228856">
        <ele>208.08</ele>
      </trkpt>
      <trkpt lat="43.15912342630327" lon="-71.82532648555934">
        <ele>207.44</ele>
      </trkpt>
      <trkpt lat="43.159196097403765" lon="-71.82525381445885">
        <ele>206.74</ele>
      </trkpt>
      <trkpt lat="43.159231720492244" lon="-71.82521819137037">
        <ele>206.36</ele>
      </trkpt>
      <trkpt lat="43.159289974719286" lon="-71.82515993714333">
        <ele>205.7</ele>
      </trkpt>
      <trkpt lat="43.15930346958339" lon="-71.8251440115273">
        <ele>205.54</ele>
      </trkpt>
      <trkpt lat="43.15937077626586" lon="-71.82506413199008">
        <ele>204.67</ele>
      </trkpt>
      <trkpt lat="43.15943883731961" lon="-71.82498349808156">
        <ele>203.76</ele>
      </trkpt>
      <trkpt lat="43.15960823558271" lon="-71.8247827515006">
        <ele>201.4</ele>
      </trkpt>
      <trkpt lat="43.15967554226518" lon="-71.82470295578241">
        <ele>201.84</ele>
      </trkpt>
      <trkpt lat="43.15977696329355" lon="-71.82458275929093">
        <ele>202.55</ele>
      </trkpt>
      <trkpt lat="43.15981099382043" lon="-71.82454244233668">
        <ele>202.74</ele>
      </trkpt>
      <trkpt lat="43.1598299369216" lon="-71.82451997883618">
        <ele>202.81</ele>
      </trkpt>
      <trkpt lat="43.159812334924936" lon="-71.82451042346656">
        <ele>202.88</ele>
      </trkpt>
      <trkpt lat="43.15977050922811" lon="-71.824487792328">
        <ele>202.94</ele>
      </trkpt>
      <trkpt lat="43.1597295217216" lon="-71.8244655802846">
        <ele>202.91</ele>
      </trkpt>
      <trkpt lat="43.159687696024776" lon="-71.82444294914603">
        <ele>202.81</ele>
      </trkpt>
      <trkpt lat="43.15960488282144" lon="-71.8243981897831">
        <ele>202.49</ele>
      </trkpt>
      <trkpt lat="43.15956389531493" lon="-71.82437597773969">
        <ele>202.36</ele>
      </trkpt>
      <trkpt lat="43.159522069618106" lon="-71.82435334660113">
        <ele>202.26</ele>
      </trkpt>
      <trkpt lat="43.1594810821116" lon="-71.82433121837676">
        <ele>202.22</ele>
      </trkpt>
      <trkpt lat="43.15943925641477" lon="-71.82430858723819">
        <ele>202.24</ele>
      </trkpt>
      <trkpt lat="43.15939826890826" lon="-71.82428637519479">
        <ele>202.32</ele>
      </trkpt>
      <trkpt lat="43.159356443211436" lon="-71.82426374405622">
        <ele>202.46</ele>
      </trkpt>
      <trkpt lat="43.15931545570493" lon="-71.82424161583185">
        <ele>202.66</ele>
      </trkpt>
      <trkpt lat="43.1592736300081" lon="-71.82421898469329">
        <ele>202.93</ele>
      </trkpt>
      <trkpt lat="43.159231804311275" lon="-71.82419635355473">
        <ele>203.26</ele>
      </trkpt>
      <trkpt lat="43.159219985827804" lon="-71.82418998330832">
        <ele>203.37</ele>
      </trkpt>
      <trkpt lat="43.159193666651845" lon="-71.8241664301604">
        <ele>203.67</ele>
      </trkpt>
      <trkpt lat="43.159156031906605" lon="-71.82413265109062">
        <ele>204.14</ele>
      </trkpt>
      <trkpt lat="43.15911915153265" lon="-71.82409962639213">
        <ele>204.69</ele>
      </trkpt>
      <trkpt lat="43.15908151678741" lon="-71.82406584732234">
        <ele>205.31</ele>
      </trkpt>
      <trkpt lat="43.15897012129426" lon="-71.82396601885557">
        <ele>207.35</ele>
      </trkpt>
      <trkpt lat="43.15892997197807" lon="-71.82392997667193">
        <ele>208.06</ele>
      </trkpt>
      <trkpt lat="43.15889107994735" lon="-71.82391229085624">
        <ele>208.67</ele>
      </trkpt>
      <trkpt lat="43.15880650654435" lon="-71.82387381792068">
        <ele>209.92</ele>
      </trkpt>
      <trkpt lat="43.15872201696038" lon="-71.82383542880416">
        <ele>211.12</ele>
      </trkpt>
      <trkpt lat="43.15859486348927" lon="-71.82377759367228">
        <ele>212.82</ele>
      </trkpt>
      <trkpt lat="43.15855219960213" lon="-71.82375823147595">
        <ele>213.33</ele>
      </trkpt>
      <trkpt lat="43.1585103739053" lon="-71.82373920455575">
        <ele>213.8</ele>
      </trkpt>
      <trkpt lat="43.15848992206156" lon="-71.82372998446226">
        <ele>214.0</ele>
      </trkpt>
      <trkpt lat="43.158467039465904" lon="-71.8237229436636">
        <ele>214.22</ele>
      </trkpt>
      <trkpt lat="43.158424040302634" lon="-71.82370970025659">
        <ele>214.58</ele>
      </trkpt>
      <trkpt lat="43.158380119130015" lon="-71.82369620539248">
        <ele>214.86</ele>
      </trkpt>
      <trkpt lat="43.15835991874337" lon="-71.8236899189651">
        <ele>214.96</ele>
      </trkpt>
      <trkpt lat="43.158336617052555" lon="-71.8236899189651">
        <ele>215.09</ele>
      </trkpt>
      <trkpt lat="43.158291606232524" lon="-71.8236899189651">
        <ele>215.26</ele>
      </trkpt>
      <trkpt lat="43.15820996649563" lon="-71.8236899189651">
        <ele>215.5</ele>
      </trkpt>
      <trkpt lat="43.158115753903985" lon="-71.82371799834073">
        <ele>215.79</ele>
      </trkpt>
      <trkpt lat="43.15807267092168" lon="-71.82373082265258">
        <ele>215.96</ele>
      </trkpt>
      <trkpt lat="43.158028749749064" lon="-71.82374389842153">
        <ele>216.17</ele>
      </trkpt>
      <trkpt lat="43.157984828576446" lon="-71.8237570580095">
        <ele>216.42</ele>
      </trkpt>
      <trkpt lat="43.157941745594144" lon="-71.82376988232136">
        <ele>216.7</ele>
      </trkpt>
      <trkpt lat="43.157897824421525" lon="-71.8237829580903">
        <ele>217.03</ele>
      </trkpt>
      <trkpt lat="43.15785474143922" lon="-71.82379578240216">
        <ele>217.38</ele>
      </trkpt>
      <trkpt lat="43.157739993184805" lon="-71.8238299805671">
        <ele>218.42</ele>
      </trkpt>
      <trkpt lat="43.157679392024875" lon="-71.8238299805671">
        <ele>218.96</ele>
      </trkpt>
      <trkpt lat="43.15757998265326" lon="-71.8238299805671">
        <ele>219.79</ele>
      </trkpt>
      <trkpt lat="43.15750127658248" lon="-71.8238299805671">
        <ele>220.45</ele>
      </trkpt>
      <trkpt lat="43.157459953799844" lon="-71.8238299805671">
        <ele>220.8</ele>
      </trkpt>
      <trkpt lat="43.15741594880819" lon="-71.82380483485758">
        <ele>221.22</ele>
      </trkpt>
      <trkpt lat="43.157332967966795" lon="-71.82375739328563">
        <ele>222.17</ele>
      </trkpt>
      <trkpt lat="43.15731997601688" lon="-71.82374993339181">
        <ele>222.32</ele>
      </trkpt>
      <trkpt lat="43.157293321564794" lon="-71.82372830808163">
        <ele>222.68</ele>
      </trkpt>
      <trkpt lat="43.157159965485334" lon="-71.82361993007362">
        <ele>224.54</ele>
      </trkpt>
      <trkpt lat="43.15711285918951" lon="-71.82355111464858">
        <ele>225.37</ele>
      </trkpt>
      <trkpt lat="43.157029962167144" lon="-71.82342999614775">
        <ele>226.9</ele>
      </trkpt>
      <trkpt lat="43.1570200715214" lon="-71.8234187643975">
        <ele>227.07</ele>
      </trkpt>
      <trkpt lat="43.15698528662324" lon="-71.82337970472872">
        <ele>227.66</ele>
      </trkpt>
      <trkpt lat="43.15691580064595" lon="-71.82330150157213">
        <ele>228.89</ele>
      </trkpt>
      <trkpt lat="43.15684690140188" lon="-71.82322405278683">
        <ele>230.19</ele>
      </trkpt>
      <trkpt lat="43.156777415424585" lon="-71.82314584963024">
        <ele>231.56</ele>
      </trkpt>
      <trkpt lat="43.156709941104054" lon="-71.82306999340653">
        <ele>233.02</ele>
      </trkpt>
      <trkpt lat="43.15670818090439" lon="-71.82306722737849">
        <ele>233.02</ele>
      </trkpt>
      <trkpt lat="43.15658890642226" lon="-71.82288433425128">
        <ele>236.08</ele>
      </trkpt>
      <trkpt lat="43.156559988856316" lon="-71.82283999398351">
        <ele>236.81</ele>
      </trkpt>
      <trkpt lat="43.156559150666" lon="-71.82283814996481">
        <ele>236.81</ele>
      </trkpt>
      <trkpt lat="43.1565123796463" lon="-71.82273287326097">
        <ele>238.2</ele>
      </trkpt>
      <trkpt lat="43.1564399600029" lon="-71.82256992906332">
        <ele>240.21</ele>
      </trkpt>
      <trkpt lat="43.156409952789545" lon="-71.82242995128036">
        <ele>241.76</ele>
      </trkpt>
      <trkpt lat="43.1564087793231" lon="-71.82233766652644">
        <ele>242.74</ele>
      </trkpt>
      <trkpt lat="43.156406516209245" lon="-71.82215276174247">
        <ele>244.55</ele>
      </trkpt>
      <trkpt lat="43.15640492364764" lon="-71.82202946394682">
        <ele>245.7</ele>
      </trkpt>
      <trkpt lat="43.15639997832477" lon="-71.82162998244166">
        <ele>249.3</ele>
      </trkpt>
      <trkpt lat="43.15634516067803" lon="-71.82142915204167">
        <ele>251.24</ele>
      </trkpt>
      <trkpt lat="43.156313728541136" lon="-71.821313733235">
        <ele>252.32</ele>
      </trkpt>
      <trkpt lat="43.156279949471354" lon="-71.82118993252516">
        <ele>253.33</ele>
      </trkpt>
      <trkpt lat="43.156279949471354" lon="-71.82118993252516">
        <ele>253.33</ele>
      </trkpt>
      <trkpt lat="43.15620434470475" lon="-71.82104911655188">
        <ele>254.74</ele>
      </trkpt>
      <trkpt lat="43.1560599245131" lon="-71.82077997364104">
        <ele>257.23</ele>
      </trkpt>
      <trkpt lat="43.155943835154176" lon="-71.82063069194555">
        <ele>258.86</ele>
      </trkpt>
      <trkpt lat="43.155878288671374" lon="-71.82054636999965">
        <ele>259.69</ele>
      </trkpt>
      <trkpt lat="43.155849957838655" lon="-71.82050999253988">
        <ele>260.08</ele>
      </trkpt>
      <trkpt lat="43.15584534779191" lon="-71.82050446048379">
        <ele>260.08</ele>
      </trkpt>
      <trkpt lat="43.155778124928474" lon="-71.82042432948947">
        <ele>260.8</ele>
      </trkpt>
      <trkpt lat="43.15567770972848" lon="-71.82030463591218">
        <ele>261.48</ele>
      </trkpt>
      <trkpt lat="43.15558995120227" lon="-71.82019994594157">
        <ele>262.04</ele>
      </trkpt>
      <trkpt lat="43.15549020655453" lon="-71.82014806196094">
        <ele>262.56</ele>
      </trkpt>
      <trkpt lat="43.15540697425604" lon="-71.82010481134057">
        <ele>263.03</ele>
      </trkpt>
      <trkpt lat="43.15536154434085" lon="-71.82008117437363">
        <ele>263.31</ele>
      </trkpt>
      <trkpt lat="43.1552395876497" lon="-71.82001780718565">
        <ele>264.21</ele>
      </trkpt>
      <trkpt lat="43.155115116387606" lon="-71.81995309889317">
        <ele>265.3</ele>
      </trkpt>
      <trkpt lat="43.15508997067809" lon="-71.81993993930519">
        <ele>265.55</ele>
      </trkpt>
      <trkpt lat="43.15499072894454" lon="-71.81988830678165">
        <ele>266.54</ele>
      </trkpt>
      <trkpt lat="43.15490749664605" lon="-71.81984505616128">
        <ele>267.47</ele>
      </trkpt>
      <trkpt lat="43.154839938506484" lon="-71.819809935987">
        <ele>268.29</ele>
      </trkpt>
      <trkpt lat="43.15482367761433" lon="-71.81980046443641">
        <ele>268.5</ele>
      </trkpt>
      <trkpt lat="43.15470113418996" lon="-71.81972896680236">
        <ele>270.15</ele>
      </trkpt>
      <trkpt lat="43.15465981140733" lon="-71.81970482692122">
        <ele>270.67</ele>
      </trkpt>
      <trkpt lat="43.15457783639431" lon="-71.81965705007315">
        <ele>271.65</ele>
      </trkpt>
      <trkpt lat="43.154536513611674" lon="-71.81963291019201">
        <ele>272.1</ele>
      </trkpt>
      <trkpt lat="43.15445453859866" lon="-71.81958513334394">
        <ele>272.94</ele>
      </trkpt>
      <trkpt lat="43.154290756210685" lon="-71.81948957964778">
        <ele>274.47</ele>
      </trkpt>
      <trkpt lat="43.154209619387984" lon="-71.81944230571389">
        <ele>275.3</ele>
      </trkpt>
      <trkpt lat="43.15412689000368" lon="-71.81939402595162">
        <ele>276.2</ele>
      </trkpt>
      <trkpt lat="43.15404575318098" lon="-71.8193466681987">
        <ele>277.23</ele>
      </trkpt>
      <trkpt lat="43.15396553836763" lon="-71.81929989717901">
        <ele>278.29</ele>
      </trkpt>
      <trkpt lat="43.153885239735246" lon="-71.81925304234028">
        <ele>279.46</ele>
      </trkpt>
      <trkpt lat="43.15380494110286" lon="-71.81920618750155">
        <ele>280.74</ele>
      </trkpt>
      <trkpt lat="43.15368499606848" lon="-71.81913619861007">
        <ele>282.81</ele>
      </trkpt>
      <trkpt lat="43.15336304716766" lon="-71.81894844397902">
        <ele>288.48</ele>
      </trkpt>
      <trkpt lat="43.15328283235431" lon="-71.8189015891403">
        <ele>289.93</ele>
      </trkpt>
      <trkpt lat="43.15312231890857" lon="-71.81880796328187">
        <ele>292.9</ele>
      </trkpt>
      <trkpt lat="43.15304202027619" lon="-71.81876119226217">
        <ele>294.34</ele>
      </trkpt>
      <trkpt lat="43.152961721643806" lon="-71.81871433742344">
        <ele>295.71</ele>
      </trkpt>
      <trkpt lat="43.152881506830454" lon="-71.81866748258471">
        <ele>296.98</ele>
      </trkpt>
      <trkpt lat="43.15280120819807" lon="-71.81862071156502">
        <ele>298.16</ele>
      </trkpt>
      <trkpt lat="43.15267992205918" lon="-71.81854996830225">
        <ele>297.51</ele>
      </trkpt>
      <trkpt lat="43.15267992205918" lon="-71.81854996830225">
        <ele>297.51</ele>
      </trkpt>
      <trkpt lat="43.15264664590359" lon="-71.81851149536669">
        <ele>297.27</ele>
      </trkpt>
      <trkpt lat="43.15257984213531" lon="-71.81843446567655">
        <ele>296.75</ele>
      </trkpt>
      <trkpt lat="43.15254991874099" lon="-71.81839993223548">
        <ele>296.43</ele>
      </trkpt>
      <trkpt lat="43.152563497424126" lon="-71.81833405047655">
        <ele>296.03</ele>
      </trkpt>
      <trkpt lat="43.15257548354566" lon="-71.81827596388757">
        <ele>295.64</ele>
      </trkpt>
      <trkpt lat="43.15258772112429" lon="-71.81821662001312">
        <ele>295.2</ele>
      </trkpt>
      <trkpt lat="43.15259987488389" lon="-71.81815727613866">
        <ele>294.73</ele>
      </trkpt>
      <trkpt lat="43.1526199914515" lon="-71.81805996224284">
        <ele>293.89</ele>
      </trkpt>
      <trkpt lat="43.152624601498246" lon="-71.81804009713233">
        <ele>293.72</ele>
      </trkpt>
      <trkpt lat="43.15263843163848" lon="-71.81798142381012">
        <ele>293.25</ele>
      </trkpt>
      <trkpt lat="43.152651926502585" lon="-71.81792392395437">
        <ele>292.82</ele>
      </trkpt>
      <trkpt lat="43.15266575664282" lon="-71.81786525063217">
        <ele>292.45</ele>
      </trkpt>
      <trkpt lat="43.15267958678305" lon="-71.81780657730997">
        <ele>292.12</ele>
      </trkpt>
      <trkpt lat="43.1527204066515" lon="-71.81763298809528">
        <ele>291.23</ele>
      </trkpt>
      <trkpt lat="43.15274806693196" lon="-71.81751564145088">
        <ele>290.73</ele>
      </trkpt>
      <trkpt lat="43.15276156179607" lon="-71.81745814159513">
        <ele>290.54</ele>
      </trkpt>
      <trkpt lat="43.1527753919363" lon="-71.81739946827292">
        <ele>290.38</ele>
      </trkpt>
      <trkpt lat="43.152779918164015" lon="-71.81737993843853">
        <ele>290.34</ele>
      </trkpt>
      <trkpt lat="43.15278620459139" lon="-71.81733978912234">
        <ele>290.27</ele>
      </trkpt>
      <trkpt lat="43.15279534086585" lon="-71.81728069670498">
        <ele>290.19</ele>
      </trkpt>
      <trkpt lat="43.1528047285974" lon="-71.81722034700215">
        <ele>290.17</ele>
      </trkpt>
      <trkpt lat="43.152814116328955" lon="-71.81716008111835">
        <ele>290.21</ele>
      </trkpt>
      <trkpt lat="43.15282325260341" lon="-71.81710098870099">
        <ele>290.31</ele>
      </trkpt>
      <trkpt lat="43.15283255651593" lon="-71.81704072281718">
        <ele>290.47</ele>
      </trkpt>
      <trkpt lat="43.152841944247484" lon="-71.81698045693338">
        <ele>290.66</ele>
      </trkpt>
      <trkpt lat="43.15285108052194" lon="-71.81692136451602">
        <ele>290.9</ele>
      </trkpt>
      <trkpt lat="43.15286046825349" lon="-71.81686109863222">
        <ele>291.21</ele>
      </trkpt>
      <trkpt lat="43.15286993980408" lon="-71.8167999945581">
        <ele>291.58</ele>
      </trkpt>
      <trkpt lat="43.15286993980408" lon="-71.8167999945581">
        <ele>291.58</ele>
      </trkpt>
      <trkpt lat="43.15288234502077" lon="-71.81674282997847">
        <ele>292.03</ele>
      </trkpt>
      <trkpt lat="43.15289508551359" lon="-71.8166837375611">
        <ele>292.52</ele>
      </trkpt>
      <trkpt lat="43.15292039886117" lon="-71.81656672619283">
        <ele>293.63</ele>
      </trkpt>
      <trkpt lat="43.15294571220875" lon="-71.81644971482456">
        <ele>294.8</ele>
      </trkpt>
      <trkpt lat="43.15295820124447" lon="-71.81639179587364">
        <ele>295.18</ele>
      </trkpt>
      <trkpt lat="43.152970941737294" lon="-71.81633270345628">
        <ele>295.6</ele>
      </trkpt>
      <trkpt lat="43.15298351459205" lon="-71.81627478450537">
        <ele>296.07</ele>
      </trkpt>
      <trkpt lat="43.15299625508487" lon="-71.81621569208801">
        <ele>296.62</ele>
      </trkpt>
      <trkpt lat="43.153009079396725" lon="-71.81615659967065">
        <ele>297.25</ele>
      </trkpt>
      <trkpt lat="43.15302156843245" lon="-71.81609868071973">
        <ele>297.98</ele>
      </trkpt>
      <trkpt lat="43.15302995033562" lon="-71.81605995632708">
        <ele>298.5</ele>
      </trkpt>
      <trkpt lat="43.15304545685649" lon="-71.81598108261824">
        <ele>299.56</ele>
      </trkpt>
      <trkpt lat="43.1530571077019" lon="-71.81592157110572">
        <ele>300.27</ele>
      </trkpt>
      <trkpt lat="43.153068758547306" lon="-71.8158620595932">
        <ele>300.87</ele>
      </trkpt>
      <trkpt lat="43.15308015793562" lon="-71.81580372154713">
        <ele>301.38</ele>
      </trkpt>
      <trkpt lat="43.15309189260006" lon="-71.81574421003461">
        <ele>301.82</ele>
      </trkpt>
      <trkpt lat="43.15311494283378" lon="-71.81562636047602">
        <ele>302.64</ele>
      </trkpt>
      <trkpt lat="43.15316146239638" lon="-71.81538948789239">
        <ele>304.21</ele>
      </trkpt>
      <trkpt lat="43.1531728617847" lon="-71.81533114984632">
        <ele>304.58</ele>
      </trkpt>
      <trkpt lat="43.153184512630105" lon="-71.81527155451477">
        <ele>304.9</ele>
      </trkpt>
      <trkpt lat="43.15319599583745" lon="-71.81521321646869">
        <ele>305.16</ele>
      </trkpt>
      <trkpt lat="43.15320764668286" lon="-71.81515370495617">
        <ele>305.35</ele>
      </trkpt>
      <trkpt lat="43.15321929752827" lon="-71.81509419344366">
        <ele>305.44</ele>
      </trkpt>
      <trkpt lat="43.15323078073561" lon="-71.81503585539758">
        <ele>305.45</ele>
      </trkpt>
      <trkpt lat="43.15324243158102" lon="-71.81497634388506">
        <ele>305.39</ele>
      </trkpt>
      <trkpt lat="43.15325408242643" lon="-71.81491683237255">
        <ele>305.26</ele>
      </trkpt>
      <trkpt lat="43.153265565633774" lon="-71.81485849432647">
        <ele>305.08</ele>
      </trkpt>
      <trkpt lat="43.15327721647918" lon="-71.81479898281395">
        <ele>304.86</ele>
      </trkpt>
      <trkpt lat="43.153288615867496" lon="-71.81474064476788">
        <ele>304.59</ele>
      </trkpt>
      <trkpt lat="43.153300350531936" lon="-71.81468113325536">
        <ele>304.28</ele>
      </trkpt>
      <trkpt lat="43.153312001377344" lon="-71.81462153792381">
        <ele>303.94</ele>
      </trkpt>
      <trkpt lat="43.15334653481841" lon="-71.81444535031915">
        <ele>302.85</ele>
      </trkpt>
      <trkpt lat="43.15335818566382" lon="-71.81438583880663">
        <ele>302.5</ele>
      </trkpt>
      <trkpt lat="43.15338131971657" lon="-71.81426798924804">
        <ele>301.87</ele>
      </trkpt>
      <trkpt lat="43.15340470522642" lon="-71.814148966223">
        <ele>301.31</ele>
      </trkpt>
      <trkpt lat="43.153416104614735" lon="-71.81409062817693">
        <ele>301.07</ele>
      </trkpt>
      <trkpt lat="43.15342993475497" lon="-71.81401996873319">
        <ele>300.86</ele>
      </trkpt>
      <trkpt lat="43.15342993475497" lon="-71.81401996873319">
        <ele>300.86</ele>
      </trkpt>
      <trkpt lat="43.15343982540071" lon="-71.8139729462564">
        <ele>300.68</ele>
      </trkpt>
      <trkpt lat="43.153452230617404" lon="-71.81391377002001">
        <ele>300.53</ele>
      </trkpt>
      <trkpt lat="43.15348927862942" lon="-71.81373724713922">
        <ele>300.14</ele>
      </trkpt>
      <trkpt lat="43.15350143238902" lon="-71.81367916055024">
        <ele>299.99</ele>
      </trkpt>
      <trkpt lat="43.15352624282241" lon="-71.81356064043939">
        <ele>299.62</ele>
      </trkpt>
      <trkpt lat="43.15353839658201" lon="-71.81350263766944">
        <ele>299.4</ele>
      </trkpt>
      <trkpt lat="43.15356329083443" lon="-71.8133841175586">
        <ele>298.88</ele>
      </trkpt>
      <trkpt lat="43.15357519313693" lon="-71.8133272882551">
        <ele>298.56</ele>
      </trkpt>
      <trkpt lat="43.15358784981072" lon="-71.81326685473323">
        <ele>298.19</ele>
      </trkpt>
      <trkpt lat="43.15360000357032" lon="-71.81320876814425">
        <ele>297.76</ele>
      </trkpt>
      <trkpt lat="43.153612492606044" lon="-71.81314959190786">
        <ele>297.28</ele>
      </trkpt>
      <trkpt lat="43.15362489782274" lon="-71.81309033185244">
        <ele>296.75</ele>
      </trkpt>
      <trkpt lat="43.153637051582336" lon="-71.81303224526346">
        <ele>296.18</ele>
      </trkpt>
      <trkpt lat="43.15366161055863" lon="-71.81291498243809">
        <ele>294.96</ele>
      </trkpt>
      <trkpt lat="43.15368650481105" lon="-71.81279646232724">
        <ele>293.65</ele>
      </trkpt>
      <trkpt lat="43.15368994139135" lon="-71.812779949978">
        <ele>293.45</ele>
      </trkpt>
      <trkpt lat="43.15368994139135" lon="-71.81273678317666">
        <ele>292.96</ele>
      </trkpt>
      <trkpt lat="43.15368994139135" lon="-71.8125899322331">
        <ele>291.21</ele>
      </trkpt>
      <trkpt lat="43.15365155227482" lon="-71.8125066999346">
        <ele>290.05</ele>
      </trkpt>
      <trkpt lat="43.15362992696464" lon="-71.8124599289149">
        <ele>289.4</ele>
      </trkpt>
      <trkpt lat="43.15360109321773" lon="-71.81240620091558">
        <ele>288.63</ele>
      </trkpt>
      <trkpt lat="43.15354837104678" lon="-71.81230788119137">
        <ele>287.31</ele>
      </trkpt>
      <trkpt lat="43.153521716594696" lon="-71.8122582603246">
        <ele>286.71</ele>
      </trkpt>
      <trkpt lat="43.15344233997166" lon="-71.81211023591459">
        <ele>285.05</ele>
      </trkpt>
      <trkpt lat="43.15340998582542" lon="-71.81204997003078">
        <ele>284.35</ele>
      </trkpt>
      <trkpt lat="43.1533800624311" lon="-71.81194913573563">
        <ele>283.34</ele>
      </trkpt>
      <trkpt lat="43.15336346626282" lon="-71.81189314462245">
        <ele>282.8</ele>
      </trkpt>
      <trkpt lat="43.15332993865013" lon="-71.81177998892963">
        <ele>281.85</ele>
      </trkpt>
      <trkpt lat="43.15332993865013" lon="-71.81177998892963">
        <ele>281.85</ele>
      </trkpt>
      <trkpt lat="43.153325663879514" lon="-71.81171880103648">
        <ele>281.43</ele>
      </trkpt>
      <trkpt lat="43.153321389108896" lon="-71.81165744550526">
        <ele>281.06</ele>
      </trkpt>
      <trkpt lat="43.15331719815731" lon="-71.81159726344049">
        <ele>280.78</ele>
      </trkpt>
      <trkpt lat="43.15331292338669" lon="-71.81153590790927">
        <ele>280.6</ele>
      </trkpt>
      <trkpt lat="43.15330873243511" lon="-71.81147580966353">
        <ele>280.53</ele>
      </trkpt>
      <trkpt lat="43.15330445766449" lon="-71.81141445413232">
        <ele>280.55</ele>
      </trkpt>
      <trkpt lat="43.15329993143678" lon="-71.81134999729693">
        <ele>280.64</ele>
      </trkpt>
      <trkpt lat="43.15329993143678" lon="-71.81134999729693">
        <ele>280.64</ele>
      </trkpt>
      <trkpt lat="43.153310576453805" lon="-71.81129459291697">
        <ele>280.77</ele>
      </trkpt>
      <trkpt lat="43.15332197584212" lon="-71.81123491376638">
        <ele>280.93</ele>
      </trkpt>
      <trkpt lat="43.15333337523043" lon="-71.81117531843483">
        <ele>281.12</ele>
      </trkpt>
      <trkpt lat="43.15334452316165" lon="-71.81111689656973">
        <ele>281.34</ele>
      </trkpt>
      <trkpt lat="43.15335592254996" lon="-71.81105721741915">
        <ele>281.61</ele>
      </trkpt>
      <trkpt lat="43.15336707048118" lon="-71.81099879555404">
        <ele>281.92</ele>
      </trkpt>
      <trkpt lat="43.153378469869494" lon="-71.81093920022249">
        <ele>282.27</ele>
      </trkpt>
      <trkpt lat="43.15341241657734" lon="-71.81076150387526">
        <ele>283.4</ele>
      </trkpt>
      <trkpt lat="43.15342381596565" lon="-71.8107019085437">
        <ele>283.76</ele>
      </trkpt>
      <trkpt lat="43.153457595035434" lon="-71.81052538566291">
        <ele>284.7</ele>
      </trkpt>
      <trkpt lat="43.15348039381206" lon="-71.81040611118078">
        <ele>285.26</ele>
      </trkpt>
      <trkpt lat="43.15350294113159" lon="-71.81028809398413">
        <ele>285.75</ele>
      </trkpt>
      <trkpt lat="43.15351392142475" lon="-71.81023084558547">
        <ele>285.96</ele>
      </trkpt>
      <trkpt lat="43.15353688783944" lon="-71.81011039763689">
        <ele>286.34</ele>
      </trkpt>
      <trkpt lat="43.15355993807316" lon="-71.80998994968832">
        <ele>286.21</ele>
      </trkpt>
      <trkpt lat="43.15362992696464" lon="-71.80972994305193">
        <ele>285.94</ele>
      </trkpt>
      <trkpt lat="43.15360310487449" lon="-71.80974788032472">
        <ele>285.91</ele>
      </trkpt>
      <trkpt lat="43.15360310487449" lon="-71.80974788032472">
        <ele>285.9</ele>
      </trkpt>
      <trkpt lat="43.153569996356964" lon="-71.80976992473006">
        <ele>285.85</ele>
      </trkpt>
      <trkpt lat="43.15344996750355" lon="-71.80975995026529">
        <ele>285.69</ele>
      </trkpt>
      <trkpt lat="43.153489949181676" lon="-71.80956993252039">
        <ele>285.51</ele>
      </trkpt>
      <trkpt lat="43.153489949181676" lon="-71.8095799908042">
        <ele>285.5</ele>
      </trkpt>
      <trkpt lat="43.15353998914361" lon="-71.80935996584594">
        <ele>285.28</ele>
      </trkpt>
      <trkpt lat="43.15356186591089" lon="-71.80932425893843">
        <ele>285.24</ele>
      </trkpt>
      <trkpt lat="43.15361995249987" lon="-71.80922996252775">
        <ele>284.53</ele>
      </trkpt>
      <trkpt lat="43.153699999675155" lon="-71.80913994088769">
        <ele>283.73</ele>
      </trkpt>
      <trkpt lat="43.1537270732224" lon="-71.8091240990907">
        <ele>283.5</ele>
      </trkpt>
      <trkpt lat="43.15381994470954" lon="-71.80906995199621">
        <ele>282.68</ele>
      </trkpt>
      <trkpt lat="43.15384475514293" lon="-71.80896853096783">
        <ele>282.05</ele>
      </trkpt>
      <trkpt lat="43.153873002156615" lon="-71.80885277688503">
        <ele>281.22</ele>
      </trkpt>
      <trkpt lat="43.15388725139201" lon="-71.8087942712009">
        <ele>280.75</ele>
      </trkpt>
      <trkpt lat="43.153915498405695" lon="-71.80867860093713">
        <ele>279.73</ele>
      </trkpt>
      <trkpt lat="43.15392983146012" lon="-71.80862009525299">
        <ele>279.26</ele>
      </trkpt>
      <trkpt lat="43.15394408069551" lon="-71.80856167338789">
        <ele>278.85</ele>
      </trkpt>
      <trkpt lat="43.1539583299309" lon="-71.80850325152278">
        <ele>278.51</ele>
      </trkpt>
      <trkpt lat="43.1539723277092" lon="-71.80844591930509">
        <ele>278.22</ele>
      </trkpt>
      <trkpt lat="43.15398657694459" lon="-71.80838749743998">
        <ele>277.96</ele>
      </trkpt>
      <trkpt lat="43.15402999520302" lon="-71.80820996873081">
        <ele>277.3</ele>
      </trkpt>
      <trkpt lat="43.15402999520302" lon="-71.80820996873081">
        <ele>277.3</ele>
      </trkpt>
      <trkpt lat="43.15406394191086" lon="-71.80803596042097">
        <ele>276.69</ele>
      </trkpt>
      <trkpt lat="43.15408715978265" lon="-71.8079168535769">
        <ele>276.31</ele>
      </trkpt>
      <trkpt lat="43.154109958559275" lon="-71.80779992602766">
        <ele>275.99</ele>
      </trkpt>
      <trkpt lat="43.15411021001637" lon="-71.8077990040183">
        <ele>275.99</ele>
      </trkpt>
      <trkpt lat="43.15415664575994" lon="-71.8076266720891">
        <ele>275.55</ele>
      </trkpt>
      <trkpt lat="43.15417994745076" lon="-71.80753991939127">
        <ele>275.29</ele>
      </trkpt>
      <trkpt lat="43.15419218502939" lon="-71.8075141031295">
        <ele>275.21</ele>
      </trkpt>
      <trkpt lat="43.15421624109149" lon="-71.80746339261532">
        <ele>275.06</ele>
      </trkpt>
      <trkpt lat="43.15424071624875" lon="-71.80741167627275">
        <ele>274.93</ele>
      </trkpt>
      <trkpt lat="43.15426996909082" lon="-71.80734998546541">
        <ele>274.82</ele>
      </trkpt>
      <trkpt lat="43.15429427661002" lon="-71.80731486529112">
        <ele>274.75</ele>
      </trkpt>
      <trkpt lat="43.15432520583272" lon="-71.80727010592818">
        <ele>274.71</ele>
      </trkpt>
      <trkpt lat="43.15435999073088" lon="-71.80721998214722">
        <ele>274.68</ele>
      </trkpt>
      <trkpt lat="43.15446216613054" lon="-71.80711311288178">
        <ele>274.63</ele>
      </trkpt>
      <trkpt lat="43.15449787303805" lon="-71.80707572959363">
        <ele>274.63</ele>
      </trkpt>
      <trkpt lat="43.15453290939331" lon="-71.80703910067677">
        <ele>274.67</ele>
      </trkpt>
      <trkpt lat="43.15456870011985" lon="-71.80700171738863">
        <ele>274.74</ele>
      </trkpt>
      <trkpt lat="43.1545799318701" lon="-71.80698998272419">
        <ele>274.77</ele>
      </trkpt>
      <trkpt lat="43.154606418684125" lon="-71.80696835741401">
        <ele>274.84</ele>
      </trkpt>
      <trkpt lat="43.15468294546008" lon="-71.80690599605441">
        <ele>275.1</ele>
      </trkpt>
      <trkpt lat="43.1547215860337" lon="-71.80687456391752">
        <ele>275.29</ele>
      </trkpt>
      <trkpt lat="43.15476022660732" lon="-71.80684304796159">
        <ele>275.54</ele>
      </trkpt>
      <trkpt lat="43.15479811280966" lon="-71.80681220255792">
        <ele>275.83</ele>
      </trkpt>
      <trkpt lat="43.15484999679029" lon="-71.80676995776594">
        <ele>276.28</ele>
      </trkpt>
      <trkpt lat="43.15489752218127" lon="-71.8066926766187">
        <ele>276.85</ele>
      </trkpt>
      <trkpt lat="43.154929960146546" lon="-71.80663995444775">
        <ele>277.22</ele>
      </trkpt>
      <trkpt lat="43.15499994903803" lon="-71.80649997666478">
        <ele>278.13</ele>
      </trkpt>
      <trkpt lat="43.15501327626407" lon="-71.80643417872488">
        <ele>278.5</ele>
      </trkpt>
      <trkpt lat="43.155049066990614" lon="-71.80625723674893">
        <ele>279.43</ele>
      </trkpt>
      <trkpt lat="43.15506105311215" lon="-71.80619780905545">
        <ele>279.77</ele>
      </trkpt>
      <trkpt lat="43.15507287159562" lon="-71.80613963864744">
        <ele>280.15</ele>
      </trkpt>
      <trkpt lat="43.155084857717156" lon="-71.80608021095395">
        <ele>280.59</ele>
      </trkpt>
      <trkpt lat="43.15509684383869" lon="-71.80602078326046">
        <ele>281.07</ele>
      </trkpt>
      <trkpt lat="43.15515643917024" lon="-71.80572615936399">
        <ele>283.71</ele>
      </trkpt>
      <trkpt lat="43.15520429983735" lon="-71.80548978969455">
        <ele>285.7</ele>
      </trkpt>
      <trkpt lat="43.155216285958886" lon="-71.80543036200106">
        <ele>286.16</ele>
      </trkpt>
      <trkpt lat="43.15522827208042" lon="-71.8053710181266">
        <ele>286.58</ele>
      </trkpt>
      <trkpt lat="43.15524009056389" lon="-71.80531276389956">
        <ele>286.95</ele>
      </trkpt>
      <trkpt lat="43.15525207668543" lon="-71.80525333620608">
        <ele>287.28</ele>
      </trkpt>
      <trkpt lat="43.155264062806964" lon="-71.80519399233162">
        <ele>287.57</ele>
      </trkpt>
      <trkpt lat="43.155275881290436" lon="-71.80513573810458">
        <ele>287.82</ele>
      </trkpt>
      <trkpt lat="43.15528786741197" lon="-71.80507639423013">
        <ele>288.04</ele>
      </trkpt>
      <trkpt lat="43.155299853533506" lon="-71.80501696653664">
        <ele>288.23</ele>
      </trkpt>
      <trkpt lat="43.155323658138514" lon="-71.80489936843514">
        <ele>288.53</ele>
      </trkpt>
      <trkpt lat="43.155359951779246" lon="-71.80471999570727">
        <ele>288.89</ele>
      </trkpt>
      <trkpt lat="43.15538685768843" lon="-71.80460491217673">
        <ele>289.13</ele>
      </trkpt>
      <trkpt lat="43.155441423878074" lon="-71.80437130853534">
        <ele>289.58</ele>
      </trkpt>
      <trkpt lat="43.15545491874218" lon="-71.80431372486055">
        <ele>289.71</ele>
      </trkpt>
      <trkpt lat="43.15549582242966" lon="-71.80413887836039">
        <ele>290.16</ele>
      </trkpt>
      <trkpt lat="43.15550948493183" lon="-71.80408012121916">
        <ele>290.28</ele>
      </trkpt>
      <trkpt lat="43.155564134940505" lon="-71.80384651757777">
        <ele>290.65</ele>
      </trkpt>
      <trkpt lat="43.15561878494918" lon="-71.80361291393638">
        <ele>291.05</ele>
      </trkpt>
      <trkpt lat="43.15565826371312" lon="-71.8034438509494">
        <ele>289.31</ele>
      </trkpt>
      <trkpt lat="43.15568458288908" lon="-71.80333111435175">
        <ele>288.08</ele>
      </trkpt>
      <trkpt lat="43.155719954520464" lon="-71.80317998863757">
        <ele>286.39</ele>
      </trkpt>
      <trkpt lat="43.155870493501425" lon="-71.80333052761853">
        <ele>283.69</ele>
      </trkpt>
      <trkpt lat="43.15590997226536" lon="-71.80336992256343">
        <ele>283.0</ele>
      </trkpt>
      <trkpt lat="43.15613117069006" lon="-71.80353915318847">
        <ele>279.48</ele>
      </trkpt>
      <trkpt lat="43.15635345876217" lon="-71.80370913818479">
        <ele>276.26</ele>
      </trkpt>
      <trkpt lat="43.15641992725432" lon="-71.803759932518">
        <ele>275.32</ele>
      </trkpt>
      <trkpt lat="43.15665512345731" lon="-71.80392379872501">
        <ele>272.08</ele>
      </trkpt>
      <trkpt lat="43.15673450008035" lon="-71.80397911928594">
        <ele>271.23</ele>
      </trkpt>
      <trkpt lat="43.15681387670338" lon="-71.80403435602784">
        <ele>270.33</ele>
      </trkpt>
      <trkpt lat="43.15701353363693" lon="-71.80417349562049">
        <ele>267.99</ele>
      </trkpt>
      <trkpt lat="43.157092072069645" lon="-71.8042282294482">
        <ele>267.0</ele>
      </trkpt>
      <trkpt lat="43.15725007094443" lon="-71.80433820001781">
        <ele>264.93</ele>
      </trkpt>
      <trkpt lat="43.15730991773307" lon="-71.8043799418956">
        <ele>264.17</ele>
      </trkpt>
      <trkpt lat="43.1573292799294" lon="-71.80439083836973">
        <ele>263.94</ele>
      </trkpt>
      <trkpt lat="43.15761627629399" lon="-71.80455244146287">
        <ele>260.58</ele>
      </trkpt>
      <trkpt lat="43.157861698418856" lon="-71.80469065904617">
        <ele>257.6</ele>
      </trkpt>
      <trkpt lat="43.15802556462586" lon="-71.80478294380009">
        <ele>255.68</ele>
      </trkpt>
      <trkpt lat="43.1581062823534" lon="-71.80482837371528">
        <ele>254.91</ele>
      </trkpt>
      <trkpt lat="43.15818783827126" lon="-71.80487430654466">
        <ele>254.2</ele>
      </trkpt>
      <trkpt lat="43.15826931037009" lon="-71.80492015555501">
        <ele>253.55</ele>
      </trkpt>
      <trkpt lat="43.158339969813824" lon="-71.80495996959507">
        <ele>253.01</ele>
      </trkpt>
      <trkpt lat="43.158477768301964" lon="-71.80501696653664">
        <ele>252.0</ele>
      </trkpt>
      <trkpt lat="43.158561335876584" lon="-71.80505158379674">
        <ele>251.34</ele>
      </trkpt>
      <trkpt lat="43.15864565782249" lon="-71.80508645251393">
        <ele>250.59</ele>
      </trkpt>
      <trkpt lat="43.158687902614474" lon="-71.80510388687253">
        <ele>250.19</ele>
      </trkpt>
      <trkpt lat="43.15877222456038" lon="-71.80513883940876">
        <ele>249.3</ele>
      </trkpt>
      <trkpt lat="43.15887724980712" lon="-71.80518225766718">
        <ele>248.05</ele>
      </trkpt>
      <trkpt lat="43.15887724980712" lon="-71.80518225766718">
        <ele>248.03</ele>
      </trkpt>
      <trkpt lat="43.158919997513294" lon="-71.80519994348288">
        <ele>247.46</ele>
      </trkpt>
      <trkpt lat="43.15898294560611" lon="-71.80521729402244">
        <ele>246.66</ele>
      </trkpt>
      <trkpt lat="43.15911169163883" lon="-71.80525283329189">
        <ele>244.93</ele>
      </trkpt>
      <trkpt lat="43.159209927544" lon="-71.80527999065816">
        <ele>243.67</ele>
      </trkpt>
      <trkpt lat="43.159285029396415" lon="-71.80529625155032">
        <ele>242.73</ele>
      </trkpt>
      <trkpt lat="43.159415535628796" lon="-71.80532466620207">
        <ele>241.02</ele>
      </trkpt>
      <trkpt lat="43.1595035456121" lon="-71.8053437769413">
        <ele>239.81</ele>
      </trkpt>
      <trkpt lat="43.15963405184448" lon="-71.80537219159305">
        <ele>237.92</ele>
      </trkpt>
      <trkpt lat="43.15972113981843" lon="-71.80539105087519">
        <ele>236.58</ele>
      </trkpt>
      <trkpt lat="43.1598090659827" lon="-71.80541016161442">
        <ele>235.15</ele>
      </trkpt>
      <trkpt lat="43.15989992581308" lon="-71.8054299429059">
        <ele>233.62</ele>
      </trkpt>
      <trkpt lat="43.15989992581308" lon="-71.8054299429059">
        <ele>233.62</ele>
      </trkpt>
      <trkpt lat="43.160073179751635" lon="-71.8054333794862">
        <ele>230.46</ele>
      </trkpt>
      <trkpt lat="43.160162195563316" lon="-71.80543513968587">
        <ele>228.99</ele>
      </trkpt>
      <trkpt lat="43.16025129519403" lon="-71.8054368160665">
        <ele>227.6</ele>
      </trkpt>
      <trkpt lat="43.16029530018568" lon="-71.80543773807585">
        <ele>226.95</ele>
      </trkpt>
      <trkpt lat="43.16034031100571" lon="-71.80543857626617">
        <ele>226.34</ele>
      </trkpt>
      <trkpt lat="43.16040996462107" lon="-71.80543991737068">
        <ele>225.45</ele>
      </trkpt>
      <trkpt lat="43.16042932681739" lon="-71.80543941445649">
        <ele>225.21</ele>
      </trkpt>
      <trkpt lat="43.160518342629075" lon="-71.8054370675236">
        <ele>224.17</ele>
      </trkpt>
      <trkpt lat="43.16060735844076" lon="-71.80543480440974">
        <ele>223.22</ele>
      </trkpt>
      <trkpt lat="43.16069637425244" lon="-71.80543245747685">
        <ele>222.36</ele>
      </trkpt>
      <trkpt lat="43.16083031706512" lon="-71.80542893707752">
        <ele>221.14</ele>
      </trkpt>
      <trkpt lat="43.1609193328768" lon="-71.80542659014463">
        <ele>220.14</ele>
      </trkpt>
      <trkpt lat="43.1609642598778" lon="-71.80542533285916">
        <ele>219.59</ele>
      </trkpt>
      <trkpt lat="43.16100927069783" lon="-71.80542415939271">
        <ele>219.0</ele>
      </trkpt>
      <trkpt lat="43.16105327568948" lon="-71.80542298592627">
        <ele>218.36</ele>
      </trkpt>
      <trkpt lat="43.161098286509514" lon="-71.80542181245983">
        <ele>217.67</ele>
      </trkpt>
      <trkpt lat="43.16116995178163" lon="-71.80541996844113">
        <ele>216.51</ele>
      </trkpt>
      <trkpt lat="43.16118814051151" lon="-71.80541762150824">
        <ele>216.22</ele>
      </trkpt>
      <trkpt lat="43.16139995120466" lon="-71.80538996122777">
        <ele>212.68</ele>
      </trkpt>
      <trkpt lat="43.16154386848211" lon="-71.80536473169923">
        <ele>210.28</ele>
      </trkpt>
      <trkpt lat="43.16163313575089" lon="-71.8053490575403">
        <ele>208.82</ele>
      </trkpt>
      <trkpt lat="43.16176598891616" lon="-71.80532575584948">
        <ele>206.71</ele>
      </trkpt>
      <trkpt lat="43.16189892590046" lon="-71.80530245415866">
        <ele>204.72</ele>
      </trkpt>
      <trkpt lat="43.16196992062032" lon="-71.80528996512294">
        <ele>203.73</ele>
      </trkpt>
      <trkpt lat="43.161988109350204" lon="-71.80528619326651">
        <ele>203.48</ele>
      </trkpt>
      <trkpt lat="43.162475265562534" lon="-71.80518418550491">
        <ele>196.94</ele>
      </trkpt>
      <trkpt lat="43.162784641608596" lon="-71.80511947721243">
        <ele>192.85</ele>
      </trkpt>
      <trkpt lat="43.162829987704754" lon="-71.80510992184281">
        <ele>192.21</ele>
      </trkpt>
      <trkpt lat="43.16287365742028" lon="-71.80510162375867">
        <ele>191.61</ele>
      </trkpt>
      <trkpt lat="43.1629173271358" lon="-71.80509332567453">
        <ele>190.96</ele>
      </trkpt>
      <trkpt lat="43.16300634294748" lon="-71.80507639423013">
        <ele>189.58</ele>
      </trkpt>
      <trkpt lat="43.1630954425782" lon="-71.80505937896669">
        <ele>188.12</ele>
      </trkpt>
      <trkpt lat="43.16324992105365" lon="-71.80502995848656">
        <ele>185.49</ele>
      </trkpt>
      <trkpt lat="43.163272803649306" lon="-71.8050327245146">
        <ele>185.11</ele>
      </trkpt>
      <trkpt lat="43.163451086729765" lon="-71.80505434982479">
        <ele>181.96</ele>
      </trkpt>
      <trkpt lat="43.16349592991173" lon="-71.80505979806185">
        <ele>181.2</ele>
      </trkpt>
      <trkpt lat="43.16353976726532" lon="-71.80506507866085">
        <ele>180.47</ele>
      </trkpt>
      <trkpt lat="43.16357991658151" lon="-71.80506994016469">
        <ele>179.84</ele>
      </trkpt>
      <trkpt lat="43.163628783077" lon="-71.80508217774332">
        <ele>179.08</ele>
      </trkpt>
      <trkpt lat="43.163739927113056" lon="-71.80510992184281">
        <ele>179.04</ele>
      </trkpt>
      <trkpt lat="43.163879569619894" lon="-71.80519633926451">
        <ele>178.99</ele>
      </trkpt>
      <trkpt lat="43.163949977606535" lon="-71.805239925161">
        <ele>178.91</ele>
      </trkpt>
      <trkpt lat="43.16398995928466" lon="-71.80504906922579">
        <ele>178.78</ele>
      </trkpt>
      <trkpt lat="43.16401460207999" lon="-71.80493172258139">
        <ele>178.76</ele>
      </trkpt>
      <trkpt lat="43.16402725875378" lon="-71.80487128905952">
        <ele>178.78</ele>
      </trkpt>
      <trkpt lat="43.164038909599185" lon="-71.80481563322246">
        <ele>178.83</ele>
      </trkpt>
      <trkpt lat="43.16405131481588" lon="-71.80475637316704">
        <ele>178.92</ele>
      </trkpt>
      <trkpt lat="43.164063803851604" lon="-71.80469711311162">
        <ele>179.04</ele>
      </trkpt>
      <trkpt lat="43.164079980924726" lon="-71.80461999960244">
        <ele>179.26</ele>
      </trkpt>
      <trkpt lat="43.16408417187631" lon="-71.80457859300077">
        <ele>179.38</ele>
      </trkpt>
      <trkpt lat="43.16409649327397" lon="-71.80445772595704">
        <ele>179.82</ele>
      </trkpt>
      <trkpt lat="43.16410261206329" lon="-71.80439787916839">
        <ele>180.07</ele>
      </trkpt>
      <trkpt lat="43.164108730852604" lon="-71.80433803237975">
        <ele>180.36</ele>
      </trkpt>
      <trkpt lat="43.16411493346095" lon="-71.80427701212466">
        <ele>180.69</ele>
      </trkpt>
      <trkpt lat="43.164121052250266" lon="-71.80421716533601">
        <ele>181.06</ele>
      </trkpt>
      <trkpt lat="43.16412725485861" lon="-71.80415606126189">
        <ele>181.47</ele>
      </trkpt>
      <trkpt lat="43.16412993706763" lon="-71.80412999354303">
        <ele>181.66</ele>
      </trkpt>
      <trkpt lat="43.16413194872439" lon="-71.80409604683518">
        <ele>181.92</ele>
      </trkpt>
      <trkpt lat="43.16414284519851" lon="-71.80391415953636">
        <ele>183.37</ele>
      </trkpt>
      <trkpt lat="43.16415013745427" lon="-71.80379253812134">
        <ele>184.29</ele>
      </trkpt>
      <trkpt lat="43.164157345891" lon="-71.80367083288729">
        <ele>185.15</ele>
      </trkpt>
      <trkpt lat="43.16416463814676" lon="-71.80354921147227">
        <ele>185.98</ele>
      </trkpt>
      <trkpt lat="43.164169918745756" lon="-71.8034599442035">
        <ele>186.55</ele>
      </trkpt>
      <trkpt lat="43.164170421659946" lon="-71.80342742241919">
        <ele>186.76</ele>
      </trkpt>
      <trkpt lat="43.16417117603123" lon="-71.80336707271636">
        <ele>187.11</ele>
      </trkpt>
      <trkpt lat="43.16417201422155" lon="-71.80330538190901">
        <ele>187.43</ele>
      </trkpt>
      <trkpt lat="43.164172852411866" lon="-71.80324503220618">
        <ele>187.71</ele>
      </trkpt>
      <trkpt lat="43.16417360678315" lon="-71.80318459868431">
        <ele>187.96</ele>
      </trkpt>
      <trkpt lat="43.164175199344754" lon="-71.80306624621153">
        <ele>188.08</ele>
      </trkpt>
      <trkpt lat="43.16417603753507" lon="-71.80300581268966">
        <ele>188.09</ele>
      </trkpt>
      <trkpt lat="43.16417679190636" lon="-71.80294663645327">
        <ele>188.06</ele>
      </trkpt>
      <trkpt lat="43.164177630096674" lon="-71.80288746021688">
        <ele>187.99</ele>
      </trkpt>
      <trkpt lat="43.16417838446796" lon="-71.80282711051404">
        <ele>187.88</ele>
      </trkpt>
      <trkpt lat="43.16417922265828" lon="-71.80276793427765">
        <ele>187.73</ele>
      </trkpt>
      <trkpt lat="43.16417997702956" lon="-71.8027099315077">
        <ele>187.54</ele>
      </trkpt>
      <trkpt lat="43.16417997702956" lon="-71.80270750075579">
        <ele>187.54</ele>
      </trkpt>
      <trkpt lat="43.16417997702956" lon="-71.8026483245194">
        <ele>187.33</ele>
      </trkpt>
      <trkpt lat="43.16417997702956" lon="-71.80234992876649">
        <ele>186.05</ele>
      </trkpt>
      <trkpt lat="43.16417997702956" lon="-71.8022907525301">
        <ele>185.82</ele>
      </trkpt>
      <trkpt lat="43.16417997702956" lon="-71.80224993266165">
        <ele>185.68</ele>
      </trkpt>
      <trkpt lat="43.16417394205928" lon="-71.802171561867">
        <ele>185.42</ele>
      </trkpt>
      <trkpt lat="43.164169332012534" lon="-71.80211154744029">
        <ele>185.25</ele>
      </trkpt>
      <trkpt lat="43.16416027955711" lon="-71.80199378170073">
        <ele>184.96</ele>
      </trkpt>
      <trkpt lat="43.164155669510365" lon="-71.80193376727402">
        <ele>184.83</ele>
      </trkpt>
      <trkpt lat="43.16413287073374" lon="-71.8016382213682">
        <ele>184.34</ele>
      </trkpt>
      <trkpt lat="43.16411920823157" lon="-71.80146044120193">
        <ele>184.12</ele>
      </trkpt>
      <trkpt lat="43.16410998813808" lon="-71.80133999325335">
        <ele>184.0</ele>
      </trkpt>
      <trkpt lat="43.16410428844392" lon="-71.80128282867372">
        <ele>183.95</ele>
      </trkpt>
      <trkpt lat="43.164086854085326" lon="-71.80110563524067">
        <ele>183.83</ele>
      </trkpt>
      <trkpt lat="43.16407495178282" lon="-71.80098468437791">
        <ele>183.86</ele>
      </trkpt>
      <trkpt lat="43.16406900063157" lon="-71.80092483758926">
        <ele>183.85</ele>
      </trkpt>
      <trkpt lat="43.16406313329935" lon="-71.80086499080062">
        <ele>183.83</ele>
      </trkpt>
      <trkpt lat="43.16405709832907" lon="-71.8008038867265">
        <ele>183.77</ele>
      </trkpt>
      <trkpt lat="43.16405123099685" lon="-71.80074395611882">
        <ele>183.69</ele>
      </trkpt>
      <trkpt lat="43.164045279845595" lon="-71.80068410933018">
        <ele>183.56</ele>
      </trkpt>
      <trkpt lat="43.1640399992466" lon="-71.80062996223569">
        <ele>183.38</ele>
      </trkpt>
      <trkpt lat="43.164038909599185" lon="-71.80062308907509">
        <ele>183.38</ele>
      </trkpt>
      <trkpt lat="43.16403019241989" lon="-71.8005639128387">
        <ele>183.14</ele>
      </trkpt>
      <trkpt lat="43.16402139142156" lon="-71.8005047366023">
        <ele>182.86</ele>
      </trkpt>
      <trkpt lat="43.16401242278516" lon="-71.80044430308044">
        <ele>182.52</ele>
      </trkpt>
      <trkpt lat="43.164003705605865" lon="-71.80038504302502">
        <ele>182.15</ele>
      </trkpt>
      <trkpt lat="43.16398593597114" lon="-71.80026543326676">
        <ele>181.31</ele>
      </trkpt>
      <trkpt lat="43.16395995207131" lon="-71.80008991621435">
        <ele>179.99</ele>
      </trkpt>
      <trkpt lat="43.1639588624239" lon="-71.80002612993121">
        <ele>179.52</ele>
      </trkpt>
      <trkpt lat="43.163957856595516" lon="-71.79996578022838">
        <ele>179.1</ele>
      </trkpt>
      <trkpt lat="43.16395567730069" lon="-71.7998437397182">
        <ele>178.34</ele>
      </trkpt>
      <trkpt lat="43.16395366564393" lon="-71.7997229564935">
        <ele>177.66</ele>
      </trkpt>
      <trkpt lat="43.16395157016814" lon="-71.7996021732688">
        <ele>177.03</ele>
      </trkpt>
      <trkpt lat="43.163950480520725" lon="-71.79954048246145">
        <ele>176.74</ele>
      </trkpt>
      <trkpt lat="43.163949977606535" lon="-71.79950997233391">
        <ele>176.61</ele>
      </trkpt>
      <trkpt lat="43.163956766948104" lon="-71.79941894486547">
        <ele>176.26</ele>
      </trkpt>
      <trkpt lat="43.163961209356785" lon="-71.79935884661973">
        <ele>176.05</ele>
      </trkpt>
      <trkpt lat="43.16396581940353" lon="-71.79929749108851">
        <ele>175.87</ele>
      </trkpt>
      <trkpt lat="43.16397470422089" lon="-71.79917729459703">
        <ele>175.55</ele>
      </trkpt>
      <trkpt lat="43.163979230448604" lon="-71.79911719635129">
        <ele>175.41</ele>
      </trkpt>
      <trkpt lat="43.16398828290403" lon="-71.79899574257433">
        <ele>175.16</ele>
      </trkpt>
      <trkpt lat="43.164006220176816" lon="-71.7987540923059">
        <ele>174.76</ele>
      </trkpt>
      <trkpt lat="43.16401996649802" lon="-71.79856994189322">
        <ele>174.47</ele>
      </trkpt>
      <trkpt lat="43.16409012302756" lon="-71.79815830662847">
        <ele>173.81</ele>
      </trkpt>
      <trkpt lat="43.164104875177145" lon="-71.79807188920677">
        <ele>173.85</ele>
      </trkpt>
      <trkpt lat="43.16413538530469" lon="-71.79789301939309">
        <ele>173.36</ele>
      </trkpt>
      <trkpt lat="43.16415592096746" lon="-71.79777290672064">
        <ele>173.08</ele>
      </trkpt>
      <trkpt lat="43.1641761213541" lon="-71.79765405133367">
        <ele>172.84</ele>
      </trkpt>
      <trkpt lat="43.16420663148165" lon="-71.79747518151999">
        <ele>172.54</ele>
      </trkpt>
      <trkpt lat="43.16423999145627" lon="-71.79727996699512">
        <ele>172.07</ele>
      </trkpt>
      <trkpt lat="43.16430998034775" lon="-71.79701996035874">
        <ele>171.42</ele>
      </trkpt>
      <trkpt lat="43.16431023180485" lon="-71.79701928980649">
        <ele>171.42</ele>
      </trkpt>
      <trkpt lat="43.16438022069633" lon="-71.7968684155494">
        <ele>171.05</ele>
      </trkpt>
      <trkpt lat="43.16445012576878" lon="-71.79671754129231">
        <ele>170.73</ele>
      </trkpt>
      <trkpt lat="43.16449999809265" lon="-71.79660991765559">
        <ele>170.53</ele>
      </trkpt>
      <trkpt lat="43.164526065811515" lon="-71.79657152853906">
        <ele>170.46</ele>
      </trkpt>
      <trkpt lat="43.1646444182843" lon="-71.79639735259116">
        <ele>170.16</ele>
      </trkpt>
      <trkpt lat="43.16470384597778" lon="-71.79630984552205">
        <ele>170.06</ele>
      </trkpt>
      <trkpt lat="43.16479277797043" lon="-71.79617908783257">
        <ele>169.98</ele>
      </trkpt>
      <trkpt lat="43.16485220566392" lon="-71.79609158076346">
        <ele>170.26</ele>
      </trkpt>
      <trkpt lat="43.16494113765657" lon="-71.79596073925495">
        <ele>170.75</ele>
      </trkpt>
      <trkpt lat="43.16502998583019" lon="-71.79582998156548">
        <ele>171.29</ele>
      </trkpt>
      <trkpt lat="43.1650292314589" lon="-71.79582914337516">
        <ele>171.29</ele>
      </trkpt>
      <trkpt lat="43.164787497371435" lon="-71.79557441733778">
        <ele>172.62</ele>
      </trkpt>
      <trkpt lat="43.16468414850533" lon="-71.79546545259655">
        <ele>173.13</ele>
      </trkpt>
      <trkpt lat="43.164659924805164" lon="-71.7954399716109">
        <ele>173.24</ele>
      </trkpt>
      <trkpt lat="43.16457820124924" lon="-71.79536118172109">
        <ele>173.61</ele>
      </trkpt>
      <trkpt lat="43.1644715834409" lon="-71.79525833576918">
        <ele>174.66</ele>
      </trkpt>
      <trkpt lat="43.16440025344491" lon="-71.79518952034414">
        <ele>175.39</ele>
      </trkpt>
      <trkpt lat="43.16432883962989" lon="-71.7951207049191">
        <ele>176.16</ele>
      </trkpt>
      <trkpt lat="43.164186934009194" lon="-71.79498382844031">
        <ele>177.76</ele>
      </trkpt>
      <trkpt lat="43.164099929854274" lon="-71.79489992558956">
        <ele>177.95</ele>
      </trkpt>
      <trkpt lat="43.16408568061888" lon="-71.79487980902195">
        <ele>177.99</ele>
      </trkpt>
      <trkpt lat="43.16405626013875" lon="-71.79483823478222">
        <ele>178.05</ele>
      </trkpt>
      <trkpt lat="43.163997335359454" lon="-71.79475508630276">
        <ele>178.13</ele>
      </trkpt>
      <trkpt lat="43.163937823846936" lon="-71.79467101581395">
        <ele>178.17</ele>
      </trkpt>
      <trkpt lat="43.163929944857955" lon="-71.79465995170176">
        <ele>178.16</ele>
      </trkpt>
      <trkpt lat="43.16384855657816" lon="-71.7948804795742">
        <ele>178.12</ele>
      </trkpt>
      <trkpt lat="43.16384855657816" lon="-71.7948804795742">
        <ele>178.64</ele>
      </trkpt>
      <trkpt lat="43.16373439505696" lon="-71.79518960416317">
        <ele>180.69</ele>
      </trkpt>
      <trkpt lat="43.163689970970154" lon="-71.79530996829271">
        <ele>181.36</ele>
      </trkpt>
      <trkpt lat="43.16366289742291" lon="-71.79529806599021">
        <ele>181.56</ele>
      </trkpt>
      <trkpt lat="43.16354211419821" lon="-71.7952451761812">
        <ele>182.63</ele>
      </trkpt>
      <trkpt lat="43.163421330973506" lon="-71.79519220255315">
        <ele>183.64</ele>
      </trkpt>
      <trkpt lat="43.163300547748804" lon="-71.79513922892511">
        <ele>184.9</ele>
      </trkpt>
      <trkpt lat="43.16317465156317" lon="-71.79508407600224">
        <ele>185.35</ele>
      </trkpt>
      <trkpt lat="43.16304783336818" lon="-71.79502850398421">
        <ele>185.96</ele>
      </trkpt>
      <trkpt lat="43.162959991022944" lon="-71.79498994722962">
        <ele>186.87</ele>
      </trkpt>
      <trkpt lat="43.16292755305767" lon="-71.79502389393747">
        <ele>187.28</ele>
      </trkpt>
      <trkpt lat="43.162821773439646" lon="-71.7951347026974">
        <ele>188.18</ele>
      </trkpt>
      <trkpt lat="43.162716748192906" lon="-71.79524475708604">
        <ele>189.05</ele>
      </trkpt>
      <trkpt lat="43.16261096857488" lon="-71.79535556584597">
        <ele>190.35</ele>
      </trkpt>
      <trkpt lat="43.16232992336154" lon="-71.79564993828535">
        <ele>190.35</ele>
      </trkpt>
    </trkseg>
  </trk>
</gpx>